record_id,true_label,predicted_label,attack_probability
1,attack,attack,0.0002084438625777042
2,attack,attack,0.0007768451894628937
3,normal,normal,0.9688978595635056
4,attack,attack,0.03394433251459364
5,attack,normal,0.9902753238786108
6,normal,normal,0.995120963251734
7,normal,normal,0.6409551895057434
8,attack,normal,0.9987860323277471
9,normal,normal,0.9937568985674623
10,attack,normal,0.9999999688664171
11,attack,normal,0.9967143874105701
12,normal,normal,0.9648423586723267
13,attack,attack,0.001186998762375228
14,attack,attack,0.07238745965799172
15,normal,normal,0.9953531154981918
16,normal,normal,0.9973135601521433
17,normal,normal,0.9884183065762169
18,normal,normal,0.9975931790919652
19,normal,attack,0.003723821599283966
20,attack,attack,0.0003851809209789849
21,attack,attack,0.011809079967178596
22,attack,attack,0.077320003370543
23,normal,normal,0.9892319684821078
24,normal,normal,0.9973826577687073
25,attack,attack,0.006810590261560457
26,attack,attack,5.091966091631917e-05
27,normal,normal,0.9930883634548865
28,normal,normal,0.990308692205605
29,attack,attack,0.00037731196113216227
30,normal,attack,0.005790985805311487
31,attack,attack,0.05007417335704397
32,normal,normal,0.9840429606583219
33,normal,normal,0.9978932444847445
34,normal,attack,0.0056449075163538445
35,attack,attack,3.268845553299776e-06
36,attack,attack,0.010767832607091275
37,normal,normal,0.989844174896811
38,attack,normal,0.8869432269197572
39,normal,normal,0.9996878372850101
40,normal,normal,0.9865033283538591
41,attack,attack,3.563927131028592e-07
42,normal,normal,0.9979816773112025
43,normal,normal,0.996502172573903
44,normal,normal,0.9841322059714704
45,attack,attack,0.000505627943250529
46,normal,normal,0.9894314167758462
47,attack,attack,2.95214184540552e-07
48,attack,normal,0.9474541329053997
49,attack,attack,0.10655697285735163
50,normal,normal,0.7766176347213635
51,normal,normal,0.9793996881118391
52,normal,normal,0.9904783209137479
53,attack,attack,0.001271997322234937
54,attack,attack,0.0002796301772843668
55,attack,normal,0.9999995529634893
56,normal,normal,0.9981070163391941
57,attack,attack,0.0009032535368388585
58,attack,normal,0.610272062884121
59,attack,normal,0.9992207347313382
60,normal,normal,0.9902067051363533
61,attack,normal,0.9989983866562597
62,attack,normal,0.774377582844639
63,normal,normal,0.9839163257422373
64,normal,normal,0.988801840633937
65,attack,attack,0.006210543134592727
66,normal,normal,0.9876679888032246
67,attack,normal,0.9936764110881406
68,attack,attack,0.0017253010163381002
69,attack,attack,0.0009023082640879455
70,normal,normal,0.9890090560287844
71,attack,attack,0.0002822199086446198
72,normal,normal,0.9953612429958778
73,normal,normal,0.9979016613319716
74,normal,normal,0.9964807285459992
75,attack,attack,0.0010076912345230063
76,normal,normal,0.997928417405786
77,normal,normal,0.9970891392465124
78,attack,normal,0.9989866533098043
79,normal,normal,0.9977595616119352
80,normal,normal,0.9869644850310817
81,attack,attack,0.00014407747938315041
82,attack,attack,0.00018794501277898514
83,attack,attack,7.083965755905654e-05
84,normal,normal,0.9962742509228865
85,normal,normal,0.988171679584789
86,normal,normal,0.9959814163890728
87,attack,attack,0.04695783894259531
88,attack,attack,0.3339574114527211
89,normal,normal,0.9906701515728379
90,normal,normal,0.9926069522486702
91,normal,normal,0.9974515198215584
92,normal,normal,0.9901975041047448
93,attack,attack,0.0014390251645551833
94,attack,normal,0.9956072620046292
95,attack,normal,0.9990539760611341
96,normal,normal,0.9958325299401037
97,normal,normal,0.9969842000109325
98,normal,normal,0.9998264610869114
99,attack,attack,6.216082192872385e-05
100,attack,attack,0.00020270614262533288
101,attack,attack,4.1265791421289655e-09
102,attack,normal,0.9999999704692479
103,attack,attack,0.00023542494233181425
104,attack,attack,0.001992368643636838
105,normal,normal,0.9951122659238157
106,attack,attack,0.00018532698787289634
107,attack,normal,0.990553518965335
108,normal,normal,0.9969991664074053
109,attack,attack,0.001401481987576505
110,normal,normal,0.9974036503981767
111,normal,normal,0.9788190832469693
112,attack,attack,0.00023785802435871752
113,attack,normal,0.9990009695149813
114,attack,normal,0.9988906423282919
115,normal,normal,0.9835475687071744
116,attack,attack,6.895124027126539e-08
117,normal,normal,0.9873847351280397
118,attack,attack,0.07873014558637353
119,attack,attack,0.00029753676281965043
120,attack,normal,0.934710561067486
121,normal,normal,0.9969553265325194
122,attack,attack,0.0015414080666246994
123,attack,attack,4.331035959475589e-05
124,attack,attack,0.001105165646162351
125,normal,normal,0.9215784024980932
126,normal,normal,0.9991254645136829
127,attack,normal,0.9988048606586667
128,attack,attack,0.00020269676373938227
129,normal,normal,0.9887960369385601
130,normal,normal,0.999816690493096
131,normal,normal,0.9998765065713079
132,normal,normal,0.9760349894975932
133,attack,normal,0.9864553487351565
134,normal,normal,0.9965880470338175
135,attack,normal,0.9932577316145883
136,normal,normal,0.9897722443574395
137,attack,attack,0.0003108090204195969
138,attack,normal,0.9372484556260033
139,attack,attack,0.0063083451724226915
140,normal,normal,0.9894615859798207
141,normal,normal,0.9964076894929367
142,normal,normal,0.9998208435892852
143,attack,attack,0.0009482570396788552
144,attack,attack,0.00010244173816456069
145,attack,attack,0.0436072381858524
146,attack,attack,0.02557313738335738
147,attack,normal,0.5800308067760809
148,attack,attack,0.0013598210456031538
149,normal,normal,0.9933857618066707
150,attack,normal,0.9965026003599935
151,attack,normal,0.978393430007635
152,attack,attack,1.3783568266251937e-07
153,attack,attack,0.0002699667734441832
154,attack,normal,0.9966513902918837
155,normal,normal,0.9927175642837452
156,attack,attack,0.00011419091410856098
157,attack,normal,0.973754489999583
158,attack,attack,0.00044842766006230044
159,attack,attack,3.1468148117426198e-06
160,attack,attack,1.5259575818324263e-07
161,attack,attack,8.798510390464833e-05
162,attack,attack,7.896858586236177e-07
163,attack,attack,0.0019495827206827418
164,attack,attack,8.427836918269324e-06
165,attack,normal,0.9999998438961338
166,attack,attack,6.6849306238683985e-06
167,attack,attack,1.0238364362106601e-07
168,attack,normal,0.9999995987742372
169,normal,normal,0.9962577927845021
170,attack,attack,2.583292168615222e-07
171,attack,normal,0.9992042679094407
172,normal,normal,0.9934185338755107
173,attack,attack,0.00014334979089573237
174,attack,attack,0.00011384374230763539
175,attack,attack,0.043431708452523046
176,normal,normal,0.989293264512117
177,attack,attack,1.8693950990308508e-06
178,attack,attack,0.00239467788539982
179,attack,normal,0.9959402417606431
180,normal,normal,0.9947116106221017
181,attack,attack,0.017995405516201806
182,normal,normal,0.9997797838335672
183,normal,normal,0.8955840003686958
184,normal,normal,0.9888944470277102
185,normal,normal,0.9995889377350186
186,attack,normal,0.9989572034161338
187,attack,attack,0.0006405144166603688
188,attack,attack,0.0011039938663660335
189,normal,normal,0.9991776798478267
190,attack,attack,0.001135014569782985
191,normal,normal,0.9871201852675618
192,attack,normal,0.9992349377058084
193,attack,attack,0.0019276022478197845
194,normal,normal,0.9965784803046411
195,normal,normal,0.9961442270202825
196,normal,normal,0.9996676286453606
197,normal,normal,0.9999980708034729
198,attack,normal,0.9999999719344171
199,attack,attack,0.0018897422023512005
200,attack,normal,0.8995977455440433
201,attack,normal,0.9904272674615667
202,normal,normal,0.9959792231662734
203,attack,attack,0.016821210732966264
204,normal,normal,0.9872745671621144
205,normal,normal,0.990268267479263
206,attack,attack,0.002520760899649947
207,attack,attack,0.0007309934463958298
208,attack,normal,0.8917051873525742
209,normal,normal,0.9906060602900586
210,normal,normal,0.988249152657117
211,attack,attack,0.02540917897093314
212,attack,normal,0.8153244217497939
213,normal,normal,0.9978520060472057
214,normal,normal,0.99245838749985
215,normal,normal,0.7385258801268382
216,attack,attack,0.20726252752704516
217,normal,normal,0.9881617228983156
218,normal,normal,0.995329379591953
219,normal,normal,0.9978425763932365
220,attack,normal,0.9364835482921754
221,normal,normal,0.9977475738973117
222,normal,normal,0.9909422303897124
223,normal,attack,0.030052000087707576
224,attack,attack,0.00031407044114621207
225,normal,normal,0.9973396077421676
226,attack,normal,0.8987683917649503
227,normal,normal,0.9867970247956013
228,attack,attack,1.183888910323341e-06
229,normal,normal,0.9993514186914347
230,normal,normal,0.9865916684045537
231,normal,attack,0.0067163055622987975
232,attack,normal,0.6164119486079829
233,attack,normal,0.8511535835786354
234,normal,normal,0.8292720139916224
235,attack,attack,0.11492318683007294
236,attack,attack,3.431228085745307e-05
237,attack,attack,0.02201625646919466
238,normal,attack,0.005813315689043437
239,attack,attack,0.044149757309029605
240,attack,normal,0.8081507448448748
241,normal,normal,0.9837341545496734
242,normal,normal,0.9998517961949009
243,attack,attack,0.05744100276841051
244,attack,attack,0.0013077778863951034
245,attack,attack,6.164539680689145e-07
246,normal,normal,0.9767147507267471
247,attack,normal,0.9999968478018325
248,attack,attack,8.148869406431107e-08
249,attack,attack,7.265898133419182e-07
250,normal,normal,0.9967915698823439
251,normal,normal,0.9959544420319553
252,normal,normal,0.9869106005258936
253,attack,normal,0.9968650736883174
254,normal,normal,0.8929906710669222
255,attack,attack,2.0647383639481507e-07
256,attack,attack,0.0012634628267029484
257,attack,attack,0.1727032786031064
258,normal,normal,0.9918734815471845
259,attack,normal,0.9999977558644342
260,normal,normal,0.9907591148675214
261,normal,normal,0.9888759839706613
262,attack,normal,0.9919651204307436
263,normal,normal,0.9930658204716385
264,attack,attack,0.00037500167662204645
265,attack,attack,0.010048283872254328
266,attack,attack,3.5298565980286994e-08
267,attack,normal,0.9999999709067591
268,normal,normal,0.9998573078296421
269,normal,normal,0.9912659364569705
270,attack,attack,0.010943386572646562
271,attack,attack,0.003033822451973043
272,normal,normal,0.9906085751486827
273,attack,attack,1.315345448988733e-07
274,attack,attack,7.094182533443104e-06
275,attack,attack,0.0011372866803279556
276,normal,attack,0.006156666488977719
277,attack,normal,0.9969897049337839
278,normal,normal,0.9978560248788618
279,attack,attack,3.329537726087925e-05
280,attack,attack,0.000350024978136441
281,normal,normal,0.9106175547220887
282,attack,normal,0.9866480793837212
283,attack,normal,0.8139724055375164
284,attack,attack,0.0001994491139329347
285,attack,attack,6.9575002206429135e-06
286,normal,normal,0.9848501241088335
287,attack,normal,0.9999968701514628
288,attack,attack,0.00019842366090667008
289,normal,normal,0.9662172212976253
290,attack,normal,0.7152957589777
291,normal,normal,0.989279743328367
292,attack,normal,0.9970400513146092
293,attack,normal,0.7357516825992638
294,normal,normal,0.9984258588467645
295,normal,normal,0.9948907571665739
296,normal,attack,0.0037094751329631976
297,attack,normal,0.5015771708013057
298,normal,normal,0.992134764752383
299,attack,attack,0.0009144447880310396
300,normal,normal,0.9738430605536585
301,attack,attack,0.00026275633723368776
302,attack,normal,0.9955137940870264
303,normal,normal,0.8106214942719095
304,attack,normal,0.9648795815721131
305,normal,attack,0.058504979360029366
306,normal,normal,0.990657423567315
307,attack,attack,0.0009367931366556131
308,attack,normal,0.9999998143765669
309,attack,attack,0.0001939749873322809
310,attack,attack,0.00014098820149350934
311,attack,attack,0.0012535176014157644
312,normal,normal,0.9972602844294415
313,normal,attack,0.004020569730728609
314,normal,normal,0.9887773323493654
315,normal,normal,0.9940911218630825
316,attack,attack,0.00033044251740162856
317,attack,normal,0.9972710554407607
318,normal,normal,0.995159234381982
319,attack,attack,0.0014152752000784511
320,normal,normal,0.9976804268959082
321,normal,normal,0.9974130373350808
322,normal,normal,0.9958283268564567
323,normal,normal,0.9937269506312247
324,attack,attack,0.0011264598446961709
325,normal,normal,0.9864428803579981
326,attack,normal,0.691719260029347
327,attack,attack,0.06129834316465749
328,attack,normal,0.9976568572425519
329,attack,attack,0.016215950749791548
330,attack,attack,0.0001430412543167704
331,attack,attack,0.030735098518475047
332,normal,attack,0.0011583762236687702
333,attack,attack,0.00031827712455876717
334,normal,normal,0.9993858706412453
335,attack,attack,0.016121029664680667
336,normal,normal,0.9952711163215731
337,normal,normal,0.9893341273548648
338,normal,attack,0.00579100353813948
339,attack,attack,0.00019824878364998517
340,attack,attack,0.0004406489187636933
341,attack,normal,0.9967324375932185
342,attack,attack,0.07530836899162975
343,normal,normal,0.9953685140593804
344,normal,normal,0.9993191604184748
345,attack,normal,0.92601642758264
346,attack,attack,0.002615479098132787
347,attack,normal,0.8891166393125668
348,attack,attack,0.06712790206946209
349,attack,normal,0.9912441345465871
350,normal,normal,0.9998492802218891
351,attack,attack,3.090857367964897e-07
352,attack,attack,0.0012616158784686151
353,attack,normal,0.9990725291868706
354,normal,normal,0.9873792966375979
355,normal,normal,0.9938392985100684
356,attack,normal,0.9990408787474134
357,normal,normal,0.9904893711392384
358,normal,normal,0.9997473430188423
359,normal,attack,0.00671630843239518
360,attack,attack,0.0010874266887681598
361,normal,normal,0.9971464899963708
362,normal,normal,0.9862838256099322
363,attack,attack,0.0015575709768998706
364,normal,normal,0.9966307824081101
365,normal,normal,0.9898937642761804
366,normal,normal,0.999207156383407
367,normal,attack,0.0034953677661040124
368,attack,attack,5.7431091187640636e-05
369,normal,normal,0.985694780723936
370,attack,normal,0.9371105243239902
371,normal,normal,0.9998691253256359
372,attack,attack,0.0001532534692146049
373,attack,normal,0.9555999999270289
374,normal,normal,0.9355274463961804
375,normal,normal,0.9900124609500858
376,attack,attack,0.0011683473060671295
377,attack,normal,0.9987731246895961
378,attack,normal,0.9964591602693682
379,attack,attack,0.0003558506486233038
380,normal,normal,0.9868511865394828
381,normal,normal,0.9874924783680823
382,attack,normal,0.9667002905578054
383,attack,attack,6.203147246618683e-07
384,attack,normal,0.9861941234522252
385,normal,normal,1.0
386,normal,normal,0.999485406443462
387,attack,attack,7.451869319959233e-05
388,normal,normal,0.9993312640954121
389,normal,normal,0.9783119224547804
390,normal,normal,0.9999997384633263
391,attack,normal,0.9929547416624116
392,normal,normal,0.9960744460344708
393,attack,attack,9.653035575123503e-05
394,attack,attack,0.0027760363972305336
395,normal,normal,0.9885506785296292
396,normal,normal,0.9976667707566709
397,attack,attack,0.27682195173299884
398,normal,normal,0.9899791124093621
399,normal,normal,0.9981363015715841
400,normal,attack,0.003532440470039721
401,attack,attack,3.6069481421954573e-07
402,normal,normal,0.9874066719090316
403,attack,normal,0.9903044023625502
404,attack,attack,0.03404230833944864
405,normal,normal,0.9972118254959256
406,attack,attack,0.0017651946039306684
407,normal,normal,0.9882339385850399
408,attack,normal,0.9346254705700576
409,attack,normal,0.9984273817997422
410,attack,attack,3.988870554823087e-07
411,normal,normal,0.9884131754347202
412,attack,attack,0.09389974264620801
413,normal,attack,0.005457385323584445
414,attack,attack,0.001068185611809431
415,normal,normal,0.9906067838182584
416,normal,normal,0.9973346264882408
417,attack,normal,0.9519767340982194
418,attack,attack,0.001092728205753675
419,attack,normal,0.9965399131951947
420,normal,normal,0.9991287013480368
421,attack,attack,2.2034818666788264e-06
422,normal,normal,0.9978269906754051
423,normal,normal,0.9979743236146613
424,attack,attack,0.001736382138531172
425,normal,normal,0.9582444672491526
426,normal,normal,0.8194054584546885
427,attack,attack,0.46247361822805527
428,normal,attack,0.0181642140215696
429,attack,attack,0.00018727731145924784
430,attack,normal,0.998270226024818
431,attack,attack,0.0018845017666030196
432,normal,normal,0.9946960477675125
433,attack,normal,0.9955073004427366
434,normal,attack,1.71151283744144e-08
435,attack,attack,0.34901601729386694
436,normal,normal,0.9972159062387934
437,normal,normal,0.9907980950393387
438,attack,attack,6.93837590890328e-09
439,normal,normal,0.7624453579854726
440,attack,normal,0.99871304056291
441,normal,normal,0.9906043440152964
442,normal,normal,0.9949387512357284
443,normal,normal,0.9970379454542687
444,normal,normal,0.9972608984698195
445,attack,attack,0.09281790855489032
446,normal,normal,0.9961400643051034
447,normal,normal,0.9987685998953467
448,normal,normal,0.9979587303129946
449,attack,normal,0.9327235252387278
450,attack,attack,1.999169391995061e-06
451,attack,normal,0.9911024679772873
452,attack,attack,0.011327044486116303
453,attack,attack,0.000239381498163114
454,normal,attack,0.0085957141518692
455,normal,normal,0.9998457698669073
456,normal,normal,0.996584437587512
457,attack,attack,0.0007725062514450457
458,attack,attack,1.8717960831804325e-05
459,attack,normal,0.7295262443557265
460,attack,normal,0.9990121709175298
461,normal,normal,0.9962793640582891
462,attack,attack,1.7490971817667465e-06
463,normal,normal,0.9979428982231487
464,normal,normal,0.9975381068652742
465,attack,attack,0.0024691080486739557
466,attack,attack,0.0006922191244517639
467,normal,normal,0.9907807082414821
468,normal,normal,0.9965805727074428
469,normal,normal,0.997361098600458
470,normal,attack,0.0545529953565355
471,attack,attack,0.0001455877727454556
472,attack,normal,0.9964749703700996
473,attack,normal,0.9989963124005298
474,attack,normal,0.9459425280002419
475,normal,normal,0.9893019290856264
476,normal,normal,0.9966511301206226
477,normal,attack,3.8493877341391406e-08
478,normal,attack,0.004055377192864487
479,attack,normal,0.9988103594485304
480,normal,normal,0.973022886348127
481,normal,normal,0.9980572804822698
482,attack,normal,0.7779178469169243
483,attack,normal,0.9450559217628005
484,normal,normal,0.9895700064789235
485,attack,attack,3.437787909009076e-08
486,attack,attack,0.0020069595550178724
487,attack,normal,0.9978546322508883
488,normal,normal,0.8669849407270723
489,attack,normal,0.5642773322232011
490,normal,normal,0.9998014763153931
491,normal,normal,0.9976152282495662
492,normal,normal,0.9970381913276893
493,attack,attack,9.605251933229109e-05
494,attack,attack,0.06485699541751132
495,attack,attack,0.00012235610799358882
496,normal,normal,0.7496194997413995
497,attack,attack,0.023509490324783194
498,normal,normal,0.9994157164672212
499,attack,attack,7.892132003229724e-06
500,normal,normal,0.9997427480184742
501,normal,normal,0.9957946138334892
502,attack,attack,4.325164461880033e-07
503,attack,normal,0.9925675748938273
504,attack,attack,0.0030518814065678104
505,attack,normal,0.9272999855758733
506,attack,attack,0.0050623987610682085
507,normal,normal,0.9922393358016073
508,attack,normal,0.9921957010720525
509,attack,attack,0.002413831544095021
510,attack,normal,0.9284023932786829
511,normal,normal,0.9972575758164921
512,normal,normal,0.9959278161858827
513,attack,normal,0.8393440002215435
514,attack,normal,0.9371105283563104
515,attack,attack,0.07796548183492986
516,attack,attack,0.058321556118721356
517,attack,attack,0.013345767778059597
518,attack,attack,0.03117111392724814
519,normal,normal,0.9904943686113329
520,attack,attack,0.0001452057142523942
521,attack,attack,0.0010846363041405814
522,normal,normal,0.9702323723432956
523,normal,normal,0.9978592360917778
524,normal,normal,0.9933924029483462
525,attack,normal,0.766558166717805
526,attack,normal,0.6743479069978532
527,attack,attack,1.6841516192551022e-06
528,normal,normal,0.9974496891836848
529,attack,normal,0.99691423704891
530,normal,normal,0.9856068920446688
531,attack,attack,8.472090482942045e-07
532,attack,normal,0.8964102640757381
533,attack,attack,0.1037862687857179
534,normal,normal,0.9937438721960584
535,attack,normal,0.9999994413046474
536,attack,attack,0.0011641952725850294
537,normal,normal,0.8273168200448923
538,normal,normal,0.9810703115289788
539,normal,normal,0.9998555299598979
540,normal,normal,0.9864157047001942
541,normal,normal,0.9939147279148344
542,attack,attack,0.005189670743264592
543,normal,normal,0.9947882864881471
544,normal,normal,0.9895538751272785
545,normal,normal,0.9864770385523794
546,attack,normal,0.9956059610310303
547,normal,normal,0.9981752700434972
548,attack,attack,0.00015823339035394754
549,attack,attack,0.006344970427395269
550,normal,normal,0.9907068625925337
551,normal,normal,0.9868214903275716
552,attack,attack,0.0001507568580118506
553,attack,attack,0.018077347029507473
554,normal,normal,0.977331330382914
555,normal,normal,0.9979283470662285
556,normal,attack,0.005410620031270141
557,normal,normal,0.9960940814171839
558,attack,attack,0.0005319694677524866
559,normal,normal,0.9875627876738282
560,normal,normal,0.9866524446153417
561,normal,normal,0.9904847349413648
562,normal,normal,0.9648188918428355
563,attack,attack,2.9877171058283304e-05
564,attack,attack,0.026672393522714586
565,attack,attack,0.4943991413836633
566,attack,attack,4.6644259868959413e-07
567,normal,normal,0.989122895314237
568,normal,normal,0.9997947798159627
569,attack,attack,0.0008605797496202224
570,normal,attack,0.0011357778120152742
571,normal,normal,0.9862110619407738
572,normal,normal,0.9063166949671139
573,normal,normal,0.9999383697805234
574,normal,normal,0.9955384298778442
575,attack,normal,0.7222097833123705
576,normal,normal,0.9873038359267002
577,attack,attack,0.10467599815364748
578,normal,normal,0.9937940819318818
579,normal,normal,0.994424810990213
580,normal,normal,0.9957852578319342
581,attack,attack,0.27470718400103744
582,normal,normal,0.9897125386998517
583,attack,attack,0.028432771299318614
584,attack,attack,0.0007030994295512284
585,attack,normal,0.8030773643693416
586,normal,normal,0.9898870830722896
587,attack,normal,0.9956203301529672
588,attack,normal,0.9999999725429664
589,attack,attack,0.0002948650666647429
590,attack,normal,0.9357344492815916
591,attack,attack,0.0015841294395405377
592,attack,normal,0.9969581980418617
593,normal,normal,0.997968932676416
594,attack,attack,0.02349720630211282
595,normal,attack,0.0042296102833828805
596,normal,normal,0.9996550640969623
597,normal,normal,0.9906695916441084
598,attack,attack,6.910923230304033e-08
599,normal,normal,0.9997766905720882
600,attack,attack,0.0055820057318694246
601,attack,normal,0.9967037062835078
602,attack,attack,5.5157718651255264e-08
603,normal,normal,0.986279179160978
604,attack,attack,0.013229257419623962
605,attack,attack,0.0003005703522319342
606,normal,normal,0.9932823200541511
607,attack,attack,0.12486625112640147
608,normal,normal,0.9603814485632106
609,attack,normal,0.8819480786205288
610,attack,attack,0.16273764485549355
611,attack,attack,0.00015240621494572046
612,attack,attack,0.0017927276940048848
613,attack,normal,0.9956352429470391
614,attack,attack,9.546173404158834e-08
615,normal,normal,0.996104106498121
616,attack,attack,2.2623727717670568e-05
617,attack,normal,0.9470571787051114
618,normal,normal,0.9968167299129747
619,attack,normal,0.7972689748727264
620,normal,normal,0.9903074382695598
621,attack,attack,9.514330638409254e-05
622,normal,normal,0.9861342789162613
623,attack,normal,0.8190788647976296
624,attack,attack,0.00024549625824323636
625,attack,normal,0.8110941658634788
626,attack,normal,0.9905639846850016
627,normal,normal,0.9998782840196856
628,attack,attack,0.0009222972252810011
629,attack,normal,0.8853086511019314
630,attack,normal,0.9992898198979585
631,attack,attack,0.0002701712915992396
632,attack,normal,0.9957519977497726
633,normal,normal,0.9977484414217673
634,attack,attack,0.02328320549142055
635,normal,normal,0.9976411205033191
636,attack,attack,2.759592455751823e-07
637,attack,normal,0.9880610078931635
638,attack,attack,0.0005626447219622129
639,normal,normal,0.9877533069296679
640,attack,attack,0.00019137355086106762
641,normal,attack,0.004055372118129139
642,attack,attack,0.0671100279574191
643,attack,normal,0.9982542593944932
644,attack,attack,0.015777218463694377
645,attack,attack,0.0014589614210344338
646,normal,attack,0.008049061201348963
647,attack,attack,1.0715434963858993e-07
648,attack,attack,0.21470138051673784
649,normal,normal,0.9978731218166339
650,normal,normal,0.9976906385734882
651,attack,attack,0.0008627085789085229
652,attack,attack,0.36090236223365213
653,normal,normal,0.9975286360562887
654,normal,normal,0.9894559795489514
655,normal,normal,0.980870029775487
656,normal,normal,0.9904190014931035
657,attack,normal,0.7248959049729513
658,attack,normal,0.9999994797594642
659,normal,normal,0.9967120492058317
660,normal,normal,0.9891523193819649
661,normal,normal,0.9897215559514213
662,attack,normal,0.9987883467982768
663,attack,normal,0.9999999709027689
664,normal,normal,0.9918126750337535
665,normal,normal,0.9898900587741065
666,normal,normal,0.9999997253167003
667,attack,attack,4.6392477698931e-06
668,attack,attack,3.525076830935135e-08
669,normal,normal,0.9981454406400567
670,normal,normal,0.994434179564154
671,attack,normal,0.9961451551598589
672,attack,attack,0.40662973652605133
673,normal,normal,0.9208420343736514
674,normal,attack,0.005343693332366856
675,normal,normal,0.9810317344526084
676,normal,normal,0.9980450401651125
677,normal,attack,0.006156668702755544
678,attack,normal,0.9995676174689697
679,normal,normal,0.9978795464054012
680,attack,normal,0.9707871545645383
681,normal,normal,0.9989859275841316
682,normal,normal,0.9875166543762639
683,attack,attack,1.9504911701482418e-07
684,attack,attack,0.07395099725750512
685,attack,attack,1.7254760046619945e-05
686,attack,normal,0.9348274607341994
687,attack,attack,0.023173053808197005
688,attack,attack,0.01730631317563393
689,normal,normal,0.987516208559363
690,attack,attack,0.0025406911524383756
691,normal,normal,0.9899060599695366
692,attack,attack,0.0026974877747769728
693,normal,normal,0.9868154886343482
694,normal,normal,0.9946311139439168
695,normal,normal,0.9953754941397508
696,attack,normal,0.9985333299240459
697,attack,attack,6.556333742446447e-07
698,normal,normal,0.788994954004087
699,attack,attack,0.000775184510617752
700,normal,normal,0.999652979105665
701,attack,attack,0.0004890677605092388
702,attack,normal,0.719890347931243
703,attack,attack,0.0009597053779034381
704,normal,normal,0.9972650715378305
705,normal,normal,0.9881377515461617
706,normal,normal,0.9972878077194097
707,attack,attack,9.726169667194779e-08
708,normal,normal,0.996306760468081
709,attack,attack,0.0015311441358111509
710,attack,attack,0.008883622925378414
711,normal,normal,0.9881513379337237
712,normal,normal,0.9970518724141475
713,attack,attack,0.0018447010243639501
714,attack,attack,0.00026120148330314525
715,attack,attack,2.2502241809898466e-07
716,attack,attack,0.011081492924434696
717,normal,normal,0.9868604178756873
718,attack,attack,0.0002899426327386982
719,attack,attack,0.017568410703809774
720,normal,normal,0.9812112062530489
721,normal,attack,8.005624803228636e-06
722,normal,attack,0.00535392024279343
723,normal,attack,0.004567039242319959
724,normal,normal,0.9963805923345194
725,attack,attack,6.571792632539312e-05
726,attack,attack,0.05832151102676919
727,attack,attack,0.012617468047822865
728,attack,attack,0.09823371831285445
729,normal,normal,0.9867150707973805
730,normal,normal,0.9867118517618525
731,normal,normal,0.9872716868339917
732,attack,attack,0.2963010813979832
733,attack,normal,0.934621937778145
734,normal,normal,0.9979182512748997
735,normal,normal,0.9953634084445041
736,attack,attack,0.0013602762859800408
737,normal,normal,0.9997531540598814
738,normal,attack,0.10786233394085822
739,attack,normal,0.8791096732579066
740,attack,attack,0.0009948753969084866
741,normal,normal,0.9910268647369308
742,attack,normal,0.9975438767058209
743,attack,normal,0.9476004803580222
744,normal,normal,0.9978187554659863
745,normal,normal,0.986127576807006
746,normal,normal,0.9993394704834256
747,normal,normal,0.9932005586991358
748,normal,normal,0.9877179438717678
749,attack,normal,0.9896169805080572
750,normal,normal,0.9908858605645077
751,attack,attack,0.007094523874585362
752,attack,attack,0.04583263928082481
753,attack,normal,0.9982955446869275
754,normal,attack,0.024734883125017964
755,attack,normal,0.9904157943640135
756,normal,normal,0.9895711373115463
757,normal,normal,0.9996957518209725
758,attack,normal,0.9999999194414801
759,attack,normal,0.7673963360282532
760,normal,normal,0.9882936673071894
761,normal,normal,0.9892233973439922
762,attack,normal,0.7201521791500228
763,normal,normal,0.9998675476461072
764,attack,attack,0.0001224564675507536
765,normal,normal,0.9994176882651683
766,attack,normal,0.9993952265341844
767,attack,attack,0.00023275450861127276
768,normal,normal,0.9996769296743047
769,normal,normal,0.9557296846429888
770,attack,attack,0.006262507539911933
771,attack,attack,4.7846375375433405e-08
772,normal,normal,0.9998520988162621
773,attack,normal,0.9966218159375336
774,attack,attack,0.03661224827175592
775,normal,normal,0.9743685357898695
776,normal,normal,0.9957343008895699
777,normal,normal,0.9876620496997693
778,attack,attack,0.0008965294356804973
779,attack,attack,0.00015582109903902652
780,normal,normal,0.9998800800323004
781,normal,normal,0.9976855852453878
782,attack,attack,0.001150986408860144
783,attack,attack,5.257981591821612e-08
784,normal,normal,0.997668890358493
785,normal,normal,0.995052526611713
786,normal,normal,0.9975543234109173
787,normal,normal,0.9181055019088447
788,attack,attack,0.019073997082641816
789,normal,normal,0.9816243920022458
790,attack,attack,0.004143586965804417
791,attack,attack,0.00636019797697897
792,normal,normal,0.9990632033382992
793,attack,normal,0.6879168854608156
794,normal,normal,0.9503533892424023
795,normal,normal,0.9973174173442625
796,normal,normal,0.9961384648389415
797,attack,normal,0.9982950891495935
798,normal,normal,0.9968606638875376
799,attack,attack,0.01602380858133216
800,attack,attack,0.07520760134231119
801,normal,normal,0.9874948461843619
802,attack,attack,0.0018092681386118153
803,normal,normal,0.9933029038198804
804,attack,attack,0.00020722123793191001
805,normal,normal,0.9978992799942427
806,attack,normal,0.998971613465099
807,normal,normal,0.9736669476367611
808,normal,normal,0.9902064697908636
809,attack,normal,0.9996491863602874
810,attack,attack,6.076871665425626e-05
811,attack,normal,0.7461146259923812
812,normal,normal,0.8683445849076998
813,attack,normal,0.99899863389694
814,normal,normal,0.9888361733367785
815,attack,attack,0.4877400258399521
816,attack,attack,0.48830034626204544
817,normal,normal,0.9975794038924984
818,normal,normal,0.9955630879551454
819,normal,normal,0.995264035332111
820,normal,normal,0.990604203952679
821,attack,attack,0.0005127238076720357
822,attack,attack,0.0008652395365157236
823,normal,normal,0.997166564899809
824,normal,normal,0.9960662646644098
825,normal,normal,0.9978094018813753
826,attack,attack,0.00010149706840134254
827,normal,normal,0.9941966850446728
828,normal,normal,0.9861674253687179
829,attack,attack,1.3949172298849037e-07
830,attack,attack,0.0016129087263639895
831,normal,normal,0.9854963757549605
832,normal,normal,0.9932817898771953
833,attack,normal,0.9345643973454514
834,normal,normal,0.8965508264076065
835,normal,normal,0.9943880239090129
836,attack,normal,0.8751551085142927
837,attack,normal,0.8546522751455328
838,normal,attack,0.006489271842071554
839,normal,normal,0.9998588695044667
840,attack,normal,0.9999998172766676
841,attack,attack,0.0001168308456360603
842,normal,normal,0.9915551269898175
843,normal,normal,0.9200753754508934
844,attack,attack,0.00024170840642246535
845,attack,normal,0.9870168036983363
846,attack,attack,0.016676069246148763
847,normal,normal,0.9869673388850793
848,normal,normal,0.9970050964712831
849,attack,normal,0.9999996569378613
850,normal,normal,0.9879899371927835
851,normal,normal,0.9997574828351166
852,attack,attack,0.0144398508042213
853,normal,normal,0.9995738567859596
854,attack,normal,0.9987640915694712
855,attack,attack,0.000493592288010428
856,attack,attack,0.0011546735436105313
857,attack,normal,0.9897323356278249
858,attack,attack,0.0012761937020503052
859,attack,attack,0.010082834130476706
860,attack,attack,5.966584264210504e-09
861,attack,normal,0.9999998712974557
862,attack,attack,0.0001309365863755965
863,attack,normal,0.8793499255387068
864,attack,attack,0.00011888685473017145
865,normal,normal,0.9359876156246338
866,attack,attack,0.04651215509383922
867,normal,normal,0.9962153181321707
868,normal,normal,0.9875473623770603
869,attack,normal,0.7810273405938312
870,normal,attack,0.03228963734569193
871,attack,normal,0.998926711628382
872,normal,normal,0.9961615231322642
873,attack,attack,0.001044178428306206
874,normal,normal,0.9808727973853623
875,attack,attack,0.00019698943156016592
876,normal,normal,0.9998137333455873
877,attack,normal,0.9990403203829679
878,attack,attack,0.0166174308108539
879,attack,attack,0.000895761872191315
880,attack,attack,2.3692715498495436e-07
881,normal,normal,0.9967561696440029
882,attack,attack,0.013116235795854938
883,attack,attack,4.7534563145096395e-07
884,normal,normal,0.9946457107454048
885,normal,normal,0.9972180709064132
886,normal,normal,0.9907074807300236
887,attack,attack,3.274837819973844e-08
888,attack,attack,0.06454395565108213
889,attack,attack,0.00023052950792643213
890,attack,attack,0.4827206186171259
891,normal,attack,0.061490583453863296
892,attack,attack,0.019105815460460626
893,normal,normal,0.9955386245112203
894,attack,attack,0.0032114691990864533
895,attack,normal,0.9989892625418841
896,attack,normal,0.9558796516761101
897,attack,attack,0.00031950586568878605
898,attack,attack,0.00011413690725767314
899,normal,normal,0.9894523552809276
900,normal,normal,0.9856027322050913
901,attack,attack,0.023172572523909453
902,attack,attack,0.0011120176693697815
903,normal,normal,0.9966365224087437
904,attack,attack,0.014267047306974973
905,attack,normal,0.9852984589333705
906,normal,normal,0.9948920709646164
907,normal,normal,0.9835946282024925
908,attack,attack,0.0002741004435685967
909,attack,normal,0.9999994575303016
910,attack,attack,0.0007303433656276477
911,normal,normal,0.9980022955847587
912,attack,attack,0.0027020895293999123
913,normal,normal,0.9970446793139277
914,normal,normal,0.997638977742764
915,attack,attack,0.0019107192980246373
916,normal,normal,0.9825497874744256
917,attack,normal,0.9336425885161724
918,attack,attack,0.0007927367896071446
919,normal,normal,0.9839432159639667
920,attack,attack,0.00011057466951600868
921,attack,attack,0.011995082899084283
922,normal,normal,0.9286395507678588
923,attack,attack,7.04474727795515e-05
924,attack,normal,0.9353538530260684
925,normal,normal,0.9905870863842989
926,attack,normal,0.5181101912806361
927,attack,attack,0.0037287897572472356
928,attack,normal,0.9987088050713154
929,attack,normal,0.9999999696892585
930,normal,normal,0.9943553434143559
931,attack,normal,0.9899011363141142
932,normal,normal,0.9940902943426682
933,normal,normal,0.9997487072936303
934,normal,normal,0.993241002876312
935,normal,normal,0.9865623410334344
936,normal,normal,0.9977349789405293
937,attack,attack,0.011934486290574033
938,attack,attack,0.043132827145332175
939,normal,normal,0.9962996917854621
940,attack,normal,0.9346846175955098
941,attack,attack,0.02526449422476236
942,attack,attack,0.018871638838419337
943,normal,attack,0.005790993433226027
944,attack,attack,0.0018559274897537064
945,attack,attack,4.929023405711002e-07
946,attack,normal,0.9372483308797633
947,normal,normal,0.996327107627144
948,normal,normal,0.9909004326959788
949,attack,attack,0.0008298886954860204
950,attack,normal,0.9987369104265448
951,attack,attack,4.4706413069046e-07
952,attack,attack,0.002819512212417451
953,normal,normal,0.9997026653704334
954,normal,normal,0.9354671815277567
955,normal,normal,0.9998264096306693
956,attack,attack,0.0001152279733062997
957,normal,normal,0.9902069721222525
958,normal,normal,0.9372449070162246
959,attack,attack,0.017694354067760685
960,attack,attack,0.27894690335968353
961,attack,attack,2.5932591954716444e-07
962,normal,normal,0.9972751533393202
963,normal,normal,0.9897764155805723
964,attack,normal,0.9934173533596045
965,normal,normal,0.9760347969444015
966,attack,attack,9.703448531223901e-05
967,attack,attack,0.25815377390299477
968,attack,attack,0.21953268041308802
969,attack,attack,2.1788988745450554e-05
970,normal,normal,0.9949915073467684
971,normal,normal,0.9842966922750955
972,attack,attack,0.00019541479294952734
973,attack,attack,0.0019724008325200416
974,attack,attack,0.1542625108231962
975,attack,attack,0.0013502723377450863
976,attack,attack,0.000753523681927464
977,normal,normal,0.9924606980268169
978,normal,normal,0.9962666471089421
979,normal,normal,0.9969898523691028
980,attack,attack,0.13465883706148074
981,attack,attack,0.00023057806183273487
982,attack,attack,0.0017525668724902822
983,attack,normal,0.8285897954059832
984,attack,normal,0.6239161093755511
985,normal,normal,0.9968765972601717
986,attack,attack,0.3490457776426163
987,normal,normal,0.9749964828273767
988,attack,attack,0.00065097601916793
989,normal,normal,0.9824539087662701
990,attack,attack,0.0009712559856821029
991,attack,normal,0.9899518622475185
992,normal,normal,0.9908532604238506
993,attack,attack,0.002900565937467655
994,normal,normal,0.8581438777170425
995,attack,normal,0.9211708375203673
996,attack,normal,0.9986089804554804
997,attack,attack,0.00016388438951978496
998,attack,attack,3.4916096797914205e-08
999,attack,attack,0.0053927035329398515
1000,attack,attack,0.0027854385299171495
1001,normal,normal,0.9974380851008187
1002,normal,normal,0.9974211581956467
1003,normal,normal,0.9998324465608823
1004,attack,attack,5.238956250293466e-05
1005,attack,normal,0.9452284256278042
1006,attack,attack,0.0005588465925438552
1007,normal,normal,0.9998124645508494
1008,attack,attack,6.744567374232835e-07
1009,attack,attack,0.057536852571039764
1010,attack,normal,0.9882928339001473
1011,normal,normal,0.9994513951932767
1012,attack,normal,0.9963789183069557
1013,attack,attack,0.004946676219141796
1014,attack,attack,0.009647823130972072
1015,attack,attack,0.002255003467044213
1016,attack,attack,0.2963807131140374
1017,attack,attack,0.004604316809054146
1018,normal,attack,0.006489272062630535
1019,normal,normal,0.9969342205563313
1020,normal,normal,0.9919694769239551
1021,attack,attack,0.037473658362554084
1022,attack,attack,0.002255290898926879
1023,attack,normal,0.9345674596128938
1024,normal,normal,0.9865049800355664
1025,normal,normal,0.996616674842743
1026,normal,normal,0.8023160840801069
1027,attack,normal,0.9999999172414074
1028,attack,attack,0.0035651298154731953
1029,attack,attack,0.000261894143079336
1030,normal,normal,0.797261965357652
1031,normal,normal,0.9962919054103496
1032,normal,normal,0.9998579432402419
1033,normal,normal,0.997621219192211
1034,normal,normal,0.9939896629438214
1035,attack,normal,0.9007956015074021
1036,attack,attack,2.0416532680157395e-05
1037,normal,normal,0.9956708487544154
1038,normal,normal,0.9982042707997435
1039,normal,normal,0.9864626110288572
1040,attack,normal,0.9854057518144358
1041,attack,attack,0.016730927629674378
1042,normal,normal,0.9890549271622305
1043,attack,attack,0.015982464048443525
1044,normal,normal,0.9970414497993624
1045,attack,attack,0.0001749657778990167
1046,attack,attack,3.41441517324507e-07
1047,attack,attack,0.0878771442364369
1048,attack,normal,0.9911891522485191
1049,attack,attack,0.006867252537311282
1050,attack,attack,0.0007676787741759505
1051,attack,normal,0.9165451212602115
1052,normal,normal,0.9980190744606744
1053,normal,normal,0.9975117011435609
1054,normal,normal,0.9930445935217384
1055,normal,normal,0.998952385670057
1056,normal,normal,0.9996688618370765
1057,normal,normal,0.9857237032021655
1058,attack,attack,1.4074074189102648e-05
1059,attack,normal,0.9988174351294778
1060,attack,attack,0.012682277321411537
1061,attack,attack,0.00593947170023089
1062,attack,attack,0.023885698296152356
1063,attack,normal,0.997220210137058
1064,normal,normal,0.9860179400334486
1065,attack,normal,0.8245430140516667
1066,attack,attack,3.4878547524962086e-07
1067,attack,attack,1.803747024898325e-07
1068,attack,normal,0.977999855224052
1069,attack,attack,0.001309290036775772
1070,normal,attack,0.004181922728020649
1071,normal,normal,0.9884156416265093
1072,attack,attack,6.405541579213729e-05
1073,attack,attack,0.00020407650967506631
1074,normal,normal,0.9965707377748034
1075,attack,attack,0.0012141344129459831
1076,attack,normal,0.9954061834599431
1077,normal,normal,0.9987144122314571
1078,normal,normal,0.9908428461137624
1079,attack,attack,0.06874345503716449
1080,attack,attack,0.04257741498015901
1081,normal,normal,0.9941142141514732
1082,normal,normal,0.9959417828443491
1083,normal,normal,0.9971584709815332
1084,attack,attack,0.052436416796995164
1085,normal,normal,0.9993680701950337
1086,normal,normal,0.9730647520497177
1087,attack,attack,0.0013322753431030726
1088,normal,normal,0.9907992164289776
1089,normal,normal,0.9975074257259288
1090,attack,normal,0.9999999241610156
1091,normal,normal,0.9920746329333778
1092,normal,attack,0.007308702370006449
1093,normal,normal,0.9963794386144246
1094,normal,normal,0.987540253400158
1095,normal,normal,0.9963015548995641
1096,attack,normal,0.9880845905142945
1097,normal,normal,0.9899858772582526
1098,attack,attack,0.02360337441223178
1099,attack,normal,0.6134413720813227
1100,attack,normal,0.9999998742040846
1101,attack,attack,0.0011785130541894472
1102,attack,attack,1.8220518402090953e-07
1103,normal,normal,0.9998023964391176
1104,normal,normal,0.9930307759172141
1105,normal,normal,0.9873672934242065
1106,normal,normal,0.9979640959626254
1107,attack,normal,0.8808773135118915
1108,attack,attack,0.04197778172440675
1109,attack,attack,0.032762796447542195
1110,attack,normal,0.999999744306541
1111,attack,normal,0.9345643731278283
1112,normal,attack,0.0060400365348527605
1113,attack,attack,9.395296710314472e-08
1114,attack,attack,0.0012962247525760292
1115,normal,normal,0.9870476704897045
1116,normal,normal,0.6128014528805029
1117,attack,attack,8.813756231144989e-08
1118,attack,attack,1.660567945024186e-07
1119,normal,normal,0.9976108982186696
1120,normal,normal,0.9921998362359973
1121,attack,normal,0.9863555110773046
1122,attack,attack,0.016847401529602353
1123,attack,normal,0.584613332432269
1124,normal,normal,0.9890055847511786
1125,normal,normal,0.9879766710423996
1126,normal,normal,0.9966788678117299
1127,attack,attack,0.007500350748180163
1128,attack,attack,2.2460153654753853e-07
1129,normal,attack,0.005790990562313457
1130,normal,normal,0.977158768088024
1131,attack,attack,0.0163849494673403
1132,attack,attack,4.399977281718011e-05
1133,attack,attack,0.0002741524367719147
1134,normal,normal,0.992682744421379
1135,normal,normal,0.9963249600934077
1136,normal,normal,0.962275457671
1137,attack,normal,0.9901762282605459
1138,attack,attack,0.03952582958362499
1139,attack,normal,0.9995669080939054
1140,attack,attack,0.0010199336331267162
1141,attack,normal,0.7684944403055358
1142,attack,attack,0.24513359481311617
1143,normal,normal,0.9996262918306961
1144,attack,attack,0.004978452227317874
1145,attack,attack,0.00011052237278712383
1146,attack,attack,0.15412182264650984
1147,attack,attack,0.01801364764154674
1148,normal,normal,0.9971086037540912
1149,attack,attack,0.01173157521461153
1150,attack,attack,0.0007627448651265152
1151,attack,normal,0.9956166674981172
1152,attack,normal,0.9935280050225048
1153,attack,attack,0.04328098402251043
1154,attack,attack,0.058087218796902866
1155,normal,normal,0.9873227297478526
1156,attack,attack,0.0010073847949001655
1157,attack,normal,0.9425422803309572
1158,normal,normal,0.9977363023680764
1159,normal,normal,0.8594329545460632
1160,attack,attack,0.03782246683058377
1161,attack,attack,2.893896408495087e-07
1162,attack,attack,0.00326720204846855
1163,normal,normal,0.9868189084633905
1164,normal,normal,0.9981539978163413
1165,normal,normal,0.9273486135433183
1166,normal,normal,0.9971878402603823
1167,attack,attack,0.00010104466316869357
1168,attack,normal,0.99956752886064
1169,attack,attack,0.24226451269719665
1170,attack,attack,0.0020543453125436697
1171,normal,normal,0.9981854520320005
1172,attack,attack,7.79558288708493e-06
1173,normal,normal,0.9414326053667321
1174,normal,normal,0.989224367920314
1175,normal,normal,0.9907310315385476
1176,attack,normal,0.9422335119574197
1177,attack,normal,0.9905797109340142
1178,attack,attack,0.01093331515688678
1179,attack,attack,0.001971212164509421
1180,normal,normal,0.9971928163448506
1181,normal,normal,0.9956521954166803
1182,attack,attack,0.00011080512351063909
1183,attack,normal,0.9999996894013393
1184,normal,attack,0.015060529915839567
1185,attack,attack,0.00026583167643096247
1186,attack,attack,0.03301264568378063
1187,normal,normal,0.9973526650271403
1188,normal,normal,0.9978200332066057
1189,normal,normal,0.938231719225475
1190,normal,normal,0.9973836292321443
1191,attack,attack,0.002167851335801206
1192,attack,normal,0.9999999332847931
1193,attack,normal,0.9999997420412071
1194,normal,normal,0.9992492980289387
1195,normal,normal,0.9955038391395842
1196,attack,attack,0.3494600223106444
1197,attack,normal,0.999039976435598
1198,normal,normal,0.9980779842471689
1199,attack,attack,0.06672066025525036
1200,normal,attack,8.929235256734296e-09
1201,normal,normal,0.9874017778513607
1202,attack,attack,0.00023844839674541237
1203,attack,attack,0.038823534599456117
1204,attack,attack,3.4851490422848697e-07
1205,attack,attack,0.0001537500898224812
1206,normal,normal,0.9721562529446682
1207,attack,normal,0.995199600064519
1208,attack,normal,0.9999999158449766
1209,normal,normal,0.978934348341527
1210,attack,attack,0.00013488815303067366
1211,attack,attack,4.221540977838313e-07
1212,normal,normal,0.9886728865796618
1213,attack,normal,0.946355054239712
1214,attack,normal,0.9987147766525983
1215,attack,attack,4.987789885958146e-05
1216,attack,attack,7.972863965184121e-05
1217,normal,attack,0.011888164661120845
1218,normal,normal,0.9951460355091011
1219,attack,normal,0.9957503974506108
1220,attack,normal,0.998577248388204
1221,normal,normal,0.9798889669006617
1222,normal,normal,0.7602695575673571
1223,attack,normal,0.5438742988216521
1224,attack,attack,0.00017077049582428486
1225,attack,attack,0.3260227114517142
1226,attack,attack,0.14353073202630026
1227,normal,attack,0.006040026614181589
1228,attack,normal,0.9951657609978681
1229,attack,attack,0.22253334101810665
1230,normal,normal,0.9901732160232373
1231,attack,normal,0.9987949744253809
1232,normal,normal,0.8870286403242739
1233,attack,attack,0.0002313791855639703
1234,attack,attack,2.401071804092627e-08
1235,normal,normal,0.9854393287002025
1236,normal,normal,0.99188376183756
1237,normal,normal,0.9705492717041888
1238,attack,attack,0.0020142482520190807
1239,normal,normal,0.9981345413090598
1240,attack,attack,0.019169161469753077
1241,attack,normal,0.9955564087788524
1242,attack,attack,0.0007449612148949362
1243,normal,normal,0.9991369898285792
1244,normal,normal,0.9996949435727776
1245,attack,attack,0.009287842314449242
1246,attack,attack,0.3422766934024401
1247,attack,attack,0.0009918297328768617
1248,attack,attack,0.000932349678389683
1249,normal,normal,0.9865404412115795
1250,attack,normal,0.9994081538351848
1251,normal,normal,0.9863569171514508
1252,attack,attack,0.0001697950327222021
1253,normal,normal,0.9981050935066699
1254,normal,normal,0.9860966984375548
1255,normal,normal,0.991181449286205
1256,normal,normal,0.9969694564872101
1257,attack,normal,0.9915336981933093
1258,normal,normal,0.9973183092578698
1259,attack,normal,0.9992794923813245
1260,attack,normal,0.9989993280869324
1261,normal,normal,0.9978837918571496
1262,normal,attack,0.005790990759277419
1263,attack,attack,0.4812459988785301
1264,normal,normal,0.9824708256235644
1265,attack,normal,0.8605491709438089
1266,attack,attack,0.0004011083030148517
1267,attack,attack,0.0006978634304126134
1268,normal,normal,0.9919826076571749
1269,normal,normal,0.9981650675795469
1270,attack,attack,0.00017100200954305297
1271,attack,attack,0.0002015765768473448
1272,attack,normal,0.9335263037979906
1273,attack,attack,0.00018830434174609947
1274,attack,attack,0.0001654284216720603
1275,attack,normal,0.9968182611531071
1276,attack,attack,2.354497682669466e-05
1277,normal,normal,0.997281046485508
1278,normal,normal,0.9879439623501666
1279,attack,attack,0.0004124056161290213
1280,normal,normal,0.9977589868551487
1281,attack,attack,0.02169194240467319
1282,normal,normal,0.9951859771620658
1283,attack,attack,2.950139219514751e-06
1284,attack,attack,9.744858955773908e-06
1285,normal,normal,0.9964749458500609
1286,attack,normal,0.9894032908163003
1287,attack,normal,0.9999998912309441
1288,attack,attack,4.4261169849954694e-08
1289,attack,attack,0.0002173470342547226
1290,attack,attack,5.010726937970487e-07
1291,attack,attack,0.493739405256406
1292,attack,normal,0.9942119730349441
1293,normal,normal,0.9952664865629315
1294,attack,attack,0.0009203093361110641
1295,attack,normal,0.7645249156333361
1296,attack,attack,0.44394390015735735
1297,attack,attack,0.0014406541597026244
1298,attack,normal,0.9996590874986211
1299,attack,normal,0.8559238772094212
1300,attack,normal,0.9898613758133918
1301,attack,attack,0.003083172953793302
1302,attack,attack,0.016366995340424764
1303,attack,attack,0.19484511594294732
1304,attack,normal,0.9342382778883389
1305,normal,normal,0.9996638296609041
1306,normal,normal,0.9907933091828867
1307,normal,normal,0.9968324769474032
1308,normal,normal,0.9995467851615676
1309,normal,normal,0.9968751851047978
1310,normal,normal,0.9978844409300905
1311,attack,attack,0.019259311029448393
1312,normal,normal,0.9739275372523496
1313,attack,attack,0.0015023635103764265
1314,attack,attack,0.00238304626654842
1315,attack,attack,0.03857297735982615
1316,attack,attack,1.6994083830396706e-07
1317,attack,attack,0.017483490826066966
1318,normal,normal,0.9059300757800924
1319,normal,normal,0.8685098740561008
1320,normal,normal,0.9550956680246665
1321,attack,attack,0.00010252465334339933
1322,attack,attack,0.001208184460983949
1323,normal,normal,0.6122066792423058
1324,attack,attack,0.0007752843582472362
1325,normal,normal,0.949201002570841
1326,attack,normal,0.9389758804032166
1327,attack,attack,0.001847463338533009
1328,attack,attack,0.001037957245712668
1329,normal,attack,0.0018927443550972563
1330,normal,normal,0.9895664279043023
1331,attack,attack,0.000374933432669889
1332,attack,attack,0.29569312329153163
1333,attack,attack,0.00011306105227387556
1334,attack,normal,0.9988798268814512
1335,attack,attack,3.3127094795824934e-05
1336,normal,normal,0.9977100610262152
1337,normal,normal,0.982642560764668
1338,attack,attack,9.847494361932869e-05
1339,normal,normal,0.986162122534995
1340,normal,normal,0.9877131394841849
1341,attack,attack,0.0007814966611019606
1342,normal,normal,0.998635449808793
1343,attack,attack,0.003922061660072146
1344,normal,normal,0.9906839005770562
1345,normal,normal,0.9747956657474337
1346,normal,normal,0.9904057881818802
1347,attack,attack,0.03687308705371825
1348,attack,attack,5.341764260592678e-08
1349,normal,normal,0.9998222479819722
1350,normal,normal,0.9879592813783837
1351,attack,normal,0.9372441918067302
1352,attack,attack,0.0010274543651565392
1353,attack,normal,0.9988616917793143
1354,normal,normal,0.9908944749763304
1355,attack,attack,0.013998083201049017
1356,normal,normal,0.9354706478938835
1357,normal,normal,0.9890097965375445
1358,attack,attack,4.219237194398746e-07
1359,normal,normal,0.9971950678126372
1360,attack,normal,0.9858881592997695
1361,attack,normal,0.9954302467009283
1362,normal,normal,0.9980763192308046
1363,attack,attack,0.008252693637172834
1364,attack,attack,0.000322458242402753
1365,attack,normal,0.9952945279800329
1366,attack,attack,0.2229598865974751
1367,normal,normal,0.9977623312130184
1368,attack,attack,0.041801579020694556
1369,attack,attack,0.01319768796720277
1370,attack,attack,0.00017999251905614173
1371,normal,normal,0.6771909518213903
1372,attack,attack,0.0002985042765453621
1373,attack,attack,0.0007249817258820301
1374,attack,attack,0.0009244229448519701
1375,normal,normal,0.996333695367646
1376,attack,normal,0.9990540244326347
1377,attack,attack,0.0002405233833084685
1378,attack,attack,0.0014929585555496009
1379,attack,normal,0.917452938586372
1380,attack,attack,0.1904017354899667
1381,attack,normal,0.9862073037136404
1382,normal,normal,0.9979014528610954
1383,attack,normal,0.9990100175531597
1384,attack,normal,0.9321999043690448
1385,normal,normal,0.9971252144547015
1386,normal,normal,0.9878013940389293
1387,attack,normal,0.9951291225969818
1388,normal,normal,0.9964497070121009
1389,normal,normal,0.9904195031653305
1390,normal,normal,0.9894423618093848
1391,attack,normal,0.9335846879585181
1392,normal,normal,0.997520137519782
1393,attack,normal,0.999999785872055
1394,normal,normal,0.9896798530924275
1395,attack,attack,0.00033716640505991016
1396,attack,normal,0.9753199042035103
1397,normal,normal,0.9971195338385891
1398,normal,attack,0.0037238245376566568
1399,normal,normal,0.9992058829496283
1400,attack,normal,0.9981317120585298
1401,attack,normal,0.9989852844445481
1402,normal,normal,0.9765974267184157
1403,normal,normal,0.9998015165274539
1404,attack,attack,5.0376647950411696e-08
1405,attack,normal,0.9938135574055951
1406,normal,normal,0.9725730519203944
1407,attack,attack,0.09559951511551591
1408,attack,normal,0.931725327894221
1409,attack,normal,0.9864075872570401
1410,normal,normal,0.9957971286630984
1411,normal,normal,0.9978491967319156
1412,normal,normal,0.9738074224656832
1413,attack,normal,0.9985141505487453
1414,attack,attack,0.04877800236576835
1415,attack,normal,0.5766465552976319
1416,normal,normal,0.9970554426939257
1417,attack,attack,0.1064150900567134
1418,attack,attack,9.719154907165389e-05
1419,attack,normal,0.9346857013407023
1420,attack,attack,0.0013974696398675668
1421,normal,normal,0.9991958592013044
1422,normal,normal,0.989406792426207
1423,normal,normal,0.9871881673381255
1424,attack,attack,0.004503582825290123
1425,normal,normal,0.9935979551994363
1426,attack,normal,0.7818166321221797
1427,attack,attack,0.0011892020208305713
1428,attack,normal,0.951687357495365
1429,normal,normal,0.9908568613838331
1430,attack,attack,3.0197099683873653e-06
1431,attack,normal,0.9999998891697292
1432,normal,normal,0.9644294655107528
1433,attack,attack,0.000591454494296533
1434,normal,normal,0.9935233562208634
1435,normal,attack,0.0056115243912570785
1436,attack,normal,0.9996537669694008
1437,attack,normal,0.9986938016006792
1438,attack,attack,4.401086932653091e-07
1439,attack,attack,0.00015176849808876453
1440,normal,normal,0.9968716680230195
1441,attack,attack,0.0013851693348926218
1442,attack,normal,0.9999941144784005
1443,attack,attack,1.694789296482602e-07
1444,attack,normal,0.7857636955657731
1445,normal,normal,0.9902034975108045
1446,normal,normal,0.9997278509799389
1447,normal,normal,0.969828815778056
1448,attack,attack,0.012666381485116712
1449,attack,attack,0.0008351294747071154
1450,normal,normal,0.999804604991641
1451,normal,normal,0.9896563121847733
1452,normal,normal,0.9908026770613567
1453,normal,normal,0.9979398171789114
1454,attack,normal,0.9939803175232811
1455,attack,attack,0.0011988787068701527
1456,attack,normal,0.9999997892282855
1457,normal,normal,0.9980307549463227
1458,attack,normal,0.86850438326089
1459,attack,attack,0.0009181443113332969
1460,attack,attack,0.0011432901382903411
1461,normal,normal,0.9865748879122618
1462,attack,attack,0.03193902085534992
1463,normal,normal,0.9870837510551277
1464,normal,normal,0.994508666531602
1465,attack,attack,0.00022278978567250824
1466,normal,normal,0.9363653478421308
1467,attack,normal,0.9881378483146198
1468,normal,normal,0.7412745503603446
1469,attack,attack,0.14422528054129186
1470,normal,normal,0.9825732690416831
1471,attack,attack,0.0001632876025907638
1472,normal,normal,0.9896764125520725
1473,normal,attack,0.11389630730370925
1474,attack,attack,0.0483925087941399
1475,attack,attack,0.03665666093952087
1476,attack,normal,0.9999999182315762
1477,normal,attack,0.005621726660698751
1478,normal,normal,0.9972488624831968
1479,attack,attack,2.405836942265537e-07
1480,attack,normal,0.9983937794719016
1481,normal,normal,0.9807859361703851
1482,attack,attack,0.0004151471634368208
1483,attack,attack,0.0031801579814386785
1484,normal,normal,0.9949274148747996
1485,normal,attack,0.0034953623677936693
1486,normal,normal,0.9956948655387873
1487,attack,attack,0.2747105920928913
1488,normal,normal,0.9867927323133622
1489,normal,normal,0.9940883654746572
1490,normal,normal,0.9894739978835885
1491,normal,normal,0.5610208953377349
1492,attack,attack,0.004223897937816513
1493,normal,normal,0.9894202778908557
1494,normal,normal,0.9970416720684588
1495,attack,attack,0.043369174562199644
1496,normal,normal,0.9935862617369214
1497,normal,normal,0.9850701969089403
1498,attack,normal,0.9422334904026848
1499,normal,normal,0.9883612920981023
1500,normal,normal,0.9974120913500056
1501,attack,attack,4.214718212192361e-07
1502,normal,attack,0.004217173970968422
1503,normal,normal,0.9978024580023729
1504,attack,attack,4.315957062117522e-07
1505,attack,normal,0.9999998766533583
1506,attack,attack,5.125203718414892e-05
1507,attack,attack,0.019337377692025922
1508,normal,normal,0.9964995359732952
1509,normal,normal,0.9967744807345683
1510,attack,normal,0.954661981856398
1511,normal,normal,0.5548010708758836
1512,normal,normal,0.9954678481206471
1513,attack,normal,0.9999997843696363
1514,attack,attack,0.0002174278047585105
1515,attack,attack,0.010537358254429694
1516,normal,normal,0.99788185248304
1517,normal,normal,0.9934269173910247
1518,normal,normal,0.9858626611056346
1519,normal,normal,0.9978920225220577
1520,attack,normal,0.9984226214283842
1521,normal,normal,0.9981682015300151
1522,attack,attack,0.00041302583871828083
1523,attack,normal,0.9999999696322652
1524,normal,normal,0.9968988549419212
1525,normal,normal,0.9903274897380662
1526,normal,normal,0.9966068932390199
1527,normal,attack,0.003495372142531056
1528,attack,attack,0.011609423185067237
1529,normal,normal,0.9899858595418926
1530,attack,normal,0.9924595546982345
1531,normal,normal,0.9999989205772238
1532,attack,attack,0.017426829895219664
1533,normal,normal,0.9965522750428547
1534,normal,normal,0.9955633686015655
1535,attack,attack,0.07095337375373292
1536,normal,normal,0.9907807148680574
1537,normal,normal,0.9829209409254629
1538,normal,normal,0.9891746336182164
1539,attack,normal,0.9565256373661929
1540,normal,normal,0.9945422835240894
1541,normal,normal,0.9966238396745434
1542,attack,normal,0.998771708509751
1543,normal,normal,0.9878358107957317
1544,normal,normal,0.9974514615231369
1545,attack,normal,0.9719553420803811
1546,normal,normal,0.9957063765936945
1547,normal,normal,0.9922670836278992
1548,attack,attack,0.001093343520973884
1549,normal,normal,0.9973074631463801
1550,attack,normal,0.905484079514053
1551,normal,normal,0.9976541876229255
1552,normal,normal,0.9963717613984101
1553,attack,attack,0.002352098818363347
1554,attack,normal,0.9988606210082882
1555,normal,normal,0.9888902211278903
1556,normal,normal,0.9747119301128733
1557,attack,attack,5.57613551723068e-06
1558,attack,attack,0.3866455400002448
1559,normal,normal,0.9977765879692831
1560,attack,normal,0.9984701808699749
1561,attack,attack,0.16183522709679796
1562,attack,attack,0.0013518529238414419
1563,normal,normal,0.9981132977496964
1564,attack,attack,0.0011284305095037158
1565,attack,attack,0.00048828092194143087
1566,attack,attack,0.0006875503497289537
1567,attack,normal,0.9999998755648799
1568,attack,attack,0.12393284133785908
1569,normal,normal,0.9997662148641657
1570,normal,normal,0.9974327580274658
1571,normal,normal,0.9998736202004105
1572,attack,attack,0.07398115176742591
1573,normal,normal,0.9956059042382414
1574,attack,attack,0.00021923408953888296
1575,normal,normal,0.989982048377788
1576,attack,attack,0.00024065468208252566
1577,normal,normal,0.9892799289023536
1578,attack,normal,0.9957468469913305
1579,attack,normal,0.9605986526343023
1580,normal,normal,0.9884180413001925
1581,normal,attack,0.004846462279155686
1582,attack,attack,0.07180348923882168
1583,attack,attack,0.00033530357030417467
1584,attack,normal,0.9999999294469278
1585,attack,attack,7.046322999047508e-05
1586,attack,attack,0.0005059945305862574
1587,attack,attack,8.827980431617645e-05
1588,normal,normal,0.994903957857677
1589,attack,attack,0.13966945472115133
1590,normal,normal,0.9918301228837031
1591,attack,attack,0.00017859699119216526
1592,attack,attack,1.1443915070367049e-07
1593,attack,attack,2.8402668836572e-07
1594,attack,attack,0.000938188445995404
1595,attack,normal,0.9986127577315503
1596,normal,normal,0.9955064026862298
1597,attack,attack,0.009497826510808912
1598,normal,normal,0.9868429029351419
1599,attack,attack,2.36997002451808e-07
1600,normal,normal,0.9974072878039085
1601,attack,normal,0.998996158228077
1602,normal,normal,0.9911407806014485
1603,normal,normal,0.9832852411182763
1604,normal,normal,0.9995396321707068
1605,attack,attack,0.051074336478945916
1606,normal,normal,0.9849761631897959
1607,normal,normal,0.9859682977240853
1608,attack,normal,0.9877368149128891
1609,attack,normal,0.9863208798398201
1610,attack,attack,0.3212012191206825
1611,attack,normal,0.9679225305154864
1612,attack,normal,0.9996542166400035
1613,normal,normal,0.9977707174746776
1614,attack,attack,3.5551535247339986e-05
1615,attack,attack,0.03818220418473423
1616,normal,normal,0.9972825907337262
1617,attack,normal,0.9661946362542038
1618,attack,normal,0.8080782638456551
1619,attack,normal,0.9968473395200211
1620,attack,normal,0.9958797229362512
1621,normal,normal,0.9866102341422506
1622,attack,attack,2.1489639773364425e-06
1623,normal,attack,0.005467892927559882
1624,normal,normal,0.9954185929370482
1625,attack,normal,0.9929259187102266
1626,normal,normal,0.9944797738340145
1627,normal,attack,0.006380270629969245
1628,attack,attack,3.4801541655270495e-06
1629,normal,normal,0.9844038438249769
1630,normal,normal,0.9912599165633008
1631,attack,normal,0.9382351658486827
1632,attack,attack,2.818025872562845e-07
1633,normal,normal,0.9946653721170502
1634,attack,normal,0.9988174352911098
1635,attack,normal,0.9984559181674146
1636,normal,normal,0.9991985443125542
1637,attack,normal,0.9905668870580288
1638,normal,normal,0.9908010483900722
1639,normal,normal,0.9924698869244404
1640,attack,attack,1.3421342573689337e-08
1641,normal,normal,0.9887529034690906
1642,normal,normal,0.997395350942019
1643,attack,normal,0.9962651266611822
1644,normal,normal,0.9848899587716915
1645,attack,attack,0.00015821222729237692
1646,normal,normal,0.9939126443328837
1647,normal,normal,0.9952647280549876
1648,attack,normal,0.9994739912293837
1649,normal,normal,0.9905093186991135
1650,attack,normal,0.7587105785896296
1651,normal,normal,0.9873933172191776
1652,attack,attack,3.8779341785287156e-07
1653,normal,normal,0.9738638736606737
1654,attack,normal,0.9934256194390608
1655,normal,normal,0.9865751487520481
1656,attack,normal,0.5161643081382237
1657,normal,normal,0.9971825929810615
1658,attack,normal,0.9946213036355153
1659,attack,attack,0.0010622871298386167
1660,normal,normal,0.996517455744389
1661,attack,normal,0.9943008857504184
1662,normal,normal,0.989892306583055
1663,attack,normal,0.9999999258961892
1664,attack,attack,0.0001722763241970763
1665,attack,attack,0.000133654464935211
1666,attack,normal,0.974418556761627
1667,normal,normal,0.9970198496065636
1668,normal,normal,0.9815395289175235
1669,normal,normal,0.9967639142410769
1670,attack,attack,0.00026752563660914036
1671,normal,normal,0.9999998409262689
1672,normal,normal,0.9991625675552588
1673,normal,normal,0.9937449446462793
1674,normal,normal,0.9865777462893885
1675,attack,normal,0.7779072746674527
1676,attack,normal,0.8681192350908246
1677,normal,normal,0.9971062779870696
1678,normal,normal,0.9904267540578711
1679,attack,attack,0.0014342141672118187
1680,normal,normal,0.9974728525704778
1681,normal,normal,0.9901012997220595
1682,normal,normal,0.9956755744339613
1683,attack,attack,0.006049227112096726
1684,normal,normal,0.9969010716075493
1685,normal,normal,0.9873925369163591
1686,attack,attack,0.0002494209141008299
1687,attack,attack,0.0048534646579673464
1688,attack,attack,5.570919572236195e-07
1689,attack,attack,0.0013538586974109939
1690,normal,normal,0.9229996550102578
1691,normal,normal,0.9926792713090105
1692,normal,normal,0.9899995704738026
1693,normal,normal,0.9891016000230389
1694,attack,normal,0.9999971072525726
1695,normal,normal,0.9578264334046276
1696,normal,normal,0.9899939147836361
1697,attack,attack,5.167276225028984e-07
1698,normal,normal,0.9948645678218249
1699,attack,normal,0.9930784388340589
1700,attack,attack,2.0616936497691015e-06
1701,attack,attack,0.3203854380605871
1702,attack,normal,0.9999999153723208
1703,normal,normal,0.9908047731113029
1704,attack,normal,0.9730933734456707
1705,normal,normal,0.9967975577479558
1706,attack,attack,1.764678750412737e-07
1707,attack,attack,0.000223279381422098
1708,normal,normal,0.9998484482984079
1709,normal,normal,0.9994044786322318
1710,attack,normal,0.991701493817569
1711,normal,normal,0.9886975338663465
1712,normal,normal,0.9574369541272703
1713,normal,normal,0.9359876630785493
1714,normal,normal,0.9873615146042787
1715,normal,normal,0.9976139164492398
1716,normal,normal,0.9996964610930602
1717,normal,normal,0.9990682429120278
1718,attack,attack,0.0007886153219490065
1719,normal,normal,0.9847382499847916
1720,attack,normal,0.9915999262269132
1721,attack,attack,0.0034923403630891113
1722,normal,normal,0.9914373803046235
1723,attack,normal,0.908053385311511
1724,normal,normal,0.9916513639958126
1725,attack,attack,0.0033587612963317313
1726,attack,attack,0.02462390607320103
1727,attack,normal,0.9353538447517006
1728,attack,attack,0.058905866288072185
1729,normal,normal,0.9876183590374238
1730,attack,attack,0.00035765217290672325
1731,normal,attack,0.005457383174190451
1732,normal,normal,0.9937399492514138
1733,attack,attack,0.048197415711468315
1734,attack,attack,0.012777007629472792
1735,attack,attack,0.0009123530572233807
1736,attack,normal,0.9987522388989332
1737,normal,normal,0.9981904229519485
1738,attack,attack,0.011052339132714346
1739,normal,normal,0.9997918310037582
1740,normal,normal,0.9354106190850945
1741,attack,attack,0.008933255980260672
1742,normal,normal,0.9973839040815863
1743,attack,normal,0.9989406989642012
1744,attack,attack,4.1032905936206034e-07
1745,attack,attack,0.00017560436058714046
1746,normal,normal,0.7664529783815928
1747,normal,normal,0.9874421434783703
1748,attack,attack,0.045764496852821496
1749,normal,normal,0.9937899400642859
1750,attack,attack,0.028962173526881633
1751,attack,attack,0.06468643287313602
1752,attack,attack,0.0014416955488611004
1753,normal,normal,0.9698834457937785
1754,normal,normal,0.9980204740612137
1755,attack,attack,0.004627732507765271
1756,attack,attack,0.0028709689510908135
1757,attack,normal,0.9857022727578705
1758,normal,normal,0.9971436301791852
1759,attack,attack,0.13220789549788284
1760,attack,attack,6.016681468745917e-07
1761,attack,attack,0.0007802610050752518
1762,normal,normal,0.9949561893424275
1763,attack,normal,0.9363683254517973
1764,attack,attack,0.0007068616635554434
1765,normal,normal,0.9969553849572731
1766,attack,attack,0.00027633690717699305
1767,normal,normal,0.8882984321478333
1768,normal,normal,0.8935052273505675
1769,attack,normal,0.9986137613502242
1770,normal,normal,0.9975893459544142
1771,normal,normal,0.9901991071828492
1772,normal,normal,0.9951054170694797
1773,normal,normal,0.9921281288029149
1774,attack,normal,0.9659379790939188
1775,attack,normal,0.9863148571480408
1776,attack,attack,0.0004424934068978129
1777,attack,normal,0.9965472032328639
1778,normal,attack,0.00014861234031789694
1779,normal,normal,0.9978843217344635
1780,attack,normal,0.9999999712167019
1781,attack,attack,0.0003210395727939674
1782,attack,attack,0.008929692839726422
1783,normal,normal,0.9940203011363133
1784,attack,attack,0.025151996128866743
1785,attack,attack,0.0021742138565368214
1786,attack,attack,0.0002680486220180661
1787,normal,normal,0.9957200398983945
1788,normal,normal,0.9342905761685408
1789,normal,normal,0.9877011735493039
1790,normal,normal,0.9974248219123101
1791,attack,attack,9.545081609862497e-05
1792,attack,normal,0.9937650325002837
1793,attack,attack,0.07005541558903142
1794,normal,normal,0.997335739434152
1795,attack,attack,0.3814397459812889
1796,normal,normal,0.9487406131862182
1797,attack,normal,0.9994497257394312
1798,attack,attack,6.619853061174385e-06
1799,normal,normal,0.9918221188078077
1800,normal,normal,0.9738678056498179
1801,normal,normal,0.9909166678665055
1802,normal,normal,0.9397494457959094
1803,attack,normal,0.9950087181358239
1804,attack,attack,0.00011918433473168976
1805,normal,normal,0.9721461516257431
1806,normal,normal,0.9976797228874499
1807,attack,attack,0.0008786974416004681
1808,attack,attack,6.591935716361578e-07
1809,attack,attack,0.001579867090296678
1810,attack,attack,3.9432667841545243e-07
1811,attack,attack,0.0001155337019760628
1812,normal,normal,0.9967719010747523
1813,attack,attack,0.02896215043631485
1814,normal,normal,0.9992077162551607
1815,attack,attack,4.831084003385656e-07
1816,normal,normal,0.9953856307127674
1817,normal,normal,0.9899913399386481
1818,attack,attack,2.284825188377883e-06
1819,normal,normal,0.997119790612766
1820,normal,normal,0.990207023261215
1821,attack,attack,0.16856354996026815
1822,normal,normal,0.9921030366916683
1823,normal,normal,0.9964077958333766
1824,attack,attack,0.47979754583437306
1825,attack,normal,0.9348822523136788
1826,attack,attack,1.9006834918083936e-06
1827,attack,attack,0.012852282233214564
1828,normal,normal,0.9848383752544321
1829,attack,attack,0.03432171769719656
1830,normal,normal,0.9980173140063238
1831,normal,normal,0.9978345552950817
1832,attack,attack,0.0011040747609464613
1833,attack,attack,0.025361042603100178
1834,normal,normal,0.9882166576363325
1835,attack,attack,7.232921588505727e-07
1836,normal,normal,0.9969400719696188
1837,attack,attack,0.0010027078793418964
1838,normal,normal,0.9912191678535239
1839,normal,normal,0.997869374179642
1840,attack,normal,0.9984794067756088
1841,attack,normal,0.8908173053778209
1842,normal,normal,0.9950245882346153
1843,attack,normal,0.9999994706963388
1844,attack,attack,0.05069289677869271
1845,attack,attack,4.831133323839046e-07
1846,normal,normal,0.9868232062941755
1847,attack,attack,2.114951366214848e-06
1848,attack,attack,0.00029454934654625823
1849,attack,attack,0.017549955497055403
1850,normal,normal,0.9892669206485607
1851,attack,normal,0.9354707800609499
1852,attack,attack,0.0062831233555089875
1853,attack,attack,4.237570199638062e-07
1854,attack,attack,7.506953031647079e-08
1855,attack,attack,0.12979689739846967
1856,attack,normal,0.7879241026525378
1857,attack,attack,6.40780860013291e-07
1858,attack,normal,0.9989292616772067
1859,normal,normal,0.9978945317079362
1860,normal,normal,0.9973150393416612
1861,normal,normal,0.9965923347461716
1862,attack,normal,0.9967041098257148
1863,normal,normal,0.9959791595366879
1864,attack,attack,0.0662520801338275
1865,attack,normal,0.703776317427503
1866,attack,normal,0.9366785944680064
1867,normal,normal,0.9879212782081922
1868,attack,normal,0.9989964665493279
1869,normal,normal,0.9875090617874878
1870,normal,normal,0.9979476402452812
1871,normal,normal,0.9895661637512176
1872,attack,attack,0.00011907928536494423
1873,normal,normal,0.9122318568215471
1874,attack,attack,0.0282332355294853
1875,attack,normal,0.9348273558888771
1876,attack,attack,0.0008108277621470506
1877,attack,normal,0.936368323413459
1878,attack,normal,0.9942966960098937
1879,attack,attack,6.955932624771664e-08
1880,normal,normal,0.9853834372404112
1881,attack,attack,1.365174700287212e-07
1882,attack,attack,9.19512919550364e-08
1883,normal,normal,0.985423754501904
1884,attack,normal,0.9999998406308551
1885,attack,attack,0.4634193776485908
1886,attack,normal,0.9852187887232644
1887,attack,attack,0.0002986672169246941
1888,attack,normal,0.9999999334667875
1889,attack,normal,0.9183113340651168
1890,normal,normal,0.8936059157100888
1891,normal,normal,0.9994157187597195
1892,normal,normal,0.9898895876949778
1893,normal,normal,0.9979435042844792
1894,attack,attack,7.486003116103439e-05
1895,attack,attack,1.6351325993666182e-07
1896,normal,normal,0.9354071497170147
1897,normal,normal,0.9727713754199958
1898,normal,normal,0.9973316773786267
1899,attack,normal,0.5235557066728754
1900,normal,attack,0.006716302463980419
1901,attack,attack,0.0019316301253746737
1902,attack,normal,0.7792895811276397
1903,attack,normal,0.9999994882841089
1904,attack,normal,0.9952597569734498
1905,attack,attack,0.0014485474098244965
1906,attack,attack,1.8329080206975189e-06
1907,attack,normal,0.8885336144293033
1908,attack,attack,0.02256235101959656
1909,attack,attack,0.0020469231338381797
1910,attack,attack,0.042772615287452104
1911,attack,attack,0.015717127349174607
1912,attack,attack,0.001239502955031136
1913,attack,attack,0.0012851773346200417
1914,attack,attack,0.0007259851658796362
1915,attack,normal,0.9969229358051356
1916,normal,normal,0.9859028706217481
1917,attack,attack,0.0035444665576282084
1918,normal,normal,0.9966285978121004
1919,normal,normal,0.9954896098576711
1920,normal,normal,0.9969347497686857
1921,normal,normal,0.9978666708808025
1922,attack,normal,0.7608583299131475
1923,attack,normal,0.998861633506486
1924,normal,normal,0.9954223523800638
1925,normal,normal,0.9909380865928259
1926,attack,attack,0.0011474520883949409
1927,attack,attack,4.4257393358471134e-07
1928,attack,attack,0.02073998098421618
1929,attack,attack,0.0025663567685909492
1930,normal,attack,0.0039786781437244805
1931,normal,normal,0.9879862807266436
1932,normal,normal,0.9884187175510222
1933,attack,attack,0.05243747932178574
1934,attack,attack,0.007527983286028564
1935,attack,attack,0.009723074942103116
1936,attack,normal,0.6438173525200747
1937,normal,normal,0.9997896004465536
1938,normal,normal,0.994952134873597
1939,attack,attack,0.0011073117483096561
1940,normal,normal,0.9976127083642794
1941,attack,attack,0.0010492131786531073
1942,attack,attack,0.004187514345791963
1943,attack,attack,0.0010739844102910174
1944,attack,normal,0.9447772317150055
1945,normal,normal,0.9997204571520665
1946,attack,attack,0.00016488209171752952
1947,normal,attack,3.8693833626549975e-05
1948,attack,attack,0.017002140747552432
1949,attack,attack,0.00017658128178736626
1950,normal,normal,0.9968811570740689
1951,attack,attack,0.00139112018355804
1952,attack,normal,0.9983539232821728
1953,normal,normal,0.9866589205952343
1954,attack,normal,0.9999996258709024
1955,attack,attack,0.02089187673833907
1956,attack,attack,0.03217480011024582
1957,attack,normal,0.9971724585760735
1958,normal,normal,0.9968462532155596
1959,attack,normal,0.7320728402410209
1960,attack,attack,2.5798682719070235e-07
1961,attack,normal,0.9963946294475773
1962,attack,normal,0.999999937057962
1963,attack,attack,5.2070259060658844e-08
1964,normal,normal,0.9907948969388558
1965,normal,normal,0.6854047769508439
1966,attack,attack,0.0031842458404728394
1967,normal,normal,0.9976845420902929
1968,normal,normal,0.9899940094149023
1969,normal,normal,0.9864470085872106
1970,attack,attack,0.06701713832266326
1971,attack,normal,0.9488313927128633
1972,normal,normal,0.9641315063748689
1973,attack,attack,6.276176421397684e-08
1974,normal,normal,0.9920386492559875
1975,attack,attack,0.01515047429238
1976,attack,attack,0.0012746727415699746
1977,attack,attack,0.0010956268384873554
1978,normal,normal,0.9998568762944405
1979,normal,normal,0.9971343019783584
1980,attack,attack,0.00018711569746323326
1981,normal,normal,0.9861034098482085
1982,attack,attack,0.0002880167133051258
1983,attack,attack,0.0008755180630628219
1984,normal,normal,0.9455187564844779
1985,attack,attack,6.069831524657444e-07
1986,attack,attack,0.0008786662767964117
1987,attack,attack,1.947606920806921e-06
1988,normal,normal,0.9991061115166128
1989,attack,attack,0.009830697759934113
1990,normal,normal,0.9980057633061596
1991,normal,normal,0.785342585355436
1992,attack,normal,0.9920474162795865
1993,normal,normal,0.9992464002824079
1994,normal,normal,0.967332122593236
1995,normal,normal,0.9939497498289166
1996,attack,normal,0.9952989876117444
1997,attack,attack,0.061202168246609026
1998,attack,attack,0.0015469431126601287
1999,normal,normal,0.9850628294281851
2000,attack,normal,0.9999999033217468
2001,attack,normal,0.9986758668848007
2002,attack,normal,0.9987885620372148
2003,attack,normal,0.6302111640159378
2004,attack,attack,0.00010144168491806244
2005,normal,normal,0.9759738825301761
2006,attack,attack,0.00023772825105016656
2007,normal,normal,0.9874884939643387
2008,attack,attack,0.07904528799548018
2009,attack,attack,0.00021016447018767324
2010,attack,normal,0.5501005678945405
2011,normal,normal,0.9979413331860155
2012,attack,normal,0.803484235315446
2013,attack,normal,0.9988779042179284
2014,normal,normal,0.989390493413105
2015,attack,attack,0.007621500896967912
2016,normal,normal,0.986802955258674
2017,attack,attack,0.0004771592205823228
2018,attack,normal,0.999996495012749
2019,normal,normal,0.9970820313308614
2020,attack,attack,0.045082647057927014
2021,attack,attack,0.2055279981675873
2022,attack,normal,0.9492933805493498
2023,attack,attack,0.0022456300126572765
2024,attack,normal,0.8012890635507961
2025,normal,attack,0.0034953648882087994
2026,normal,normal,0.993937604455341
2027,attack,normal,0.9543170108054093
2028,attack,attack,3.511759924827296e-07
2029,attack,normal,0.9979452080352047
2030,attack,attack,6.32540010239126e-06
2031,normal,normal,0.9981696247632769
2032,attack,normal,0.9369963885931369
2033,attack,normal,0.9987453103803674
2034,attack,attack,3.930701040248955e-06
2035,normal,normal,0.9870355121297855
2036,attack,normal,0.9852112213217677
2037,attack,attack,0.2662754211978189
2038,normal,normal,0.9396617324790635
2039,normal,normal,0.9881826945602551
2040,attack,attack,2.5435871520098965e-07
2041,normal,normal,0.9981157417135006
2042,attack,normal,0.9335252246352742
2043,attack,attack,0.0015701002565334354
2044,attack,normal,0.9323221211077557
2045,attack,normal,0.9985034294652199
2046,normal,normal,0.9862826942699644
2047,attack,attack,0.024773814059013338
2048,attack,normal,0.9999999725687995
2049,normal,normal,0.9902074051382537
2050,normal,normal,0.9966823453720172
2051,normal,normal,0.9937059545712366
2052,normal,normal,0.9992058495116845
2053,normal,attack,0.11832920207824812
2054,attack,normal,0.9673194409766882
2055,normal,normal,0.9971843848734073
2056,normal,normal,0.9841156726560019
2057,attack,normal,0.9988957059317627
2058,attack,attack,0.06539978871395696
2059,normal,attack,0.003495373641061166
2060,normal,normal,0.9974765038808661
2061,normal,normal,0.9938128869838607
2062,attack,attack,0.0018935921103453985
2063,normal,normal,0.9901036338179496
2064,attack,normal,0.9999999699281847
2065,attack,normal,0.9925125239880571
2066,normal,normal,0.9906503159229937
2067,attack,attack,0.019828454972495052
2068,attack,normal,0.9985543155488547
2069,normal,attack,0.005297828882554079
2070,attack,attack,0.00043487414101345837
2071,normal,normal,0.9916829304390274
2072,attack,attack,0.0010887102287489199
2073,normal,normal,0.9876887398278467
2074,normal,normal,0.9708439541445111
2075,normal,normal,0.9994960503932554
2076,normal,attack,0.004846464189110586
2077,normal,normal,0.9943957302943256
2078,normal,normal,0.9848838948886735
2079,normal,normal,0.9669978170110424
2080,attack,attack,0.30520862324266
2081,normal,normal,0.9998504024312203
2082,normal,normal,0.9904067310650045
2083,normal,normal,0.9997273139935069
2084,normal,normal,0.9975027707869614
2085,normal,normal,0.9908326180021079
2086,attack,attack,3.271196096798205e-06
2087,attack,attack,0.0013810524369316903
2088,attack,attack,0.009075125199741758
2089,attack,attack,2.491966997514001e-07
2090,normal,normal,0.996921915284879
2091,normal,normal,0.9901750682523784
2092,attack,attack,0.001124419720931348
2093,normal,normal,0.9976609931085818
2094,normal,attack,0.007308703114621815
2095,normal,normal,0.9336461704714379
2096,attack,attack,8.132390826375362e-05
2097,normal,normal,0.9926450220802029
2098,attack,attack,0.08200232705884213
2099,attack,attack,0.05062308932422602
2100,normal,normal,0.9981517545715085
2101,attack,attack,0.0014103218229762234
2102,attack,normal,0.9756924983711482
2103,normal,normal,0.9888934784257326
2104,attack,attack,0.0005449261603589833
2105,attack,attack,4.986204496967595e-08
2106,normal,normal,0.9959628665196835
2107,attack,normal,0.9970404368602065
2108,attack,attack,0.02019325802381316
2109,attack,normal,0.9961925069392857
2110,attack,attack,0.02462874451165031
2111,attack,attack,9.40326100235734e-05
2112,attack,attack,1.375813015663702e-06
2113,normal,normal,0.9969893411433327
2114,normal,normal,0.9977160043063728
2115,attack,attack,0.00041153613632227595
2116,attack,normal,0.636008916447811
2117,normal,normal,0.9907549495418045
2118,normal,normal,0.9958252532915345
2119,attack,attack,0.1556492615694757
2120,normal,normal,0.934682074615294
2121,attack,attack,0.1094797345420996
2122,normal,normal,0.9974535218730008
2123,attack,attack,0.025246321100921537
2124,normal,normal,0.9856204470367533
2125,normal,normal,0.9942026588207512
2126,attack,attack,2.7742621762625716e-06
2127,attack,attack,0.0014049664853517572
2128,attack,normal,0.9991356577796696
2129,normal,normal,0.9978267392473428
2130,attack,attack,0.00022596138765308953
2131,attack,normal,0.981512143105875
2132,attack,attack,0.2415041921620029
2133,attack,normal,0.9987950701497849
2134,attack,attack,3.859959752780822e-06
2135,attack,attack,0.0031576108281507376
2136,normal,normal,0.9975660792526962
2137,normal,attack,0.005410611506972499
2138,attack,attack,0.0824912946058834
2139,attack,attack,0.0010797658056786363
2140,attack,attack,0.0013216998914985908
2141,normal,normal,0.9874405217843297
2142,attack,normal,0.8875581509124053
2143,normal,normal,0.9949451760928442
2144,attack,normal,0.7730892461127993
2145,normal,normal,0.9904046134343754
2146,attack,normal,0.9988784605918488
2147,attack,normal,0.9382351717961278
2148,attack,attack,0.015419456875413688
2149,attack,attack,0.005177223696103932
2150,attack,attack,0.0021476481917089684
2151,normal,normal,0.997538924533889
2152,attack,attack,5.771405094627992e-08
2153,attack,attack,0.0009023812141701078
2154,attack,normal,0.9232135959342865
2155,normal,normal,0.9903374947075166
2156,normal,normal,0.9891146462040833
2157,attack,attack,0.0004054487483959883
2158,attack,normal,0.9999999356095238
2159,normal,normal,0.9905419969537084
2160,attack,attack,0.00013809038907221965
2161,attack,attack,3.093758906032588e-07
2162,attack,attack,0.000943364287823469
2163,attack,normal,0.9986534909637725
2164,normal,normal,0.9817810608563781
2165,normal,attack,0.004058990724469572
2166,normal,normal,0.9978242098562854
2167,normal,normal,0.9968973414225148
2168,attack,attack,0.46406557035232754
2169,attack,attack,0.0005068272796068966
2170,attack,normal,0.9972619530028367
2171,attack,normal,0.9964681787383822
2172,attack,attack,0.047516368086562795
2173,normal,normal,0.9909275662280592
2174,attack,attack,0.00015568702013481707
2175,attack,normal,0.9265398447026352
2176,normal,normal,0.9371070038751198
2177,attack,attack,0.00039068394805204584
2178,attack,normal,0.9973469254149205
2179,normal,normal,0.9937239002989943
2180,attack,attack,0.0013743197220123155
2181,attack,normal,0.9954446079676048
2182,normal,normal,0.9902067137115406
2183,attack,attack,1.9797391457560386e-06
2184,attack,attack,0.17923633394504684
2185,attack,attack,0.00879095157958276
2186,attack,attack,0.0027747137439084694
2187,normal,normal,0.9995110050679977
2188,normal,normal,0.9700670474835285
2189,normal,normal,0.9871904616657738
2190,attack,attack,0.009748491112398753
2191,normal,normal,0.9966637541915561
2192,normal,normal,0.9979656084124161
2193,normal,normal,0.999871254970501
2194,attack,attack,0.09335225558036954
2195,normal,normal,0.9913658690503467
2196,normal,normal,0.9903832587627577
2197,normal,normal,0.9906089272712453
2198,normal,normal,0.9850032892844437
2199,attack,attack,9.540841277534772e-05
2200,normal,normal,0.9951165627925891
2201,attack,attack,0.057413646153762446
2202,attack,attack,0.0002320925892429586
2203,attack,attack,0.06570502277070128
2204,normal,normal,0.9974549854906671
2205,normal,normal,0.9955582071190321
2206,normal,normal,0.9965334102562768
2207,attack,normal,0.973910475357436
2208,attack,attack,6.209254356969206e-07
2209,attack,normal,0.9999998423137424
2210,attack,attack,0.0028454944408646695
2211,attack,attack,0.0004162808038354595
2212,attack,attack,3.331570792862112e-05
2213,attack,normal,0.9952223297693171
2214,normal,normal,0.9883314074513553
2215,attack,normal,0.995721303948376
2216,attack,attack,0.006516507392507098
2217,attack,attack,0.00014133012711924442
2218,attack,attack,0.004935888804154682
2219,attack,attack,8.163891361021494e-07
2220,normal,normal,0.9974280542143508
2221,attack,attack,4.06150667978236e-05
2222,normal,normal,0.9889936490316993
2223,attack,normal,0.999999970674267
2224,attack,attack,0.001407562997310046
2225,attack,attack,0.0008286151391245042
2226,normal,normal,0.9963964622560777
2227,attack,attack,0.0041612734945722825
2228,normal,normal,0.9186332399552699
2229,normal,normal,0.9964991517913285
2230,attack,attack,0.0009132982975102075
2231,attack,attack,3.93900196102854e-05
2232,attack,attack,0.008213589130686948
2233,attack,normal,0.9999999714860209
2234,attack,attack,0.0007370120285128547
2235,normal,normal,0.9976233458801242
2236,attack,attack,4.6788030633319696e-07
2237,attack,normal,0.9360476000397737
2238,normal,normal,0.9874317824375929
2239,attack,attack,0.006660367768051346
2240,attack,attack,0.0012605491362030479
2241,attack,attack,0.0500707529788421
2242,attack,attack,0.32295594906945574
2243,normal,normal,0.9894564736812118
2244,attack,attack,0.0002832715999516333
2245,normal,normal,0.9997727247870098
2246,attack,attack,0.040830020852968156
2247,attack,normal,0.9849279502535667
2248,attack,normal,0.7236613844378929
2249,attack,attack,0.039769221325960585
2250,attack,attack,8.569039898580714e-05
2251,attack,normal,0.998786032493666
2252,attack,attack,0.00013889499734386887
2253,attack,attack,0.0003159232868585333
2254,attack,normal,0.9950277402895354
2255,attack,normal,0.9798078440516976
2256,attack,attack,0.00041941432203948737
2257,normal,normal,0.9975140812253693
2258,attack,normal,0.9988106030075093
2259,attack,attack,0.0010282200795673755
2260,attack,normal,0.9523060539674536
2261,normal,normal,0.9803935439080727
2262,normal,normal,0.9874466813566098
2263,attack,normal,0.991002998187257
2264,normal,normal,0.9978870170386583
2265,normal,normal,0.9968870335794974
2266,attack,normal,0.9226918105700429
2267,attack,attack,0.00024844344143362256
2268,normal,attack,0.0072859020937011566
2269,normal,normal,0.872593643663457
2270,normal,normal,0.9937493369453733
2271,attack,normal,0.970553345739931
2272,normal,normal,0.9870610328613749
2273,normal,normal,0.9960707876555027
2274,normal,attack,0.006876728048646357
2275,attack,attack,3.169344727184486e-08
2276,attack,attack,0.017683945107760075
2277,normal,normal,0.9955951800786731
2278,attack,attack,0.03475397388590687
2279,normal,normal,0.9999999784373013
2280,normal,normal,0.9954944311212051
2281,attack,attack,0.13732035779563376
2282,normal,normal,0.9981856067856122
2283,normal,normal,0.9939321413447998
2284,attack,attack,0.003874582928303677
2285,normal,normal,0.9364214123554314
2286,normal,normal,0.9966266278448331
2287,attack,attack,0.13220798969566566
2288,normal,normal,0.9978637163632784
2289,attack,attack,0.000904450811902045
2290,normal,normal,0.9972217142658806
2291,attack,normal,0.9986938016899332
2292,attack,normal,0.5876032175397313
2293,attack,normal,0.78951461379106
2294,normal,attack,0.09922126543573384
2295,normal,normal,0.9965928202806794
2296,normal,normal,0.9997263134459643
2297,attack,attack,0.0015964515720290652
2298,normal,normal,0.9980221388891376
2299,attack,attack,0.24272679067115954
2300,attack,attack,0.299622734895569
2301,attack,normal,0.994532521748748
2302,normal,normal,0.9970810103108233
2303,attack,attack,0.07098010205552482
2304,attack,normal,0.9386107512039595
2305,normal,normal,0.9975126969203951
2306,attack,attack,0.40888555446596
2307,normal,normal,0.9912571716981918
2308,attack,attack,0.049139633428222966
2309,normal,normal,0.9787482034099739
2310,attack,normal,0.9981874456061625
2311,attack,attack,0.011286610682234645
2312,normal,normal,0.9997585222958778
2313,normal,normal,0.9888841032667888
2314,normal,attack,0.004846464519101004
2315,attack,attack,0.001862160983244893
2316,normal,attack,0.0064927619838098275
2317,normal,normal,0.9950614106072072
2318,normal,normal,0.9844880221211914
2319,normal,normal,0.9966801419480543
2320,attack,attack,4.322804128956645e-07
2321,normal,normal,0.9900273014299786
2322,attack,attack,0.001153749498702583
2323,normal,normal,0.9967415812253737
2324,normal,normal,0.9730547895215034
2325,attack,normal,0.9993177890559347
2326,normal,normal,0.9856111054424387
2327,attack,attack,0.0004195635078729557
2328,attack,normal,0.9962431185530833
2329,attack,normal,0.9999948581374642
2330,normal,normal,0.9944400619753474
2331,attack,attack,2.6335552101883547e-05
2332,attack,normal,0.9993087064202321
2333,attack,normal,0.6134527335818344
2334,attack,attack,0.04982771850288753
2335,attack,normal,0.8242653224050274
2336,normal,normal,0.9340325554081851
2337,attack,normal,0.919395536142644
2338,normal,normal,0.9835141874574027
2339,normal,normal,0.9961657036213367
2340,attack,attack,0.0135722755268895
2341,attack,attack,0.016689408070945086
2342,attack,attack,0.000511725782637529
2343,normal,normal,0.9908026755026123
2344,attack,normal,0.9950893004324617
2345,normal,normal,0.9977565903153107
2346,attack,attack,0.00180848281738513
2347,attack,attack,1.0918000871903896e-06
2348,normal,normal,0.999065251188673
2349,attack,normal,0.7170507213387464
2350,attack,attack,2.813562285079566e-07
2351,attack,attack,0.004939152182385403
2352,attack,attack,0.09981661590441131
2353,attack,normal,0.99093226373109
2354,attack,attack,0.0037066233404151002
2355,attack,attack,0.01725959212623435
2356,attack,attack,0.0009888003199041613
2357,normal,attack,0.40575068374830003
2358,attack,normal,0.9992737750463857
2359,attack,normal,0.98649288167698
2360,attack,normal,0.5012867107288829
2361,attack,normal,0.9985543832956033
2362,normal,normal,0.9907070549309671
2363,attack,attack,0.0003041432647638772
2364,attack,normal,0.999999862125475
2365,normal,normal,0.988419843061625
2366,normal,attack,0.09559937905558331
2367,normal,normal,0.997827458895467
2368,attack,normal,0.9969671533199501
2369,normal,normal,0.9960331973930596
2370,normal,normal,0.9896555809632789
2371,normal,normal,0.9999997411402326
2372,normal,normal,0.9930105322030569
2373,attack,normal,0.9961919662952856
2374,attack,attack,0.0016372102859579067
2375,attack,normal,0.998974296732778
2376,normal,attack,3.789242607511577e-08
2377,attack,attack,0.0017243055245568053
2378,attack,normal,0.9335846815949683
2379,normal,normal,0.9829212404736749
2380,normal,normal,0.9978706935945395
2381,normal,normal,0.9805838569864834
2382,normal,normal,0.9967638471792486
2383,attack,attack,0.0011268272465286625
2384,attack,attack,0.01761636261578392
2385,attack,attack,0.000964763951079361
2386,attack,attack,0.0003516902452885872
2387,normal,normal,0.9970789051287988
2388,normal,attack,0.3351063615006219
2389,attack,normal,0.9927467318981231
2390,attack,attack,0.0002255625319390566
2391,attack,attack,0.0011474383424425192
2392,attack,normal,0.9990398780579233
2393,normal,normal,0.9875262951694377
2394,attack,normal,0.8394899992127912
2395,attack,attack,0.010131470274937998
2396,normal,normal,0.9976859266829561
2397,attack,attack,4.4644819149049897e-07
2398,normal,normal,0.9997736472016244
2399,attack,attack,4.962762023684721e-07
2400,attack,normal,0.900232295306337
2401,attack,normal,0.9957788602182273
2402,attack,attack,0.003679637085924495
2403,normal,normal,0.9905578861690926
2404,normal,normal,0.994895896424671
2405,normal,normal,0.9874002729660017
2406,attack,attack,0.0003323491566073575
2407,normal,normal,0.9875133161906458
2408,attack,attack,0.0012500054136433804
2409,normal,normal,0.995619618033117
2410,normal,normal,0.9605542727762097
2411,normal,normal,0.9856366909945559
2412,attack,attack,1.3726687304809988e-08
2413,attack,normal,0.7792002328871063
2414,attack,attack,3.3625535750824933e-05
2415,attack,normal,0.9973259297755619
2416,normal,normal,0.995201176584541
2417,attack,normal,0.9973257529750447
2418,attack,attack,9.658305808580252e-05
2419,normal,normal,0.9872398834545475
2420,attack,normal,0.9956534640908002
2421,normal,normal,0.9958087474153933
2422,attack,normal,0.9966755528878528
2423,normal,normal,0.9978367328461699
2424,normal,normal,0.9975446227442321
2425,attack,normal,0.9960965121302268
2426,attack,attack,1.9970928068271114e-08
2427,normal,normal,0.9887573097315125
2428,normal,normal,0.9936959109124052
2429,attack,normal,0.9532731718782912
2430,attack,normal,0.9999999702096534
2431,attack,attack,0.0019981790972835533
2432,attack,attack,0.0004123084355212686
2433,attack,attack,7.002341565256876e-05
2434,attack,normal,0.999181308880335
2435,attack,normal,0.9999999723487992
2436,attack,attack,0.036732332818792
2437,attack,normal,0.9688257526767374
2438,attack,attack,0.00020740471587911609
2439,attack,normal,0.998488683358096
2440,normal,normal,0.9936143913019677
2441,attack,attack,0.0009830394831162673
2442,normal,normal,0.9997214796354567
2443,normal,normal,0.9898412171661575
2444,attack,attack,0.002569084468745745
2445,attack,normal,0.5250226054853893
2446,attack,attack,0.0026168463562203995
2447,normal,normal,0.998102887441217
2448,normal,normal,0.9981929558116521
2449,attack,attack,0.002098860684519629
2450,normal,normal,0.9973020305610835
2451,attack,attack,0.002849468268195941
2452,normal,normal,0.9991345473610459
2453,attack,attack,3.455618595128295e-07
2454,normal,normal,0.9978662455550548
2455,normal,normal,0.9976675345921071
2456,attack,attack,0.0008152372199480837
2457,attack,normal,0.796574250515052
2458,normal,normal,0.9896790934617676
2459,attack,attack,0.00032182641118943904
2460,attack,attack,0.00018877368689717547
2461,normal,normal,0.9964709964007035
2462,attack,normal,0.9433719272257048
2463,attack,attack,0.0008301933789520448
2464,normal,normal,0.9907004865659135
2465,attack,attack,0.0007732259149001233
2466,attack,attack,0.0014915233978925358
2467,normal,normal,0.982055574492273
2468,normal,normal,0.9964155452393827
2469,attack,normal,0.9360475959439524
2470,normal,normal,0.9978644670650025
2471,normal,normal,0.9911544946285192
2472,attack,normal,0.7893339464278188
2473,attack,attack,0.021360145307797243
2474,attack,normal,0.9999947829426821
2475,normal,normal,0.996438454649161
2476,normal,normal,0.9969734418173715
2477,attack,normal,0.7890557999241928
2478,normal,normal,0.9961800499093723
2479,normal,normal,0.9961237378832098
2480,attack,attack,0.12049278936057646
2481,normal,attack,0.003923675743624517
2482,attack,attack,0.024943683218650488
2483,attack,attack,0.04557625435192344
2484,normal,normal,0.9864517059434099
2485,normal,normal,0.9974909623164049
2486,attack,normal,0.999999760027967
2487,attack,attack,0.0002993261939712878
2488,normal,normal,0.9964169866489472
2489,normal,attack,0.0051429194907046645
2490,normal,attack,0.005681221607341915
2491,normal,normal,0.9972454092957035
2492,normal,normal,0.996347202206303
2493,normal,normal,0.9959107139625223
2494,attack,attack,0.01844670756930183
2495,attack,attack,1.8903037811773966e-07
2496,attack,attack,6.053495483303438e-05
2497,attack,normal,0.9059300757800924
2498,normal,normal,0.9975509400341634
2499,attack,normal,0.9995681950665354
2500,normal,normal,0.9877167931276022
2501,normal,normal,0.9978966618111589
2502,normal,normal,0.9907983479526244
2503,attack,normal,0.997286376821664
2504,attack,attack,3.0121138703024885e-07
2505,normal,normal,0.9873995324228664
2506,normal,normal,0.9913898238041025
2507,attack,normal,0.793864501069216
2508,attack,attack,0.29098728168219284
2509,normal,normal,0.9998576901159849
2510,attack,normal,0.9983925484993607
2511,normal,normal,0.9971193260107221
2512,attack,normal,0.9983411633787647
2513,attack,attack,0.0017475150470438532
2514,normal,normal,0.9979630786861707
2515,attack,attack,0.23143067066742548
2516,attack,normal,0.9526052631923057
2517,attack,attack,0.00185833144060748
2518,normal,attack,0.01814437676130576
2519,normal,normal,0.6843629325657911
2520,normal,normal,0.9997929301525419
2521,attack,attack,7.061314466307209e-06
2522,attack,attack,0.0027043674203553014
2523,attack,normal,0.9987389649888648
2524,normal,normal,0.987680304395265
2525,attack,attack,0.0030854644597770125
2526,attack,normal,0.9904249527880872
2527,attack,attack,0.0001222611633901077
2528,attack,attack,0.0006046260580148413
2529,attack,attack,0.0023685304276856766
2530,attack,attack,0.09607605096411032
2531,attack,attack,6.5473429326444355e-09
2532,attack,attack,0.0008481830948186289
2533,attack,normal,0.7421631642151454
2534,attack,attack,0.0013787376287066877
2535,attack,attack,0.04939855343580203
2536,attack,attack,1.997623645802539e-05
2537,attack,attack,0.00010746247655587871
2538,normal,normal,0.9939101645391882
2539,normal,normal,0.9972170015767866
2540,normal,normal,0.9891783620638175
2541,attack,normal,0.9335846985644328
2542,attack,normal,0.998837642640394
2543,attack,attack,0.11763213395449153
2544,normal,normal,0.9818345245219527
2545,normal,normal,0.9963002844860234
2546,normal,normal,0.999505788502559
2547,normal,normal,0.9968162534232026
2548,attack,attack,0.00020822065674090212
2549,normal,normal,0.9976818883057261
2550,attack,normal,0.9942886866634181
2551,attack,attack,8.411957899209265e-05
2552,attack,normal,0.8328596725769614
2553,attack,normal,0.9993839938017626
2554,normal,normal,0.9979039011744512
2555,normal,normal,0.9988593811565628
2556,normal,normal,0.9972766534246222
2557,normal,normal,0.9994050385985817
2558,normal,normal,0.9860228656542512
2559,normal,normal,0.9545630203661648
2560,attack,normal,0.9476323653509485
2561,attack,normal,0.9990623598177039
2562,normal,normal,0.99793572128459
2563,normal,normal,0.996787739244927
2564,normal,normal,0.9952943831920302
2565,normal,normal,0.9928108276811484
2566,attack,attack,0.4762397795304169
2567,attack,normal,0.9980595857615828
2568,normal,attack,0.005457412787502688
2569,normal,normal,0.9969558354242177
2570,attack,normal,0.9952584821170927
2571,attack,attack,0.006057843058018562
2572,normal,normal,0.9957262502316624
2573,normal,normal,0.9981924311719167
2574,attack,normal,0.6161505930189128
2575,attack,normal,0.9999996085591456
2576,normal,normal,0.9998349186979519
2577,normal,normal,0.9995484729765378
2578,normal,normal,0.9964594623726565
2579,attack,attack,0.0006945322218609403
2580,normal,normal,0.9897673300016258
2581,attack,attack,0.019455938968436698
2582,normal,normal,0.9956986458667301
2583,attack,normal,0.9945305261081918
2584,attack,normal,0.9988174283788374
2585,normal,normal,0.997773719135122
2586,normal,normal,0.9891462977777385
2587,attack,attack,1.2020754727318098e-08
2588,normal,attack,0.0014890416554876904
2589,normal,normal,0.9898942076393364
2590,normal,normal,0.9854358610088045
2591,normal,normal,0.9961974293163952
2592,attack,normal,0.9986103070736319
2593,attack,attack,0.0025498616359173496
2594,normal,normal,0.9928419664810664
2595,attack,normal,0.9982158067066945
2596,attack,normal,0.9963574007373774
2597,attack,attack,0.00026969040327115773
2598,attack,attack,0.00013470754522116297
2599,normal,normal,0.9957023622670796
2600,normal,normal,0.9958455210749942
2601,attack,attack,0.005754003395054728
2602,normal,normal,0.9849445679265787
2603,attack,attack,0.04689197324368389
2604,normal,normal,0.9975295220095686
2605,normal,normal,0.9865800907436194
2606,attack,attack,8.34100092421415e-05
2607,normal,normal,0.9960968696047034
2608,attack,attack,8.82720160406817e-05
2609,normal,normal,0.9902050743874448
2610,normal,normal,0.9854440056273309
2611,attack,attack,6.138886569383795e-07
2612,normal,normal,0.9861910875270944
2613,attack,attack,3.6108465718584867e-07
2614,attack,attack,0.0018985860182472042
2615,attack,attack,0.00021690217258075643
2616,normal,normal,0.9835070302177173
2617,normal,normal,0.9979457504786695
2618,attack,attack,0.0013798924644024984
2619,attack,normal,0.9989844970790391
2620,attack,normal,0.997322693948793
2621,attack,attack,0.00010887485207061364
2622,normal,normal,0.9859039784633378
2623,attack,normal,0.7880831095676405
2624,attack,normal,0.9974210917237456
2625,normal,normal,0.9963660024625478
2626,attack,normal,0.9972098322023725
2627,attack,normal,0.9980919044109478
2628,normal,normal,0.9875861402381897
2629,attack,attack,6.648800398876654e-08
2630,attack,attack,0.0006810010404161933
2631,normal,normal,0.9907062758845515
2632,normal,normal,0.9946939136766538
2633,normal,normal,0.9905041844293357
2634,normal,normal,0.9914313388988507
2635,normal,normal,0.9895795357506241
2636,normal,normal,0.9842812133649809
2637,normal,normal,0.9998785368444939
2638,attack,attack,4.421996360898565e-08
2639,normal,normal,0.9952411860906099
2640,attack,attack,0.0014266154973407979
2641,attack,normal,0.985875653724521
2642,normal,normal,0.9972528643588204
2643,normal,normal,0.9884204514581212
2644,attack,attack,0.04680685109691612
2645,normal,normal,0.9998736604934005
2646,normal,normal,0.986733328945912
2647,normal,normal,0.9947594408702485
2648,attack,attack,3.6451172725821124e-06
2649,attack,attack,0.02814332220827038
2650,normal,normal,0.9972719034027887
2651,attack,attack,2.278386535827917e-05
2652,attack,normal,0.9951465898369041
2653,normal,normal,0.9928643585696734
2654,normal,normal,0.9957373862583242
2655,normal,normal,0.984740542487185
2656,attack,attack,0.00015256106470591527
2657,normal,normal,0.9856120426245301
2658,attack,normal,0.9999999711321297
2659,attack,attack,0.02081101697102253
2660,normal,normal,0.9729920110100515
2661,normal,normal,0.9965788325359755
2662,attack,normal,0.8163941945623032
2663,normal,normal,0.9979538435970143
2664,normal,normal,0.9898729708933086
2665,normal,normal,0.9888643097756842
2666,normal,normal,0.9888446399084435
2667,normal,attack,0.005790979162224746
2668,attack,attack,3.1274992490207244e-07
2669,attack,normal,0.9999995812180538
2670,attack,attack,0.0008624211909963995
2671,attack,normal,0.9954022883959166
2672,normal,normal,0.9963521880452807
2673,attack,attack,0.0008016628247357458
2674,normal,normal,0.9834767805364335
2675,attack,normal,0.998654526865671
2676,attack,attack,0.22891804326729195
2677,attack,attack,0.00030697501532218283
2678,normal,normal,0.9904695116959772
2679,attack,normal,0.8092568992868163
2680,attack,normal,0.9640008274416434
2681,attack,normal,0.9968966032672673
2682,attack,attack,0.00033490939659904835
2683,normal,normal,0.9989432732639345
2684,attack,attack,0.005253503019819017
2685,attack,normal,0.9999999203455668
2686,normal,normal,0.9823607592531118
2687,normal,normal,0.9872354162946435
2688,attack,attack,4.0812300853411186e-07
2689,normal,attack,0.006489276727817893
2690,normal,normal,0.9974659165561578
2691,attack,attack,1.9145173671937212e-07
2692,normal,normal,0.995774997267862
2693,attack,attack,6.649582081234018e-06
2694,normal,normal,0.9995533270474438
2695,normal,normal,0.9970418212313529
2696,attack,normal,0.9955081355385322
2697,attack,normal,0.8066048251459319
2698,normal,normal,0.9908821354878716
2699,attack,normal,0.9970529132001316
2700,normal,normal,0.998021634469632
2701,attack,attack,0.02668238017684503
2702,normal,normal,0.9980123947558157
2703,normal,normal,0.7645462462868813
2704,attack,attack,0.023401564860665847
2705,normal,normal,0.9854510114418626
2706,normal,normal,0.9901040054255195
2707,attack,attack,0.008734792414396309
2708,normal,normal,0.9856597242367162
2709,attack,attack,0.001010124025014278
2710,attack,attack,0.05172185966535966
2711,attack,attack,0.0009907098925547482
2712,normal,normal,0.9971019802693178
2713,attack,attack,0.0020680111968662293
2714,attack,normal,0.9761139239941417
2715,attack,attack,0.0007457765285162188
2716,normal,normal,0.9950142925810693
2717,normal,normal,0.9977510279971733
2718,normal,normal,0.9885587907473433
2719,normal,normal,0.9862078409434875
2720,normal,normal,0.9869686179731016
2721,normal,normal,0.9445078865952832
2722,attack,attack,0.0023753901881006225
2723,attack,attack,0.0002957736555723618
2724,attack,attack,0.1970170038447799
2725,attack,attack,0.013405037008672759
2726,attack,attack,0.14146545249598558
2727,attack,attack,0.08349234520328937
2728,attack,attack,0.0317662735191784
2729,attack,normal,0.9999999396694047
2730,attack,attack,3.5380072140231336e-07
2731,normal,normal,0.990868447599464
2732,attack,attack,0.014756263486949481
2733,attack,normal,0.9493535805441421
2734,attack,attack,0.00039047025941135825
2735,attack,attack,7.87275990463445e-05
2736,attack,normal,0.990954119729999
2737,attack,normal,0.9985968833702398
2738,attack,normal,0.9971030674962988
2739,attack,normal,0.9517632078170206
2740,attack,attack,0.0012807519471274844
2741,attack,attack,1.8268170639455609e-06
2742,attack,normal,0.9495324365698203
2743,normal,normal,0.9353290909256969
2744,attack,attack,6.707436650768853e-08
2745,attack,attack,0.017887985925766136
2746,attack,normal,0.9978070673428632
2747,attack,normal,0.9960302944921199
2748,attack,normal,0.9999999358234172
2749,normal,normal,0.9997161299482556
2750,normal,normal,0.9976676001627497
2751,attack,attack,5.5425272921231085e-05
2752,attack,attack,0.0001802192429672732
2753,normal,normal,0.9894301010801779
2754,attack,attack,0.0018796031603831836
2755,attack,attack,0.001069350493652632
2756,normal,normal,0.9972713439494206
2757,attack,normal,0.9985983207201884
2758,normal,normal,0.9886316665068241
2759,normal,normal,0.9999983579786362
2760,attack,normal,0.9999996040153407
2761,attack,attack,9.334912177893221e-05
2762,normal,attack,0.006040034157374957
2763,normal,normal,0.998053695701346
2764,normal,normal,0.9877070310987188
2765,attack,normal,0.9999999242325543
2766,attack,attack,0.03514661112138326
2767,attack,attack,0.0019944479287528636
2768,attack,attack,4.392930067752249e-07
2769,normal,normal,0.9978544823745318
2770,normal,normal,0.9989345481755882
2771,normal,normal,0.9901227690301236
2772,attack,attack,7.696438347048917e-05
2773,normal,normal,0.9887738108623961
2774,attack,normal,0.9358507207584427
2775,normal,normal,0.9808751880516997
2776,normal,attack,0.05116701657170382
2777,normal,normal,0.9980022590791419
2778,attack,attack,0.011708318711138008
2779,attack,normal,0.9994954035784714
2780,normal,normal,0.9947042493612227
2781,attack,attack,0.0269338599378938
2782,normal,normal,0.9994077503932502
2783,normal,normal,0.9820008365844
2784,attack,normal,0.8399468723130338
2785,attack,attack,0.0012280504728028497
2786,attack,attack,0.0014366564596478117
2787,attack,attack,9.372804441692384e-07
2788,normal,normal,0.987059278181181
2789,normal,normal,0.9959858136295564
2790,attack,attack,0.0006680031460326224
2791,normal,normal,0.9882800285315162
2792,normal,normal,0.9918535660591596
2793,normal,normal,0.9966981566957792
2794,normal,normal,0.9976935080000165
2795,attack,normal,0.9963525654181247
2796,attack,attack,0.028739140549473567
2797,attack,attack,5.175617086859203e-07
2798,attack,attack,0.0020564437113136567
2799,attack,attack,4.603816312132993e-07
2800,normal,normal,0.9944578058049828
2801,attack,attack,8.41540122580923e-08
2802,attack,normal,0.998667638969983
2803,normal,normal,0.9875560202630622
2804,attack,normal,0.9972558490718099
2805,attack,normal,0.9286013764895192
2806,attack,attack,0.0007113304368151377
2807,attack,normal,0.9951693594429654
2808,normal,normal,0.9968353207695422
2809,normal,normal,0.9918145998956441
2810,attack,attack,4.08363731480944e-08
2811,normal,normal,0.9971122969499009
2812,attack,attack,0.03915972661081237
2813,attack,attack,0.016834910840559898
2814,normal,normal,0.9966400308103567
2815,normal,normal,0.9966786686992677
2816,attack,attack,0.004269357387601881
2817,normal,normal,0.9955978684824692
2818,normal,attack,0.005353926933746223
2819,normal,normal,0.9353502525603571
2820,attack,attack,2.0837566935227277e-07
2821,normal,normal,0.9991359887818198
2822,attack,attack,0.00017056498367012398
2823,attack,attack,0.02862738623985036
2824,attack,attack,4.810640952600694e-08
2825,normal,normal,0.9908040600349565
2826,attack,attack,0.49693961529251846
2827,attack,attack,0.005991493242195077
2828,attack,attack,0.01232646610723221
2829,attack,attack,0.012123484791487914
2830,attack,attack,0.001016924466977486
2831,normal,normal,0.9972966319031055
2832,attack,normal,0.9537364150757144
2833,attack,attack,0.0015602719251074746
2834,normal,normal,0.9907973460321284
2835,attack,attack,0.071955989889225
2836,attack,attack,0.2929854650277674
2837,attack,normal,0.9342382883972333
2838,attack,attack,3.470847410896843e-05
2839,attack,normal,0.9473177705060774
2840,normal,normal,0.9930454046409825
2841,attack,attack,0.46529142953976166
2842,attack,normal,0.6188638788201227
2843,attack,normal,0.9999999356119241
2844,attack,attack,0.0010245577450598423
2845,attack,attack,0.0013430474978324916
2846,attack,attack,8.498602472026077e-05
2847,attack,attack,0.12742350245682507
2848,attack,attack,9.898936860947862e-07
2849,attack,attack,2.576104269406977e-07
2850,attack,attack,0.02296227809253705
2851,normal,normal,0.9916271245625182
2852,normal,normal,0.9977871089187963
2853,normal,normal,0.9904921296923952
2854,attack,normal,0.9987522389841992
2855,attack,attack,0.006700674547177779
2856,normal,normal,0.9713371854963889
2857,normal,normal,0.9964096607180566
2858,normal,normal,0.997587626857401
2859,normal,normal,0.9973642936959917
2860,normal,normal,0.9977749581124526
2861,normal,normal,0.9088165337604368
2862,attack,attack,0.0011480243943561652
2863,attack,attack,0.0008926817781040636
2864,normal,attack,0.005790988282293937
2865,normal,normal,0.990754969068605
2866,normal,attack,0.005790995319319313
2867,attack,attack,2.0959859335790927e-07
2868,normal,normal,0.9969885394352169
2869,normal,attack,0.005621728874453665
2870,normal,normal,0.9925562428666387
2871,attack,normal,0.999362709162236
2872,attack,normal,0.9340494426373407
2873,attack,attack,1.9954514326136747e-06
2874,normal,normal,0.9885415537799518
2875,attack,normal,0.8375441505030697
2876,normal,normal,0.9614548257590296
2877,attack,attack,0.011783710577434004
2878,normal,normal,0.9954243828464224
2879,normal,normal,0.988187933050813
2880,attack,normal,0.9999999359375534
2881,attack,normal,0.5669149289320902
2882,attack,attack,0.00755460069884527
2883,attack,attack,0.0010553660570233158
2884,normal,normal,0.9731659014025776
2885,normal,normal,0.9904684859535775
2886,normal,normal,0.9951866050182969
2887,attack,attack,0.0015788685114161104
2888,attack,attack,2.1898817926659944e-05
2889,normal,normal,0.9959526754878262
2890,attack,attack,5.845472437077772e-07
2891,normal,normal,0.9995578191919036
2892,normal,normal,0.9960742240721002
2893,normal,normal,0.9932015266635502
2894,attack,attack,0.0008874478547922943
2895,attack,attack,0.00010190539581122853
2896,attack,attack,0.4144042357689246
2897,attack,normal,0.953408432138353
2898,attack,normal,0.8212991790658263
2899,attack,normal,0.7720286442793964
2900,normal,normal,0.9977403486057798
2901,normal,normal,0.9952915507277024
2902,normal,normal,0.992372841789197
2903,attack,attack,0.0006437369516739028
2904,normal,normal,0.9976285425077195
2905,attack,attack,0.028556224058412055
2906,attack,normal,0.998334966131083
2907,normal,normal,0.9850372146564682
2908,attack,normal,0.998744621937554
2909,normal,normal,0.9456927239916144
2910,attack,attack,0.32541329318457946
2911,attack,attack,0.025963471674244565
2912,normal,normal,0.988460567059804
2913,normal,normal,0.9929328852857356
2914,attack,attack,2.0022349001223916e-06
2915,normal,normal,0.9810869805105863
2916,normal,normal,0.9900918943546058
2917,attack,attack,0.0012868867101954353
2918,attack,attack,0.009883156013240189
2919,normal,normal,0.9972818065531855
2920,normal,normal,0.9973038942795746
2921,normal,normal,0.9388425549002671
2922,normal,normal,0.9978143684059607
2923,attack,attack,0.0015071323145744552
2924,normal,normal,0.9995073982233825
2925,normal,normal,0.9906094468815547
2926,attack,attack,0.0009569902939464961
2927,attack,normal,0.9891054702953401
2928,attack,normal,0.999999929662225
2929,attack,attack,0.0007345794216094907
2930,attack,attack,2.0423901721684124e-07
2931,attack,attack,0.0014089464696155894
2932,normal,normal,0.993936596733656
2933,attack,normal,0.9908055846420356
2934,attack,normal,0.9366191679148015
2935,attack,normal,0.9982679539122036
2936,attack,normal,0.9987486145585859
2937,attack,attack,0.015613620345537418
2938,normal,attack,7.557851123928301e-09
2939,normal,attack,0.025250975012033872
2940,normal,normal,0.9934375510196992
2941,normal,normal,0.8131159839378185
2942,normal,normal,0.9656247161549864
2943,attack,attack,0.07221770098805196
2944,normal,attack,0.04644200438958855
2945,normal,normal,0.9833882184436424
2946,attack,normal,0.9955119625775307
2947,normal,normal,0.9883598852437209
2948,attack,normal,0.9991885624302822
2949,attack,normal,0.9371105323886301
2950,attack,normal,0.9974312066691641
2951,attack,normal,0.9968154553680192
2952,attack,attack,0.2407658015021722
2953,attack,normal,0.8389508096431699
2954,attack,normal,0.9978209886072567
2955,attack,normal,0.951095355060105
2956,normal,normal,0.9863827099788075
2957,attack,attack,0.001204057165431702
2958,attack,attack,0.2305693699787715
2959,normal,normal,0.9893480969185273
2960,normal,normal,0.995847590385544
2961,normal,attack,0.029659610254859546
2962,normal,normal,0.9940898879191874
2963,normal,normal,0.9885566874288396
2964,normal,normal,0.9907164473598606
2965,normal,normal,0.9970311160329876
2966,attack,attack,5.313320119712471e-07
2967,attack,attack,0.0001865833194872131
2968,normal,attack,2.5659627835127006e-05
2969,normal,normal,0.9888813068312827
2970,attack,attack,2.5048643245519324e-05
2971,attack,normal,0.9973047712087805
2972,attack,normal,0.9986146551325286
2973,attack,attack,0.0014594682195114015
2974,attack,attack,0.0012256677742041111
2975,normal,normal,0.8745509699466505
2976,normal,normal,0.9995570177523073
2977,attack,normal,0.9987770561265014
2978,normal,normal,0.9877976943134475
2979,attack,attack,1.9434977212388821e-07
2980,normal,normal,0.9964142140590644
2981,normal,normal,0.9899730412498775
2982,attack,attack,0.0010331590439228244
2983,normal,normal,0.9964901465036332
2984,attack,attack,0.0697147586337095
2985,attack,attack,0.00021556763597592042
2986,attack,attack,1.0207975999942624e-07
2987,attack,attack,0.0001443725349480375
2988,normal,normal,0.9937942185078958
2989,normal,normal,0.9998555041529844
2990,normal,normal,0.9928924239253549
2991,normal,normal,0.9910839449932771
2992,normal,normal,0.9952322484543015
2993,attack,attack,8.713560690569387e-05
2994,normal,normal,0.9902053960774306
2995,normal,normal,0.9884366438351656
2996,normal,normal,0.9886628866335061
2997,normal,normal,0.9969691090266645
2998,attack,attack,0.012918824384696855
2999,attack,normal,0.9984497916881941
3000,normal,normal,0.9977962212201875
3001,normal,normal,0.9970842647998686
3002,attack,attack,0.0034641224114861442
3003,attack,normal,0.6171150375574532
3004,attack,attack,0.009128954975812198
3005,normal,normal,0.998120270403754
3006,attack,normal,0.7585532549994674
3007,normal,normal,0.9979658121276168
3008,attack,attack,2.529551982375672e-08
3009,normal,normal,0.9978384570263309
3010,attack,attack,0.0001251204765562619
3011,attack,attack,0.013916423722389104
3012,attack,normal,0.9987576055331118
3013,attack,attack,0.0005515530101424697
3014,attack,attack,0.021684706492054912
3015,attack,attack,0.0006044784831730173
3016,attack,normal,0.9748094414204116
3017,attack,normal,0.6231455210992483
3018,normal,attack,0.012872522429740386
3019,normal,normal,0.9993224862769514
3020,normal,normal,0.997480836239245
3021,normal,normal,0.5864739306763858
3022,attack,normal,0.9973544588456592
3023,attack,attack,0.0003516602893815548
3024,attack,normal,0.9980748643606039
3025,normal,normal,0.9949044427581593
3026,normal,normal,0.9980367775849297
3027,attack,attack,0.0010097729415130304
3028,attack,attack,7.980774605752217e-09
3029,attack,normal,0.9990151265230157
3030,normal,normal,0.9885405098852985
3031,normal,normal,0.9961662568363803
3032,normal,normal,0.9999997470017482
3033,attack,attack,0.0004816744172825449
3034,attack,attack,0.002828126530951953
3035,normal,normal,0.9965466986461406
3036,attack,normal,0.9912646366344711
3037,attack,attack,0.2854035086687858
3038,attack,normal,0.9895357268433724
3039,attack,attack,0.000254869960616268
3040,attack,normal,0.5593643088055653
3041,attack,normal,0.999999878484802
3042,attack,attack,3.012211131720031e-07
3043,normal,normal,0.9993079831449949
3044,attack,normal,0.9999996098553156
3045,normal,normal,0.8821035372551287
3046,normal,normal,0.9928529521452464
3047,normal,normal,0.9572197786790078
3048,attack,normal,0.9406920890960759
3049,attack,normal,0.9968002990333835
3050,attack,attack,0.2687482049496433
3051,attack,normal,0.6026260203744369
3052,normal,normal,0.9937787314504823
3053,normal,normal,0.9764365161496199
3054,normal,normal,0.9919279209181877
3055,attack,attack,0.0014693172338935438
3056,attack,attack,0.020616224417026294
3057,attack,attack,1.693976416818438e-05
3058,normal,normal,0.9540036988650957
3059,attack,normal,0.998996363854691
3060,normal,normal,0.9974613016855155
3061,attack,attack,0.04334726264545413
3062,attack,attack,2.0076341807996194e-07
3063,normal,normal,0.9976635236739003
3064,normal,normal,0.9905100735595721
3065,normal,normal,0.9968013444814874
3066,normal,normal,0.9953207456699256
3067,attack,attack,0.21609700982601213
3068,attack,normal,0.9999999004057186
3069,attack,attack,2.5030447915313988e-06
3070,attack,attack,0.0284029902745907
3071,normal,normal,0.9646405550972843
3072,attack,attack,0.05160230580526111
3073,attack,normal,0.9988044240150302
3074,attack,normal,0.7866258203407216
3075,normal,attack,0.0011398822955031548
3076,normal,normal,0.9979386779597196
3077,attack,attack,0.026000429946765102
3078,attack,normal,0.9987013779965092
3079,attack,attack,2.9093194794106262e-08
3080,normal,normal,0.9961722849235327
3081,attack,attack,0.1143829817638261
3082,normal,normal,0.997053740620876
3083,attack,attack,0.0007587621965250118
3084,normal,normal,0.9962579234343898
3085,attack,attack,1.3536900180725181e-06
3086,attack,attack,0.006473354545867932
3087,normal,normal,0.9811802824993312
3088,attack,normal,0.995174587163998
3089,normal,normal,0.9874735781110341
3090,attack,normal,0.9985050959855787
3091,normal,normal,0.996708063947046
3092,attack,normal,0.9999982909715328
3093,attack,normal,0.9958015578305396
3094,attack,normal,0.9991012303981275
3095,attack,attack,4.870011986589033e-07
3096,attack,attack,0.00047078894628706247
3097,attack,normal,0.9957554859350533
3098,normal,normal,0.9968564886437594
3099,normal,normal,0.9943596128267956
3100,attack,attack,2.546251411533893e-07
3101,normal,normal,0.997853197579509
3102,normal,normal,0.9952124672709763
3103,attack,attack,1.654588709628238e-06
3104,attack,attack,4.6106542402845905e-07
3105,normal,normal,0.9892591160943732
3106,attack,attack,0.06768235772333685
3107,normal,normal,0.9904068748900633
3108,normal,normal,0.9899962039859515
3109,normal,normal,0.9372458852807358
3110,attack,normal,0.998653473923171
3111,normal,normal,0.9908000343154922
3112,attack,normal,0.9972421316022533
3113,normal,normal,0.9906003844329047
3114,attack,normal,0.9985466231469822
3115,attack,normal,0.9999999256663694
3116,normal,normal,0.9868280355643826
3117,normal,normal,0.9907916287951384
3118,attack,attack,0.0008766862656781743
3119,attack,attack,0.0018545965790675867
3120,attack,attack,0.012597055422595748
3121,attack,normal,0.997300702199261
3122,attack,attack,0.26634857578095134
3123,attack,attack,0.0007850372412689677
3124,attack,normal,0.9968502959464818
3125,normal,normal,0.9853782040487036
3126,normal,attack,0.00514290953483837
3127,normal,normal,0.9960491241900072
3128,normal,normal,0.9902570988399281
3129,attack,attack,6.214901133682293e-08
3130,attack,normal,0.999999925349712
3131,normal,normal,0.9980187424824953
3132,attack,normal,0.8411841616897724
3133,attack,normal,0.5703301564077359
3134,normal,normal,0.9992717061513771
3135,normal,normal,0.9885175208606678
3136,attack,normal,0.9995869770041852
3137,attack,normal,0.935474285802454
3138,attack,attack,0.001970909772971161
3139,attack,attack,0.0002040128338320817
3140,attack,normal,0.9999996257551311
3141,attack,attack,0.0007928055184344307
3142,attack,attack,4.107207560207115e-08
3143,attack,attack,5.9239803121915967e-08
3144,attack,attack,6.671886743921922e-08
3145,normal,normal,0.9870348013719811
3146,normal,normal,0.9885885511494238
3147,normal,normal,0.9888930913853621
3148,attack,normal,0.9989406988918001
3149,attack,normal,0.879477557430485
3150,attack,attack,6.72342546515879e-05
3151,attack,normal,0.9999999291078775
3152,normal,normal,0.9863285064052807
3153,normal,normal,0.9976820677704719
3154,attack,attack,1.8124574241276912e-06
3155,attack,attack,2.588850926918059e-07
3156,attack,attack,0.0015551523280814949
3157,attack,attack,1.975006085805564e-06
3158,attack,normal,0.9347679882012119
3159,normal,normal,0.9911981179130114
3160,attack,normal,0.7823217392133585
3161,attack,attack,3.944296906418368e-06
3162,normal,normal,0.9970200195852494
3163,normal,normal,0.9887780979666849
3164,normal,normal,0.9911798132250468
3165,attack,attack,0.002091198425991853
3166,attack,attack,0.00020675596707627456
3167,attack,attack,2.7434607221605233e-07
3168,normal,normal,0.9977840269906834
3169,normal,normal,0.9965452099346318
3170,normal,normal,0.9920537806095597
3171,normal,normal,0.9962508707949738
3172,attack,attack,0.0001429736045833555
3173,attack,attack,0.0014289610562253498
3174,normal,normal,0.9953613018361099
3175,normal,normal,0.996052894881994
3176,attack,attack,0.024240140518347306
3177,normal,attack,2.443441507693805e-08
3178,normal,normal,0.997881855673596
3179,normal,normal,0.981939559815435
3180,attack,attack,0.11956342567861404
3181,attack,normal,0.9242780986773881
3182,attack,normal,0.9567425980970408
3183,attack,attack,0.0003072467901732089
3184,attack,normal,0.9987291810532675
3185,normal,normal,0.988607283464924
3186,normal,normal,0.9870705345345449
3187,normal,normal,0.9993901167477546
3188,normal,normal,0.8230259745248438
3189,normal,normal,0.9931186937197479
3190,attack,normal,0.6847932135676512
3191,normal,normal,0.9931783296406406
3192,attack,attack,0.00019811974536911077
3193,attack,attack,0.0013854608093864687
3194,attack,normal,0.9240474597898688
3195,attack,normal,0.9348859032182261
3196,attack,attack,0.04388375747050732
3197,attack,attack,0.0002539666944576536
3198,normal,normal,0.994197848650019
3199,normal,normal,0.9909292842459246
3200,attack,normal,0.925707843113135
3201,attack,attack,0.002366651746032355
3202,normal,attack,0.0053539223516578345
3203,attack,normal,0.8826442994711122
3204,normal,normal,0.9973844217337282
3205,attack,normal,0.9341777490024112
3206,attack,normal,0.9950228441502118
3207,normal,normal,0.9894899412568913
3208,attack,attack,0.0015974606091045127
3209,normal,normal,0.9904046870177333
3210,attack,normal,0.9988512708015514
3211,normal,normal,0.9856872408379372
3212,normal,normal,0.990255497955987
3213,normal,normal,0.9973858920068849
3214,normal,normal,0.9967686738024986
3215,attack,attack,2.6205642085854967e-07
3216,attack,attack,2.653055801102883e-06
3217,attack,attack,5.615141669360326e-07
3218,attack,normal,0.6834268035714787
3219,attack,attack,0.00023540781934874923
3220,normal,normal,0.9927871349993536
3221,attack,normal,0.9894946311836292
3222,normal,normal,0.9945958998687828
3223,attack,attack,6.366729992382528e-08
3224,attack,normal,0.9999948583880539
3225,attack,normal,0.9072855985367521
3226,attack,normal,0.9988048606178296
3227,normal,normal,0.9898900015447474
3228,attack,normal,0.9985562862953091
3229,attack,normal,0.9990407314140464
3230,attack,attack,0.0030483855963585756
3231,attack,attack,0.0002828880408461884
3232,attack,attack,0.005179613328568051
3233,attack,attack,0.0015358653305587993
3234,normal,normal,0.9928766774076251
3235,attack,attack,0.0009429239029692885
3236,normal,normal,0.9899989285905849
3237,normal,normal,0.9999144565148509
3238,normal,normal,0.9998654696219726
3239,normal,normal,0.9975414473019771
3240,attack,attack,0.013810808533914606
3241,normal,normal,0.990804377920698
3242,attack,normal,0.999054962006246
3243,normal,normal,0.9969686944989309
3244,attack,normal,0.998999779954498
3245,normal,normal,0.997996536743114
3246,normal,normal,0.9986724968282109
3247,attack,attack,0.06687111116451183
3248,normal,attack,0.004177666242077283
3249,attack,normal,0.9950428571110788
3250,normal,normal,0.9958245448570834
3251,attack,normal,0.9472472160213384
3252,normal,normal,0.9969848625863142
3253,attack,normal,0.934238290499012
3254,normal,normal,0.9907889482313323
3255,attack,attack,0.0011582948903844327
3256,normal,normal,0.9865923854507263
3257,attack,attack,0.00021292167370152496
3258,attack,normal,0.8159346749048898
3259,attack,attack,0.00017888401891434693
3260,normal,normal,0.9870059211477952
3261,normal,normal,0.9865802234406653
3262,attack,attack,0.000501546719942378
3263,normal,normal,0.9980703469153791
3264,normal,normal,0.983725385766041
3265,normal,normal,0.9944859683259227
3266,attack,normal,0.7948237922377307
3267,attack,attack,0.06638564582148782
3268,attack,attack,0.0002551453052871206
3269,attack,normal,0.9988446726940466
3270,attack,attack,0.00011515213113739817
3271,attack,attack,4.114823383277454e-06
3272,attack,attack,0.08207909691657629
3273,normal,normal,0.9347002305861531
3274,normal,normal,0.9760510084464722
3275,attack,attack,0.012576414601024245
3276,attack,attack,0.001091667565602147
3277,attack,normal,0.9341804382937287
3278,attack,normal,0.9999999327053722
3279,attack,attack,0.005402466312402127
3280,attack,attack,8.287861129027921e-06
3281,normal,normal,0.9932719923209616
3282,normal,normal,0.9884203384343996
3283,attack,attack,0.00021473852990064148
3284,attack,attack,0.022959449147953455
3285,attack,normal,0.934035172798214
3286,attack,attack,0.020528607238308346
3287,normal,normal,0.9991377321480424
3288,normal,normal,0.9972124800233526
3289,attack,attack,1.7521864680973704e-07
3290,attack,attack,0.3929292685909561
3291,normal,normal,0.9881732016555258
3292,attack,attack,0.009650790887177086
3293,attack,normal,0.996638463633246
3294,normal,normal,0.9958978252125635
3295,attack,normal,0.9301088356218361
3296,attack,attack,0.004791673378060439
3297,normal,normal,0.9896801172032266
3298,attack,normal,0.9347105756816608
3299,attack,normal,0.9999974439773358
3300,normal,normal,0.9958584327245672
3301,attack,normal,0.5819450115881732
3302,attack,attack,0.012743481368602434
3303,attack,normal,0.9990255702325072
3304,normal,normal,0.9902058355362925
3305,attack,normal,0.5739999745726656
3306,attack,normal,0.9953527730581304
3307,normal,normal,0.9896403030455694
3308,normal,normal,0.997838443477388
3309,attack,attack,0.0009691495381408993
3310,attack,attack,4.058758929203007e-08
3311,normal,normal,0.9957727753723137
3312,normal,normal,0.9847346189939491
3313,attack,attack,0.0004649563213129711
3314,attack,normal,0.8791574167456432
3315,attack,attack,3.958939171577022e-07
3316,attack,attack,1.3892644036593021e-07
3317,normal,normal,0.9358471387234192
3318,normal,attack,0.0035699224799255764
3319,attack,normal,0.997127759474197
3320,attack,normal,0.9983697759492663
3321,normal,attack,0.003936645482965559
3322,normal,normal,0.9978151113899671
3323,normal,normal,0.986405965318145
3324,normal,normal,0.9953633598956608
3325,attack,normal,0.998574048936657
3326,attack,attack,0.2090077084800184
3327,normal,normal,0.9820435947221182
3328,attack,attack,5.23083072151727e-08
3329,normal,normal,0.9882377416676591
3330,attack,attack,0.00017719723605858244
3331,attack,attack,5.4597523001603354e-08
3332,attack,attack,2.4445348231084573e-05
3333,normal,normal,0.9443769782555754
3334,attack,normal,0.8034391083155317
3335,attack,normal,0.5570883245167493
3336,normal,normal,0.9906856635419244
3337,attack,attack,0.017631320860454797
3338,normal,normal,0.9965468724578225
3339,attack,attack,0.30758854340677544
3340,normal,normal,0.9964356274057681
3341,normal,normal,0.9931646876508472
3342,attack,normal,0.9956147101003991
3343,attack,attack,0.0016296870707355154
3344,attack,attack,0.03318896664346039
3345,attack,attack,0.027073217242760652
3346,normal,normal,0.9960228969702057
3347,normal,normal,0.9969921227963587
3348,attack,normal,0.9384743522492959
3349,attack,attack,0.000818368929410248
3350,attack,attack,0.000540861270357814
3351,attack,attack,0.00019402032322146328
3352,attack,attack,0.0015110341935896854
3353,normal,normal,0.9857644932311276
3354,normal,normal,0.9841234904622648
3355,attack,attack,0.005260858458984351
3356,normal,normal,0.9955648404637382
3357,attack,attack,0.0014835582261297157
3358,normal,normal,0.9865681479984582
3359,attack,attack,0.04993904280099057
3360,normal,normal,0.849493455491138
3361,attack,attack,0.0007174229448817083
3362,attack,normal,0.991242138031908
3363,attack,attack,0.0012887125075418976
3364,normal,attack,0.006269883158650904
3365,normal,normal,0.9978296560141614
3366,attack,normal,0.9979125548443013
3367,normal,normal,0.985204135114098
3368,attack,normal,0.9953258705405326
3369,normal,normal,0.9865904957304126
3370,attack,attack,0.002019146827008319
3371,attack,attack,0.02315759659938799
3372,attack,normal,0.5980373035232722
3373,attack,attack,0.00011031643261959507
3374,normal,normal,0.9936025920560763
3375,normal,normal,0.988426270522315
3376,normal,normal,0.9960709020194268
3377,attack,normal,0.9976560877906298
3378,normal,normal,0.9743815009348484
3379,attack,attack,0.023848660279253853
3380,attack,normal,0.9999994598285633
3381,normal,normal,0.9865211061417983
3382,attack,attack,0.004134850475179952
3383,normal,normal,0.9815959450077418
3384,attack,attack,0.002092347024855873
3385,attack,attack,0.017933026172814125
3386,normal,normal,0.9893407608900108
3387,normal,normal,0.9989838991034118
3388,attack,normal,0.9995096642543908
3389,attack,attack,0.13405392290310061
3390,normal,normal,0.995408351151815
3391,attack,normal,0.9926130888433882
3392,attack,attack,0.07245707218674885
3393,normal,normal,0.9890935234053537
3394,attack,attack,2.474888796748765e-07
3395,attack,normal,0.9999999715931344
3396,attack,normal,0.9364825353931234
3397,attack,attack,0.022411062399667652
3398,attack,normal,0.7570369678518445
3399,attack,attack,0.03034839778291259
3400,normal,normal,0.9998542834836367
3401,normal,normal,0.9669851364032033
3402,normal,normal,0.9981886720927964
3403,attack,attack,0.0001794583813129259
3404,attack,attack,0.0009920050586735274
3405,attack,normal,0.935849637404256
3406,attack,normal,0.9900020250663344
3407,attack,attack,0.007319342616095854
3408,normal,normal,0.9821229553670642
3409,attack,attack,0.00035573853234967533
3410,attack,normal,0.998489869386818
3411,attack,attack,0.020941679812107098
3412,normal,attack,0.005197373157458569
3413,attack,normal,0.5965568748100939
3414,normal,normal,0.9994948970989272
3415,attack,attack,0.003469787164048184
3416,normal,normal,0.9605293925561421
3417,attack,normal,0.9507042000623237
3418,attack,normal,0.9990573551249158
3419,attack,normal,0.93352629530633
3420,attack,attack,0.00012029108966334011
3421,attack,normal,0.7058469008257927
3422,normal,normal,0.9937443638992364
3423,attack,attack,0.01210316272364637
3424,attack,attack,0.0010815795405440926
3425,normal,normal,0.9965063176856996
3426,attack,attack,0.0013773775675731445
3427,normal,normal,0.9901010674163043
3428,normal,normal,0.9943763352038189
3429,attack,attack,0.0302532969431986
3430,attack,attack,1.450473863797702e-07
3431,attack,normal,0.7965334705187558
3432,attack,normal,0.9022423158135084
3433,normal,normal,0.9986659197513469
3434,attack,attack,0.014763859175803418
3435,normal,normal,0.9907073739719667
3436,attack,normal,0.9989961582966914
3437,attack,normal,0.9954845995401344
3438,normal,normal,0.9973447513663036
3439,attack,normal,0.999120372269503
3440,attack,normal,0.9982393212794383
3441,normal,normal,0.9900742250339342
3442,attack,attack,0.0010709399084283407
3443,normal,normal,0.9941731755722493
3444,attack,attack,0.05388217288066906
3445,attack,attack,0.00016792615957565268
3446,attack,attack,0.0010659074956411263
3447,normal,normal,0.9896780843083319
3448,attack,attack,0.0020376268564530034
3449,attack,attack,0.0015904798364954067
3450,attack,normal,0.9989081487997705
3451,normal,normal,0.9951231846018009
3452,attack,normal,0.5996309217179582
3453,normal,normal,0.9998692224400527
3454,attack,attack,0.0012084703390724506
3455,normal,normal,0.9971682675699602
3456,attack,normal,0.9363683356434886
3457,normal,normal,0.9382350468996683
3458,normal,normal,0.9992179229323077
3459,attack,normal,0.9352120534457068
3460,attack,attack,0.2461769502353574
3461,normal,normal,0.9970128051947936
3462,attack,normal,0.9985759105775761
3463,attack,normal,0.9910647984702249
3464,attack,attack,1.8653117044372848e-07
3465,attack,attack,0.02783375223024492
3466,attack,attack,0.00023349391498485723
3467,normal,normal,0.9980203064400613
3468,attack,normal,0.9987731246476759
3469,attack,normal,0.9369416148451643
3470,attack,attack,0.0004330451801473517
3471,attack,attack,1.8323673684068394e-07
3472,attack,normal,0.9366750239265271
3473,normal,attack,0.005110718661416973
3474,normal,normal,0.9897797985155393
3475,attack,normal,0.9986676558315618
3476,attack,attack,0.01974857616420325
3477,normal,normal,0.9979754236243108
3478,attack,attack,0.000275008564450914
3479,attack,attack,0.0010561268294865848
3480,normal,normal,0.990819164123878
3481,attack,normal,0.5623622090298781
3482,normal,normal,0.9993270516631847
3483,attack,normal,0.9755106925342404
3484,attack,attack,0.4063584200652926
3485,normal,normal,0.9796902374774639
3486,normal,normal,0.9422878693601446
3487,normal,normal,0.8423159882593537
3488,normal,normal,0.9974684631608365
3489,normal,normal,0.9859929986075382
3490,attack,attack,0.03898628753377726
3491,attack,attack,0.03325446021411185
3492,attack,attack,0.001077244991180469
3493,attack,attack,0.03746124297291694
3494,attack,normal,0.9885985667076812
3495,normal,attack,6.977986586443967e-08
3496,attack,attack,0.0012511352650004233
3497,attack,attack,0.02364250508113816
3498,normal,attack,0.005457385509264063
3499,normal,normal,0.9889894179240728
3500,attack,attack,0.0018054291223715995
3501,attack,normal,0.9974268601147515
3502,normal,normal,0.9979893373583887
3503,attack,attack,0.05517260784196322
3504,normal,normal,0.997610924635163
3505,attack,normal,0.9999999159216075
3506,attack,attack,0.0024965588552199876
3507,normal,normal,0.9353502286134584
3508,attack,attack,0.0013045098915442377
3509,attack,attack,0.00041226154909859724
3510,normal,normal,0.948740007945755
3511,normal,normal,0.9808780418077
3512,normal,normal,0.9875736842512426
3513,normal,normal,0.9870184178029587
3514,attack,normal,0.823607079592824
3515,attack,normal,0.9349700890349657
3516,attack,attack,4.4274948801868593e-07
3517,attack,normal,0.9999986782531127
3518,attack,attack,0.21510826444903736
3519,attack,normal,0.9947205230190523
3520,normal,normal,0.9936637186374029
3521,attack,normal,0.7134769533620887
3522,attack,normal,0.9941423468782852
3523,normal,normal,0.9977672897321392
3524,attack,normal,0.9995684604278541
3525,normal,normal,0.5546169433069646
3526,attack,attack,7.593295507786988e-05
3527,normal,normal,0.9902243688023422
3528,normal,normal,0.9942989848674509
3529,attack,attack,0.00026028412967086845
3530,attack,attack,0.034939261328678306
3531,attack,attack,0.008301995815661555
3532,normal,normal,0.9904985199529884
3533,normal,normal,0.9999998225811937
3534,normal,normal,0.9973338369043635
3535,normal,normal,0.9903046036369734
3536,attack,normal,0.9956100770392552
3537,attack,attack,0.039366163138844175
3538,attack,normal,0.989874002685646
3539,normal,normal,0.9977234810091398
3540,attack,normal,0.9959094588807217
3541,attack,attack,0.0006771028854022777
3542,normal,normal,0.9901036629506761
3543,normal,normal,0.9907455394011252
3544,attack,normal,0.5090287727654351
3545,attack,normal,0.9989572032023112
3546,normal,normal,0.9015036913390799
3547,attack,attack,0.000112315102188284
3548,normal,normal,0.9903538640856636
3549,normal,normal,0.9977743415186869
3550,attack,attack,0.006895092429128145
3551,attack,attack,0.000979903610860713
3552,normal,attack,0.008202249620671483
3553,attack,attack,0.0013303879098544007
3554,normal,normal,0.9927340720611463
3555,attack,attack,0.02017339498867795
3556,attack,attack,0.3915969736157224
3557,attack,normal,0.9335988894406635
3558,attack,attack,0.00028840713197874577
3559,normal,normal,0.9969000784377459
3560,attack,normal,0.935817899678176
3561,attack,normal,0.998303901076864
3562,attack,normal,0.9966234373021318
3563,attack,attack,0.0006747075042659958
3564,normal,normal,0.997199704073585
3565,normal,normal,0.9894384407980115
3566,attack,normal,0.7666479783326015
3567,normal,normal,0.9920278174660924
3568,attack,attack,0.021466971627132347
3569,attack,attack,8.073312944384373e-05
3570,attack,normal,0.9999985930993399
3571,normal,normal,0.9999044146788292
3572,normal,normal,0.9923186664755984
3573,attack,attack,6.303862386159673e-07
3574,attack,attack,0.012512929241175556
3575,normal,normal,0.9986191048044618
3576,normal,normal,0.9969748045549957
3577,normal,normal,0.9894405722089852
3578,attack,normal,0.7138632411750488
3579,normal,normal,0.985761772426965
3580,attack,attack,6.531861047419604e-07
3581,attack,normal,0.9865516127171466
3582,attack,attack,0.02109888449056114
3583,attack,normal,0.9972760755312974
3584,normal,normal,0.9975739005270934
3585,attack,attack,0.0003045871363156093
3586,attack,normal,0.9383725261578075
3587,attack,attack,0.009921256554012449
3588,attack,attack,1.7605288576597905e-05
3589,attack,normal,0.788512802292315
3590,attack,attack,0.0002451695657045142
3591,attack,attack,0.21918245900752803
3592,normal,normal,0.9974515249990707
3593,normal,normal,0.985268615656313
3594,attack,attack,1.3713235246731673e-07
3595,normal,normal,0.9974904727462768
3596,normal,normal,0.9611161570833499
3597,attack,attack,0.0065330008069728294
3598,normal,normal,0.9994277646383357
3599,attack,attack,0.0010600667599434401
3600,attack,attack,1.912256647322265e-06
3601,normal,normal,0.9974275141228531
3602,attack,attack,0.029217331845609193
3603,attack,attack,2.6442602989859887e-06
3604,normal,normal,0.9899989746560427
3605,normal,normal,0.9977926646349744
3606,normal,normal,0.9975186733770115
3607,attack,attack,0.0014652287942265993
3608,attack,normal,0.8635786073895312
3609,attack,attack,0.0012435654627670986
3610,attack,attack,0.001321302211541383
3611,attack,attack,0.001354892478779897
3612,attack,attack,0.015520673708462891
3613,normal,normal,0.9976079464375782
3614,normal,attack,0.47423056886591886
3615,normal,normal,0.9910496601842416
3616,normal,normal,0.980880810108446
3617,attack,attack,0.000160820584824832
3618,attack,normal,0.9465310466497271
3619,normal,normal,0.9998040348559064
3620,attack,attack,0.03309525881494832
3621,attack,attack,0.22705404753407643
3622,attack,attack,0.09147638077803653
3623,attack,attack,7.798500079666932e-07
3624,attack,attack,0.0014696241059156136
3625,attack,normal,0.9999997166614126
3626,normal,normal,0.9897803984519176
3627,attack,normal,0.9957909698208762
3628,normal,normal,0.9912451832204914
3629,attack,attack,2.9674767020773743e-06
3630,normal,normal,0.984954414516474
3631,attack,attack,0.0007147391891133262
3632,attack,attack,0.00017275471900638666
3633,attack,attack,0.030903382165040426
3634,normal,normal,0.9993565259828372
3635,normal,normal,0.9976725785388192
3636,attack,attack,2.6085346187522026e-06
3637,attack,attack,0.0013512050387826445
3638,attack,normal,0.9341874062026315
3639,normal,normal,0.9564133717516491
3640,normal,normal,0.9923663822669299
3641,attack,normal,0.8056985715554549
3642,attack,attack,0.0003157752364493119
3643,attack,normal,0.8278134878626892
3644,normal,normal,0.9900028294845802
3645,normal,normal,0.7627036085822623
3646,attack,attack,3.912596114437743e-07
3647,attack,attack,0.00957219604455392
3648,attack,attack,0.017082936621422497
3649,attack,attack,0.06432376901449374
3650,attack,attack,0.08534455803974379
3651,normal,normal,0.9856842452675297
3652,attack,attack,1.1419562042387757e-05
3653,attack,normal,0.9988468414675308
3654,attack,attack,0.02942444753562885
3655,attack,attack,0.02394068709477929
3656,attack,normal,0.9894163496877182
3657,normal,normal,0.9875876427486957
3658,attack,normal,0.9989801889410928
3659,attack,attack,0.0022961259610087344
3660,attack,attack,0.00891903196015076
3661,attack,attack,0.00015242357920613022
3662,attack,attack,3.3896503445818485e-07
3663,normal,normal,0.9663101521837707
3664,attack,normal,0.9995608250258884
3665,attack,attack,0.07160875233256424
3666,attack,attack,0.00011458171391971509
3667,normal,normal,0.9939187077731697
3668,normal,normal,0.997382058308483
3669,attack,attack,0.0008577743909315849
3670,attack,attack,1.025729972107209e-08
3671,attack,attack,0.0019098161693921
3672,attack,attack,6.034614113474903e-07
3673,attack,attack,0.010091234767859628
3674,normal,attack,0.02887020689454717
3675,attack,attack,7.188891729907528e-09
3676,attack,attack,0.0028611086279034994
3677,attack,normal,0.8883145163381321
3678,normal,normal,0.9998383779858623
3679,normal,normal,0.9980382152402301
3680,attack,normal,0.7482365710979852
3681,attack,attack,0.008148911571781416
3682,attack,attack,0.0019297823674532962
3683,normal,normal,0.99593009389827
3684,attack,attack,0.0002769566316093264
3685,attack,normal,0.9974845266635949
3686,normal,normal,0.9914298000299944
3687,normal,normal,0.9998282809316716
3688,attack,attack,2.461442307002096e-08
3689,attack,attack,0.00029693714115489636
3690,attack,normal,0.9980016059239071
3691,attack,attack,0.0010265268845235796
3692,normal,attack,0.0035699153148186424
3693,attack,attack,0.00039782660474259963
3694,attack,attack,0.0005142492560850475
3695,attack,attack,0.00047088744477332794
3696,attack,attack,0.007533060108156484
3697,normal,normal,0.9845157636700864
3698,attack,normal,0.9865452722361824
3699,attack,attack,0.014099820549371011
3700,attack,attack,0.0009035772112266672
3701,normal,normal,0.9896406677611004
3702,normal,normal,0.8902113241664027
3703,normal,normal,0.9959502225191232
3704,normal,normal,0.9974790357203467
3705,attack,attack,0.07743452392133719
3706,attack,normal,0.9340362463750984
3707,attack,attack,0.4921578187837559
3708,attack,normal,0.9956745396751655
3709,attack,attack,0.003808295155893486
3710,normal,normal,0.9905952792770504
3711,normal,normal,0.9967278347354263
3712,normal,normal,0.9882952731299351
3713,attack,normal,0.9999998807513675
3714,normal,normal,0.9868219468406546
3715,attack,attack,0.000469203127475223
3716,normal,normal,0.989402581422853
3717,attack,attack,0.0002531946734313117
3718,attack,normal,0.6953383087976367
3719,attack,attack,1.4983046052810478e-05
3720,attack,normal,0.9359912263757613
3721,attack,normal,0.9454489734526592
3722,attack,attack,8.341505865291224e-07
3723,attack,normal,0.9235648362004939
3724,normal,normal,0.9884458362427381
3725,attack,attack,0.16906334233592116
3726,normal,normal,0.9975302823109982
3727,attack,attack,0.0012932202588375984
3728,attack,normal,0.9980718508943456
3729,normal,normal,0.9929892007530691
3730,attack,normal,0.9113948578113263
3731,normal,normal,0.9614796942970738
3732,attack,normal,0.9992960120719498
3733,attack,normal,0.9987337645910747
3734,normal,normal,0.9868150333840864
3735,normal,normal,0.9942027445674785
3736,attack,attack,0.06315308744250685
3737,attack,normal,0.9340362337284164
3738,normal,normal,0.995774025867569
3739,attack,attack,0.013050569191624334
3740,normal,normal,0.9946735317301928
3741,normal,normal,0.9976633754809119
3742,normal,normal,0.9747081911773349
3743,normal,normal,0.9514405900338772
3744,attack,attack,0.06768341118456991
3745,normal,normal,0.9953803533729704
3746,attack,attack,0.07018521943114317
3747,normal,normal,0.9892348313646913
3748,normal,attack,0.00630041727896617
3749,attack,attack,0.29190420659763705
3750,normal,normal,0.9871878248458427
3751,normal,normal,0.9994353087440906
3752,attack,attack,0.3139012237000525
3753,normal,normal,0.9976406508434316
3754,normal,normal,0.9962243584523077
3755,attack,attack,5.854567894376517e-07
3756,attack,normal,0.9987715835328317
3757,normal,normal,0.9999345616530453
3758,normal,normal,0.9976537811237484
3759,normal,normal,0.9942252379102094
3760,normal,normal,0.9975249569767892
3761,attack,normal,0.9968248853864514
3762,attack,normal,0.9999999183642709
3763,normal,normal,0.9909141751290964
3764,attack,attack,0.020833987895572784
3765,attack,normal,0.675885492157159
3766,attack,attack,0.008576052725022498
3767,attack,attack,0.04111392871433275
3768,attack,normal,0.999999767974357
3769,normal,normal,0.997560024582874
3770,attack,attack,0.0005315872114088751
3771,attack,normal,0.9901991825145635
3772,attack,attack,0.004276765082869162
3773,normal,normal,0.9907994969442305
3774,attack,attack,5.221830389586995e-07
3775,attack,attack,0.006424553749400171
3776,normal,normal,0.7975810100689613
3777,attack,attack,7.258759689803e-08
3778,attack,normal,0.9999997176126807
3779,attack,attack,0.005260658699194131
3780,attack,attack,0.0001454977498733669
3781,attack,normal,0.9700366563907932
3782,attack,normal,0.7247045592936332
3783,attack,normal,0.9999999182357073
3784,attack,normal,0.9845862688772747
3785,attack,attack,8.081183064590214e-07
3786,normal,normal,0.9881702284690025
3787,attack,attack,0.018689970444222076
3788,normal,normal,0.9968079575221449
3789,attack,normal,0.8062706153520819
3790,normal,normal,0.9910561240089064
3791,normal,normal,0.9904731722152281
3792,normal,normal,0.9895881109115524
3793,attack,normal,0.9634873767452009
3794,normal,normal,0.9996763867327333
3795,normal,normal,0.9913299873280842
3796,normal,normal,0.9894594823628443
3797,attack,attack,1.796905642220202e-06
3798,normal,normal,0.9751888616596738
3799,attack,attack,0.0011552070884002293
3800,attack,normal,0.9987389719283293
3801,normal,attack,0.3072991776703601
3802,normal,normal,0.9955915542348157
3803,normal,normal,0.9968601276428073
3804,attack,attack,0.4211695593703681
3805,attack,attack,3.342395390000916e-07
3806,normal,normal,0.9981342436238198
3807,normal,normal,0.9883422394809838
3808,attack,normal,0.9813582416129762
3809,attack,attack,0.2674641629303744
3810,attack,attack,7.253557201604358e-05
3811,attack,attack,0.00033639669615099333
3812,attack,attack,0.08028008067133778
3813,attack,normal,0.9830521144960092
3814,attack,normal,0.7541821751182721
3815,normal,normal,0.9980167878378962
3816,normal,normal,0.9939620609424124
3817,attack,attack,0.0021325826664855517
3818,normal,normal,0.990604436170422
3819,attack,attack,0.0013723728063842389
3820,attack,normal,0.9969889861858953
3821,normal,normal,0.9971233174777876
3822,attack,attack,0.0005398258942899987
3823,attack,attack,0.01975898452666236
3824,attack,attack,0.0013508707318248662
3825,attack,attack,0.3257855686387892
3826,attack,attack,0.039251081923908596
3827,attack,normal,0.9974273064244209
3828,normal,attack,0.00514290733362505
3829,normal,normal,0.9873715369788042
3830,normal,normal,0.9967635229777154
3831,normal,normal,0.9834398037524286
3832,attack,normal,0.9984469903995664
3833,attack,attack,0.29409785052058324
3834,attack,attack,4.406165414487314e-07
3835,attack,attack,3.8931185874182246e-07
3836,attack,attack,0.0006955331162625829
3837,attack,normal,0.9982966067644852
3838,attack,attack,2.9071742837040077e-07
3839,normal,normal,0.9891228968867889
3840,attack,normal,0.9966277427985876
3841,normal,normal,0.9881673037698796
3842,attack,attack,0.024056776493386476
3843,attack,attack,0.022126187016395914
3844,normal,normal,0.9973725405587673
3845,attack,normal,0.9358507371887057
3846,attack,attack,0.18178795634198805
3847,attack,normal,0.9983611156340083
3848,attack,attack,0.003206068273948393
3849,normal,normal,0.9935115159165459
3850,attack,attack,2.846758262851787e-05
3851,attack,normal,0.9867161167723549
3852,normal,normal,0.9970475265774631
3853,attack,attack,0.0013705058420792288
3854,attack,attack,0.043484130344757815
3855,attack,attack,0.005463292552962385
3856,attack,attack,0.0807226196258982
3857,attack,attack,0.00017357686395608118
3858,attack,normal,0.9863601337341557
3859,attack,normal,0.9978564472362137
3860,attack,attack,0.025544158130278955
3861,attack,attack,0.0024403840406574517
3862,normal,attack,0.0035699208278576343
3863,attack,normal,0.9975090643455985
3864,normal,attack,0.005353916207245258
3865,normal,normal,0.9988253753879237
3866,attack,attack,0.002925147029980187
3867,normal,normal,0.9918435258718578
3868,attack,attack,0.00037944070917502197
3869,normal,normal,0.9904586884357316
3870,normal,normal,0.9877350029712879
3871,normal,normal,0.9945127190207705
3872,attack,attack,0.0637814544912497
3873,normal,normal,0.9997199422707128
3874,attack,attack,0.01854534655717782
3875,attack,normal,0.934567461704889
3876,attack,attack,1.2949664766356402e-07
3877,normal,normal,0.9950040213702579
3878,attack,attack,0.00019260714200181487
3879,attack,normal,0.9969706173445361
3880,attack,attack,0.005821496684922402
3881,normal,normal,0.998822040434547
3882,attack,attack,0.0005023623024014775
3883,normal,attack,0.016423705768201336
3884,attack,normal,0.9960320857926819
3885,attack,attack,3.1651770893300195e-07
3886,normal,normal,0.9977036629658956
3887,normal,normal,0.995660503676355
3888,attack,attack,0.03300708105390725
3889,attack,attack,0.0002811345198272674
3890,attack,attack,0.00014339920697976452
3891,normal,normal,0.9928347880390685
3892,normal,attack,0.3996442120202555
3893,attack,attack,0.0017836938018381146
3894,attack,attack,2.9882191093238926e-05
3895,normal,attack,0.0048464700839751995
3896,normal,normal,0.9907218751016128
3897,attack,attack,0.0022089560681699118
3898,attack,normal,0.9978089849585893
3899,attack,normal,0.975064784929841
3900,attack,attack,2.8483499473318175e-06
3901,normal,normal,0.9905100170694952
3902,normal,normal,0.997014286542457
3903,attack,attack,0.00011911680884373365
3904,attack,normal,0.9413917737382689
3905,attack,attack,0.0012327076433413541
3906,attack,normal,0.9987731247315164
3907,normal,normal,0.9962498808965269
3908,attack,attack,5.852756882654774e-07
3909,normal,normal,0.9939068871498759
3910,attack,attack,0.4889362873232642
3911,normal,normal,0.9837323844676135
3912,normal,normal,0.999562478901132
3913,normal,normal,0.9891940813399651
3914,attack,normal,0.998757605490662
3915,attack,normal,0.9988949826504802
3916,normal,normal,0.9975338319834754
3917,attack,attack,0.0015352062877600104
3918,attack,normal,0.9924031022073841
3919,attack,attack,0.0015679719568433758
3920,normal,normal,0.996021253246077
3921,normal,normal,0.9902534315954973
3922,normal,normal,0.9867260307811051
3923,attack,attack,0.025685982501958058
3924,normal,attack,0.0017727539272315905
3925,normal,normal,0.985001154176018
3926,normal,normal,0.9998397122260527
3927,normal,normal,0.9998644226093953
3928,attack,normal,0.9999999728613461
3929,attack,attack,0.006225968356530527
3930,normal,normal,0.990584975391501
3931,attack,normal,0.9987575417262176
3932,attack,normal,0.9987191069554658
3933,normal,normal,0.9980879382778497
3934,normal,normal,0.7749482759155235
3935,normal,normal,0.9890141272738724
3936,attack,attack,0.0003967948522664131
3937,attack,attack,0.05739426342392941
3938,attack,normal,0.9834540617987101
3939,attack,normal,0.9999999153026197
3940,attack,attack,1.6107467615606243e-07
3941,attack,attack,0.00028157231273712874
3942,normal,normal,0.9990569011051638
3943,attack,attack,0.0003170419435090866
3944,normal,normal,0.9826014965529742
3945,normal,normal,0.9894588692959035
3946,attack,attack,0.0003780386870167294
3947,normal,normal,0.9998698958275231
3948,attack,normal,0.9364823818475803
3949,normal,normal,0.9894614536451803
3950,attack,normal,0.9960003227144979
3951,attack,normal,0.9975353153093789
3952,normal,normal,0.996200334489302
3953,normal,normal,0.7672554846083168
3954,attack,attack,0.0003001634730690268
3955,attack,attack,0.00012138565085862775
3956,normal,normal,0.8594026573450506
3957,attack,normal,0.9978206264369056
3958,normal,normal,0.9979967201404062
3959,attack,attack,3.3099377534253844e-07
3960,attack,normal,0.99735087796215
3961,attack,normal,0.9986941425075543
3962,attack,normal,0.6866446114119109
3963,attack,normal,0.9991475183516294
3964,attack,attack,6.378711026268148e-06
3965,attack,attack,0.34361048017038104
3966,normal,normal,0.98999952570407
3967,attack,normal,0.6421288447094777
3968,attack,normal,0.6100899289341236
3969,normal,normal,0.9977428591615537
3970,attack,attack,8.053571895391189e-07
3971,attack,attack,0.0003081199779845399
3972,normal,attack,0.004177668174215066
3973,normal,normal,0.9483513239654153
3974,normal,normal,0.9873709797021636
3975,normal,normal,0.9962389256306615
3976,attack,normal,0.8087980230402393
3977,attack,normal,0.719145029466379
3978,attack,attack,0.023148731938695565
3979,attack,normal,0.935211025818573
3980,attack,normal,0.9341804361902312
3981,normal,normal,0.9978013688620612
3982,normal,normal,0.9542859415470096
3983,attack,normal,0.9999998527624098
3984,normal,normal,0.99764399390999
3985,normal,normal,0.9894066770378757
3986,attack,normal,0.9345674658888788
3987,normal,normal,0.966635678478664
3988,attack,attack,4.2328949014868465e-07
3989,attack,attack,4.5306164949022705e-07
3990,normal,normal,0.9901969309317317
3991,attack,attack,0.012546320619915594
3992,normal,normal,0.9887413028442287
3993,attack,normal,0.9940243231759368
3994,normal,normal,0.9900314098447378
3995,normal,normal,0.9991627048842472
3996,normal,normal,0.9892003964808201
3997,attack,attack,0.06570497236845509
3998,normal,normal,0.999904036632328
3999,attack,attack,0.000706988588173025
4000,attack,normal,0.9999995745935388
4001,attack,attack,0.04944723725313385
4002,normal,normal,0.9979798551234118
4003,normal,normal,0.999805625547368
4004,attack,attack,0.024746162826151878
4005,attack,attack,0.00015573921089202388
4006,attack,attack,4.501701095801607e-06
4007,attack,attack,0.0018897823040310254
4008,attack,attack,0.0014149955502043877
4009,normal,normal,0.9869945161329555
4010,attack,normal,0.9922619409365437
4011,attack,attack,0.0926387061673124
4012,attack,attack,0.018944015371222436
4013,attack,normal,0.8517597257679177
4014,normal,attack,0.3830989647549314
4015,attack,attack,0.0011957192308006028
4016,attack,normal,0.9986873190693673
4017,normal,normal,0.9997273148478388
4018,attack,attack,0.00027032945015611495
4019,attack,attack,0.004986890322248457
4020,attack,normal,0.976544941960687
4021,attack,attack,5.195391273226231e-08
4022,normal,normal,0.9809408690551807
4023,normal,normal,0.9978346754497502
4024,attack,attack,0.0068697081977216546
4025,attack,attack,0.018183178748348065
4026,attack,normal,0.936676010474505
4027,normal,normal,0.9985329704180989
4028,normal,normal,0.9970154318770238
4029,attack,normal,0.985542165957411
4030,attack,attack,0.11182947542839003
4031,normal,normal,0.5907996091893588
4032,attack,attack,4.020256114356643e-07
4033,normal,normal,0.9901388423090349
4034,attack,attack,2.0070653031190817e-07
4035,attack,attack,0.0008728417570060436
4036,attack,attack,0.000348820987939057
4037,normal,normal,0.9944895559358236
4038,normal,normal,0.9973688951266261
4039,attack,normal,0.9987541383494509
4040,attack,normal,0.9163131379199632
4041,normal,normal,0.9980016380488306
4042,normal,normal,0.966150743112608
4043,attack,normal,0.9958280882135389
4044,attack,attack,4.293771327880125e-08
4045,attack,attack,0.0012218334367621714
4046,normal,normal,0.9938939949063047
4047,attack,normal,0.9989053058716117
4048,attack,attack,0.0002730264143328786
4049,normal,attack,0.004527858036892264
4050,normal,normal,0.9998101212864663
4051,normal,normal,0.9919385594114921
4052,attack,attack,0.00016892243218610497
4053,attack,normal,0.9363683315668123
4054,attack,attack,0.309945177791504
4055,attack,attack,2.8254739980297688e-06
4056,attack,attack,0.008287891187124532
4057,attack,attack,0.0021069960127164367
4058,attack,normal,0.9984703288419802
4059,normal,normal,0.997244843024908
4060,normal,normal,0.9978500574001365
4061,normal,normal,0.9499312700054368
4062,attack,attack,0.4380012396682908
4063,attack,attack,6.765328814391189e-08
4064,normal,normal,0.9943275020205206
4065,attack,attack,0.00015086727721622063
4066,normal,normal,0.9741328460514136
4067,attack,attack,0.0009380443854327798
4068,attack,normal,0.8639615545463845
4069,attack,attack,2.9803899119757243e-07
4070,attack,attack,0.0016358943417861941
4071,attack,attack,8.476739242263107e-06
4072,attack,normal,0.9982923883579149
4073,normal,normal,0.9962182555474184
4074,attack,attack,0.022478782068920906
4075,normal,normal,0.9898829529797266
4076,attack,normal,0.8069552902998979
4077,normal,normal,0.9955043202631185
4078,attack,attack,0.0020069603482025565
4079,attack,attack,0.0001734927651051228
4080,normal,normal,0.9958018469859243
4081,attack,attack,0.3097182443754959
4082,normal,normal,0.9995671520820187
4083,normal,attack,0.018106641495256023
4084,normal,normal,0.9778178052066492
4085,normal,normal,0.9852091149899828
4086,normal,attack,4.9899857050429715e-08
4087,attack,attack,3.3639759820886426e-05
4088,attack,attack,0.00011588602679050374
4089,attack,attack,0.0017423238877593223
4090,normal,normal,0.9956691002741328
4091,normal,normal,0.9896365208342545
4092,normal,normal,0.9868342561315077
4093,normal,normal,0.9988128964314776
4094,attack,normal,0.945734851891023
4095,normal,normal,0.9915884154077756
4096,attack,attack,0.060176148763062445
4097,attack,normal,0.9341192853647146
4098,normal,normal,0.9952726421997212
4099,normal,normal,0.9971938961253946
4100,attack,normal,0.9994474098835346
4101,attack,attack,0.00012754235188578293
4102,attack,normal,0.8929894254138702
4103,normal,normal,0.990509049556015
4104,normal,normal,0.9871952250604072
4105,attack,attack,0.03025585261111143
4106,attack,attack,0.018313604874355613
4107,attack,attack,0.00035405822904296486
4108,normal,normal,0.99730653800996
4109,attack,normal,0.9901706784037955
4110,attack,normal,0.7796400762922612
4111,attack,normal,0.9910382102784323
4112,attack,attack,0.18877458315622825
4113,attack,attack,0.0019734721074344598
4114,attack,attack,5.313033001023004e-05
4115,attack,attack,0.0005490306107547682
4116,normal,attack,0.0048464660990662515
4117,attack,attack,0.0003494561124768806
4118,attack,attack,3.0942339338382965e-08
4119,attack,attack,0.0008563622460469223
4120,normal,normal,0.9866426114256388
4121,normal,normal,0.9893247022797995
4122,normal,normal,0.9970746402469097
4123,attack,attack,0.0016125802655051068
4124,normal,normal,0.9887820783803709
4125,attack,normal,0.9369963744561235
4126,attack,attack,0.006324486626992321
4127,normal,normal,0.987343587249006
4128,attack,normal,0.862948711298329
4129,attack,attack,0.3602225102104363
4130,normal,normal,0.9903087850132923
4131,attack,attack,0.0013199729033065628
4132,normal,normal,0.9859690322345424
4133,normal,normal,0.9856778813032476
4134,attack,normal,0.9985594337539009
4135,normal,normal,0.9967542856558174
4136,normal,normal,0.9975105405159996
4137,normal,normal,0.9989299849356058
4138,attack,normal,0.9965473986134247
4139,normal,normal,0.9979630005009894
4140,attack,attack,7.004993541274396e-08
4141,attack,attack,0.0006354124696827448
4142,attack,normal,0.9970109211942124
4143,attack,normal,0.9296221210249864
4144,attack,attack,0.0008078613288590548
4145,normal,normal,0.9973092236327394
4146,normal,normal,0.9926684332913169
4147,attack,normal,0.8053270750159313
4148,normal,normal,0.9795934800268464
4149,attack,normal,0.954037390973205
4150,attack,normal,0.9989122848098256
4151,attack,attack,0.003386153698567798
4152,attack,normal,0.9896114095123865
4153,normal,normal,0.9972753669277632
4154,normal,normal,0.9906090591631039
4155,normal,normal,0.9966821688860776
4156,normal,normal,0.9924675407959739
4157,normal,normal,0.9970257161432319
4158,attack,normal,0.9855055747694825
4159,attack,normal,0.9990925314085752
4160,normal,normal,0.9922644764423068
4161,normal,normal,0.9908073859801173
4162,normal,normal,0.9981154543026873
4163,attack,normal,0.9625494574801119
4164,normal,normal,0.9897288566947938
4165,normal,normal,0.988484534039751
4166,normal,normal,0.984433937962727
4167,attack,normal,0.991827627139048
4168,attack,normal,0.9583125490204398
4169,attack,normal,0.9973149650139168
4170,attack,attack,0.0004242093349307769
4171,attack,normal,0.9989430847220147
4172,attack,normal,0.9996717513086395
4173,normal,normal,0.9818358423146437
4174,attack,attack,0.29664173311597863
4175,attack,attack,0.006942452442925268
4176,normal,normal,0.9968040504988115
4177,attack,normal,0.954476798506053
4178,normal,normal,0.9996325526075887
4179,attack,normal,0.9439471303531355
4180,attack,normal,0.9966018525203196
4181,normal,normal,0.9854607946132816
4182,attack,attack,0.0008543123777225422
4183,normal,normal,0.9962552048083849
4184,normal,normal,0.9976140040407173
4185,attack,attack,5.90714015715916e-05
4186,normal,normal,0.9908574992311552
4187,attack,normal,0.9990796524054022
4188,attack,normal,0.9999999706756078
4189,normal,normal,0.9867880883311211
4190,normal,normal,0.9805905057830785
4191,attack,attack,8.423973312276733e-05
4192,normal,normal,0.9847400900862883
4193,attack,attack,0.4963840771972396
4194,attack,attack,0.00025727400605148726
4195,normal,normal,0.9914033410100828
4196,normal,attack,0.0012525425654422984
4197,normal,normal,0.9908041975994877
4198,normal,normal,0.9974853891274506
4199,attack,attack,0.001426159245006947
4200,normal,normal,0.9345643973454514
4201,attack,normal,0.9987023490034541
4202,normal,normal,0.9899139748766161
4203,normal,normal,0.9887707988206993
4204,attack,attack,0.06433248491796074
4205,attack,attack,0.027165429957371874
4206,attack,normal,0.9991209126327242
4207,attack,normal,0.9768557857613195
4208,normal,normal,0.9899993940005709
4209,normal,normal,0.9973593768025371
4210,attack,normal,0.9985571881208781
4211,attack,attack,0.2561309539256111
4212,normal,normal,0.9972834072778447
4213,attack,attack,0.0027844422244133766
4214,attack,attack,0.24421377395356827
4215,attack,attack,0.02620103469797978
4216,normal,normal,0.9997856457647246
4217,attack,attack,0.020436422276920944
4218,normal,normal,0.9494418410250067
4219,normal,normal,0.9710657818912344
4220,attack,normal,0.866548929603073
4221,attack,normal,0.9940802043203694
4222,attack,attack,0.0010371447959301018
4223,attack,normal,0.9396071571453942
4224,attack,attack,0.0013392777225768185
4225,attack,attack,0.022589976422096543
4226,normal,normal,0.9979877825039132
4227,attack,attack,0.0014939749450648002
4228,normal,normal,0.9943337293183001
4229,attack,attack,0.0001682204254495614
4230,normal,normal,0.9906354494168075
4231,attack,normal,0.9989076707304314
4232,attack,attack,6.621439726286013e-07
4233,attack,attack,9.171117230867982e-05
4234,attack,normal,0.9975818178683943
4235,attack,attack,1.6517596450980316e-06
4236,attack,normal,0.998654457909903
4237,attack,attack,0.009083505012589855
4238,normal,normal,0.9927344495658726
4239,normal,normal,0.9855818086298302
4240,normal,normal,0.9979353290987286
4241,attack,normal,0.9983993683213458
4242,normal,normal,0.9876687127518659
4243,normal,normal,0.9504234817128205
4244,normal,normal,0.9979286025259182
4245,attack,normal,0.9972184564554828
4246,attack,attack,3.9368588934772155e-08
4247,attack,normal,0.9999999226721645
4248,attack,normal,0.9974007446975219
4249,attack,normal,0.9895758749837013
4250,attack,normal,0.7344411756735134
4251,normal,normal,0.7193551516018513
4252,attack,attack,0.0007489949856018952
4253,attack,attack,0.000801375188401687
4254,attack,normal,0.9172895717620064
4255,attack,attack,4.230957394656807e-08
4256,attack,attack,0.000297513809528803
4257,normal,normal,0.9980720268571622
4258,normal,normal,0.9969174094591479
4259,attack,normal,0.5530256365263708
4260,normal,normal,0.9885799471513792
4261,attack,attack,3.552488038879912e-07
4262,normal,normal,0.9866630387533946
4263,attack,attack,3.2911161887946023e-07
4264,attack,attack,0.055456688917547056
4265,normal,normal,0.9911602101639565
4266,normal,normal,0.99743783169705
4267,normal,normal,0.9860151480900708
4268,attack,normal,0.9999953852435417
4269,attack,normal,0.6805771968441868
4270,normal,normal,0.9885706314808267
4271,attack,normal,0.9995452941385423
4272,attack,attack,0.018740673696057614
4273,attack,attack,3.766596253644624e-08
4274,normal,normal,0.9965945671879657
4275,attack,attack,1.7682210228880426e-06
4276,attack,attack,0.0003323733285195373
4277,normal,normal,0.9974216725546565
4278,attack,normal,0.9986330602335984
4279,attack,attack,0.011036034313263554
4280,normal,normal,0.9975390803850437
4281,attack,attack,0.0001523866050142965
4282,attack,normal,0.9959135239127372
4283,attack,normal,0.9510563274748658
4284,attack,attack,7.5115582898478774e-06
4285,attack,attack,0.00010558131643392185
4286,normal,normal,0.9897303854783587
4287,attack,attack,0.00012324046381425498
4288,attack,attack,0.0018659232762702985
4289,normal,normal,0.9914200569384463
4290,attack,attack,0.055126044241884165
4291,normal,normal,0.9884128773113329
4292,attack,normal,0.9987291810966872
4293,attack,attack,0.28851781992900105
4294,attack,normal,0.9804634661382079
4295,attack,normal,0.9335846943220671
4296,attack,attack,4.0057190565159113e-07
4297,normal,normal,0.9856974973887095
4298,normal,normal,0.9978686004576233
4299,attack,normal,0.986294721048785
4300,attack,attack,0.000775217147162321
4301,attack,attack,0.0002295249866471943
4302,normal,normal,0.9903481265145974
4303,attack,normal,0.7925085856809271
4304,attack,attack,1.8206543925101848e-06
4305,attack,attack,0.06613809589694367
4306,normal,normal,0.9363686286672456
4307,normal,normal,0.9893880184519428
4308,attack,attack,0.04480640557269226
4309,attack,normal,0.9903183291564709
4310,normal,normal,0.9907773590785954
4311,normal,normal,0.9876661603748892
4312,attack,attack,0.42928904365453224
4313,attack,attack,2.405914626953316e-07
4314,normal,normal,0.9998266753408599
4315,attack,attack,0.0008693915223712209
4316,attack,attack,0.00014847838917254031
4317,normal,normal,0.7967121951205376
4318,normal,normal,0.986588829988371
4319,attack,attack,0.0010222594604889705
4320,normal,normal,0.988894701048091
4321,attack,attack,0.34930023877464994
4322,normal,normal,0.9908007685549001
4323,normal,normal,0.9993592927566534
4324,attack,normal,0.9977538093695434
4325,normal,normal,0.9977944795961989
4326,attack,normal,0.9345716182695752
4327,normal,normal,0.9905102623408406
4328,normal,normal,0.9415392110138573
4329,attack,attack,0.001387170776472522
4330,attack,attack,2.5252289576604517e-07
4331,normal,normal,0.9903628423676186
4332,normal,normal,0.9970847888813427
4333,attack,attack,6.659393062078133e-06
4334,attack,normal,0.997826905183114
4335,attack,normal,0.9364824330294663
4336,attack,attack,0.0012958508634985384
4337,attack,normal,0.9991966622081957
4338,attack,normal,0.9971707395985631
4339,attack,attack,0.0031383243656374635
4340,attack,normal,0.9485734045561804
4341,attack,attack,0.000989641518705521
4342,normal,normal,0.9901026807543075
4343,normal,normal,0.9902248146430862
4344,normal,normal,0.9988422176913404
4345,attack,attack,0.4613325872242048
4346,normal,normal,0.9973430432532858
4347,attack,attack,0.11625939623207523
4348,attack,attack,0.4783409928515657
4349,attack,attack,0.29804896335877695
4350,normal,normal,0.9980603477999265
4351,normal,normal,0.9962586850396437
4352,normal,normal,0.9949242798161972
4353,attack,normal,0.6687198450898091
4354,attack,attack,0.003819313885299524
4355,attack,attack,0.0012648161564796253
4356,normal,attack,0.004055370656839779
4357,attack,attack,0.00031172503214787816
4358,normal,normal,0.9760113595818123
4359,normal,normal,0.9964516978559291
4360,normal,normal,0.9969338574127519
4361,attack,normal,0.9989264918200121
4362,attack,normal,0.9953383580212386
4363,attack,normal,0.9982404333918036
4364,normal,normal,0.9399026109471825
4365,normal,normal,0.9891954333429261
4366,attack,attack,3.8678643702473525e-07
4367,normal,normal,0.9964255740937974
4368,attack,attack,2.1271721844483942e-07
4369,normal,normal,0.9967650398799353
4370,attack,attack,0.000194978241215773
4371,normal,normal,0.9840103618585158
4372,normal,normal,0.9979398771740505
4373,normal,normal,0.9977555164141733
4374,attack,attack,0.0002127113127359341
4375,attack,normal,0.9846531611937492
4376,attack,attack,0.0013949296636734429
4377,normal,normal,0.999362113653107
4378,attack,attack,0.0007568661067991606
4379,attack,attack,0.06315207542926118
4380,normal,normal,0.9853976280041252
4381,normal,normal,0.9772805772212185
4382,attack,normal,0.9999999297196851
4383,attack,normal,0.9999999695942161
4384,attack,normal,0.9995674402341597
4385,normal,normal,0.986133905491024
4386,normal,normal,0.9997615124456148
4387,attack,attack,0.008003764684592086
4388,normal,normal,0.9925269320912438
4389,attack,attack,0.0002054639973158163
4390,normal,normal,0.9981502306695038
4391,attack,attack,0.0348312753885357
4392,attack,attack,0.00010294756052136775
4393,attack,normal,0.9954601305497935
4394,attack,normal,0.9690691790686049
4395,normal,normal,0.9966756527046463
4396,normal,normal,0.9974570458384856
4397,normal,normal,0.9726994760673304
4398,normal,normal,0.9974962711554134
4399,normal,normal,0.9971687468151081
4400,attack,normal,0.9964623583342258
4401,normal,normal,0.986945534905213
4402,attack,attack,4.134312416597209e-07
4403,normal,normal,0.9906093868500938
4404,normal,normal,0.990306655148457
4405,attack,attack,0.00016270250754532792
4406,normal,attack,0.003495372261690641
4407,attack,attack,0.24986853013893276
4408,attack,attack,0.0029934588807801208
4409,normal,normal,0.9871579380460263
4410,attack,attack,6.852254701659483e-05
4411,normal,normal,0.9979814248909359
4412,attack,normal,0.9347105777694
4413,normal,normal,0.9997309884712181
4414,normal,normal,0.7703186722372205
4415,attack,attack,0.061764671289116536
4416,attack,normal,0.9982335173267721
4417,normal,normal,0.9799869495550214
4418,normal,attack,6.703078152103441e-09
4419,attack,attack,2.7675152089840115e-07
4420,normal,normal,0.9792411154384302
4421,normal,normal,0.9957135059152576
4422,attack,attack,0.0001942283097153721
4423,attack,attack,0.0021322828819429055
4424,normal,attack,0.004567037286453018
4425,normal,normal,0.9885064142544843
4426,attack,attack,7.692645303390527e-08
4427,attack,attack,0.03256490141891759
4428,attack,attack,0.00018475324844820527
4429,attack,attack,1.1117878559661503e-06
4430,normal,normal,0.9900781419044263
4431,attack,attack,0.00017901048629746918
4432,attack,normal,0.9999998409381803
4433,normal,normal,0.9055320046541145
4434,attack,attack,0.007958798511528186
4435,attack,attack,0.07570834516617474
4436,normal,normal,0.9723814533119421
4437,attack,attack,0.05108402542325945
4438,attack,normal,0.9995381511727641
4439,attack,attack,8.18179813709333e-08
4440,normal,normal,0.997006545448421
4441,normal,normal,0.9997972689004924
4442,normal,normal,0.9880764302811027
4443,normal,normal,0.9901037279604677
4444,attack,normal,0.8587693951145992
4445,attack,normal,0.7547385318921431
4446,attack,attack,0.05383929061179174
4447,attack,attack,0.1130799867959506
4448,attack,attack,0.4431707613782164
4449,attack,normal,0.9767173721939508
4450,normal,normal,0.9979478138649894
4451,normal,normal,0.9908041201748188
4452,attack,normal,0.9973952272722931
4453,attack,attack,0.0016333160205491478
4454,normal,normal,0.9978638665473857
4455,attack,attack,4.619166335432804e-07
4456,normal,normal,0.98889420503595
4457,normal,normal,0.9965023423646449
4458,attack,attack,0.03869037718865242
4459,attack,attack,3.6339068785900997e-07
4460,normal,normal,0.7662329048820392
4461,attack,normal,0.9413720284233997
4462,normal,normal,0.9913181053286779
4463,normal,normal,0.9962216961902265
4464,normal,normal,0.9933079017600009
4465,normal,normal,0.9968288312368353
4466,normal,normal,0.9877021936126702
4467,normal,normal,0.6142136809597427
4468,attack,normal,0.9937223673572326
4469,normal,attack,0.034337777862502084
4470,normal,normal,0.9953660520279795
4471,normal,normal,0.9976735416059159
4472,normal,normal,0.9887027638506922
4473,attack,normal,0.9897227655147108
4474,attack,attack,0.056601093575540794
4475,attack,attack,0.00012979808365380055
4476,normal,normal,0.9978887522937148
4477,attack,attack,0.01330031448115346
4478,normal,normal,0.9862795834273296
4479,attack,normal,0.6984138080065627
4480,normal,normal,0.9357314399312273
4481,attack,attack,5.150756593496646e-06
4482,normal,normal,0.9824454384313921
4483,attack,normal,0.9999999386959466
4484,normal,normal,0.9964882663471178
4485,attack,normal,0.9979853987083673
4486,normal,normal,0.9961145364798779
4487,attack,normal,0.9996135418204651
4488,normal,normal,0.9967285725302606
4489,attack,attack,5.719330534608866e-08
4490,normal,normal,0.9912076286784917
4491,normal,normal,0.9962200584194094
4492,attack,attack,0.002239245449505245
4493,normal,normal,0.9922183239166982
4494,normal,normal,0.9979186181686395
4495,attack,attack,0.026398829589700776
4496,attack,attack,0.007486422943810394
4497,attack,attack,0.13798685322451237
4498,attack,attack,3.696905034292558e-06
4499,attack,attack,2.6539151377518164e-07
4500,normal,attack,0.003495372380850224
4501,attack,normal,0.5242508092709686
4502,normal,normal,0.9937247219522367
4503,normal,normal,0.9902051349908667
4504,normal,normal,0.9918741266465783
4505,normal,normal,0.9978940877900448
4506,normal,normal,0.9894540921840907
4507,attack,normal,0.5989297831611038
4508,attack,attack,5.8414879782443784e-06
4509,attack,attack,0.000136854544458116
4510,normal,normal,0.9897968473246092
4511,normal,normal,0.9874548092232228
4512,attack,normal,0.9999991791953682
4513,normal,normal,0.9956275790023471
4514,normal,normal,0.997970114270124
4515,normal,normal,0.9962641788834308
4516,attack,normal,0.750617423441055
4517,normal,normal,0.9941203061117286
4518,attack,attack,0.055549650586458804
4519,attack,attack,2.771446744408919e-07
4520,attack,attack,2.8862735382569454e-07
4521,attack,attack,2.3739031888613932e-08
4522,normal,normal,0.9998988329481325
4523,attack,attack,3.9607716856844496e-07
4524,attack,attack,0.004872763427429373
4525,attack,normal,0.5669443179045791
4526,normal,normal,0.972504214711851
4527,attack,attack,5.979153172156258e-07
4528,attack,attack,6.737883284925991e-08
4529,normal,normal,0.9957567903239263
4530,attack,attack,9.156283613442903e-06
4531,attack,attack,0.0009451414678025157
4532,normal,normal,0.9978289629445449
4533,normal,normal,0.9976869094149396
4534,attack,normal,0.9341793097839266
4535,attack,normal,0.9669841085845328
4536,attack,normal,0.9363683172984433
4537,normal,normal,0.9873815645903272
4538,attack,attack,0.003130450886365417
4539,normal,normal,0.9970894811413301
4540,normal,normal,0.9962513333846907
4541,attack,attack,0.026650741681314857
4542,attack,attack,0.07089214829793239
4543,normal,normal,0.997332750966959
4544,attack,normal,0.9968896722212054
4545,normal,normal,0.9901035712659851
4546,normal,normal,0.9967757675257936
4547,normal,normal,0.9872603726036491
4548,normal,normal,0.9979138491368165
4549,attack,attack,0.114241738594839
4550,attack,attack,2.5446975288419385e-07
4551,attack,attack,0.001335315774293041
4552,attack,attack,8.118362320109397e-05
4553,normal,normal,0.9975333865304397
4554,attack,attack,6.051523998605983e-08
4555,normal,normal,0.9968093574859356
4556,attack,attack,4.852273570718246e-07
4557,attack,normal,0.9999999365551091
4558,normal,normal,0.9954579578176824
4559,attack,attack,4.716698492939231e-09
4560,normal,normal,0.988244107700584
4561,attack,normal,0.99999992541114
4562,attack,normal,0.9999999314623476
4563,attack,attack,0.002863970546128407
4564,attack,attack,0.000272296497598368
4565,attack,attack,0.2844493278433857
4566,normal,normal,0.9947677245884041
4567,attack,normal,0.9275467687892436
4568,attack,attack,6.115547482853416e-05
4569,attack,normal,0.9964377136814644
4570,normal,normal,0.9972480451213311
4571,normal,normal,0.9694232240714841
4572,normal,normal,0.9995459142731219
4573,attack,attack,0.019844698418121826
4574,attack,attack,2.319410991196219e-07
4575,normal,normal,0.9887774939985566
4576,normal,normal,0.9992687918399524
4577,attack,attack,0.0008736687608438886
4578,normal,normal,0.9880845225489336
4579,attack,attack,0.0010016802542762882
4580,attack,normal,0.9348285601485105
4581,attack,normal,0.9999999711597843
4582,attack,attack,0.023244106490382575
4583,attack,attack,0.004664572080622621
4584,attack,attack,0.0010306908139099981
4585,attack,attack,0.0010022684442786616
4586,normal,normal,0.9884332716706113
4587,attack,normal,0.9372431122976748
4588,attack,attack,0.0012551924207751925
4589,attack,attack,6.934891997037269e-06
4590,normal,normal,0.997432231013781
4591,attack,normal,0.9999999394593878
4592,attack,attack,0.016492600144077378
4593,normal,normal,0.9976764005813591
4594,normal,normal,0.9838459166134341
4595,attack,normal,0.9959049716080004
4596,normal,normal,0.9879382687539281
4597,normal,normal,0.9981221311262145
4598,attack,normal,0.5510093223332386
4599,attack,attack,0.0015450429539810959
4600,normal,normal,0.9867743168562054
4601,normal,normal,0.9998345723221531
4602,normal,normal,0.9937696844977778
4603,normal,normal,0.9955097364575316
4604,normal,normal,0.997464610914898
4605,attack,attack,0.0013578098992548895
4606,normal,normal,0.9970612854119804
4607,normal,normal,0.9965793837540545
4608,attack,normal,0.701774253210137
4609,attack,attack,3.028021557308793e-05
4610,normal,normal,0.9371069805351848
4611,attack,normal,0.999097282034599
4612,normal,attack,0.004072593527075167
4613,normal,normal,0.9850047972298418
4614,attack,attack,0.00017351798221726028
4615,attack,normal,0.9352120430816312
4616,normal,normal,0.9941179553039181
4617,normal,normal,0.9908018842078343
4618,attack,attack,3.0343163606894193e-07
4619,attack,attack,0.0020551343090352042
4620,attack,normal,0.5087581083418802
4621,normal,normal,0.9897615931990141
4622,attack,normal,0.998908839597077
4623,normal,normal,0.9983609485834156
4624,attack,attack,0.00583631565651785
4625,attack,attack,0.00021579871583787548
4626,normal,attack,0.005020406490872539
4627,attack,normal,0.9979857959448655
4628,normal,normal,0.9976557089527074
4629,attack,normal,0.9365251377704741
4630,attack,attack,0.013723509677669894
4631,attack,normal,0.9990540244972975
4632,normal,normal,0.9971345230884034
4633,attack,attack,8.645731477307424e-05
4634,normal,normal,0.9972265348571739
4635,normal,normal,0.9830219123880192
4636,normal,normal,0.9974303380387405
4637,normal,normal,0.9996696478497249
4638,normal,normal,0.9118956035361913
4639,attack,normal,0.9978885106564759
4640,normal,normal,0.9954036509256626
4641,attack,normal,0.9999971767888189
4642,normal,normal,0.9993615941839229
4643,normal,normal,0.9967835587446169
4644,attack,normal,0.9986885524930817
4645,normal,attack,0.007820737561475779
4646,attack,attack,0.000701092222856354
4647,attack,attack,0.3109159253485633
4648,normal,normal,0.9962069256664973
4649,attack,normal,0.999995659912402
4650,attack,normal,0.9988960213155516
4651,attack,normal,0.9984222179766485
4652,normal,normal,0.9931091068646939
4653,attack,attack,0.0011734759253375841
4654,normal,normal,0.9887373770672513
4655,attack,attack,1.8418603961178777e-07
4656,attack,attack,0.000913886000515889
4657,attack,normal,0.9316406609111091
4658,attack,attack,3.804140328703268e-07
4659,attack,attack,1.602488884929913e-08
4660,attack,normal,0.9989514973362513
4661,attack,attack,0.04141800287328803
4662,attack,attack,8.288622975417889e-07
4663,attack,normal,0.9953771713251406
4664,normal,normal,0.9113210186562244
4665,normal,normal,0.9870370481531151
4666,normal,normal,0.9987475905531865
4667,attack,attack,0.021451835575054215
4668,attack,normal,0.9333807874317692
4669,normal,normal,0.9968811591851274
4670,attack,attack,0.006360157725498315
4671,normal,normal,0.9994108949272511
4672,attack,attack,2.396761254701516e-06
4673,attack,normal,0.6420678980221847
4674,normal,normal,0.9828976195673974
4675,normal,normal,0.6177561502582416
4676,normal,normal,0.9965466846250143
4677,attack,normal,0.6562525963607198
4678,attack,attack,0.0006989800387571097
4679,attack,attack,0.12860557897106514
4680,attack,attack,2.466346289464507e-07
4681,attack,attack,0.023564510496936017
4682,attack,attack,1.1273570263591297e-07
4683,attack,attack,0.0013117689978589405
4684,normal,normal,0.9758184675066325
4685,normal,normal,0.9907041120715121
4686,normal,normal,0.9892379405125226
4687,attack,attack,6.198041793646574e-07
4688,normal,normal,0.9896393632308245
4689,attack,attack,7.246593862861221e-07
4690,attack,normal,0.9999997478536135
4691,normal,normal,0.9998310049982085
4692,attack,attack,0.49231601570475014
4693,attack,normal,0.7512991627701758
4694,normal,normal,0.9969648676210722
4695,attack,attack,0.009506689406650028
4696,attack,attack,0.00019863636676604627
4697,attack,normal,0.9999964624876696
4698,attack,attack,0.002348295684415602
4699,attack,attack,0.40964615601467064
4700,normal,normal,0.9872979526057337
4701,normal,normal,0.9335225884513323
4702,normal,normal,0.9854454047168965
4703,normal,normal,0.9981844354752855
4704,attack,attack,0.0012301795055747868
4705,normal,normal,0.984336986978239
4706,normal,normal,0.9892237536713772
4707,normal,normal,0.9979787980796201
4708,attack,attack,0.08109304390090982
4709,attack,attack,5.526993375888244e-05
4710,attack,normal,0.9944087964677953
4711,attack,normal,0.9989166714206242
4712,normal,attack,0.018698916318684783
4713,normal,normal,0.988004839791681
4714,attack,attack,0.04748946504512208
4715,normal,normal,0.8737222677991153
4716,attack,attack,0.015554142484396653
4717,attack,normal,0.9989844971484498
4718,normal,normal,0.9551737392376725
4719,attack,attack,0.06378150351869649
4720,normal,normal,0.9954668661089392
4721,normal,normal,0.9976800275163742
4722,normal,normal,0.9965914927228446
4723,attack,normal,0.9947368323962369
4724,attack,attack,2.6377092754110933e-05
4725,normal,normal,0.9981709479811083
4726,normal,normal,0.9993929656888725
4727,attack,attack,0.49468182221964796
4728,normal,normal,0.9980045375117937
4729,attack,normal,0.991673885576024
4730,normal,normal,0.9975149127883495
4731,normal,normal,0.9923343180022404
4732,normal,normal,0.9890668034498304
4733,normal,normal,0.9949128687459654
4734,normal,normal,0.9945510500545885
4735,attack,normal,0.9987331878386789
4736,attack,attack,0.01606989040023083
4737,normal,normal,0.9724357867311387
4738,normal,normal,0.9972390398758192
4739,normal,normal,0.9899668999959652
4740,attack,attack,0.00016091684905843181
4741,attack,attack,0.04600268697266548
4742,normal,normal,0.989894346531749
4743,attack,normal,0.9999998262823466
4744,attack,attack,0.002044248894849184
4745,attack,normal,0.7400073523239535
4746,normal,normal,0.9871252716490007
4747,attack,attack,0.0761550564806129
4748,attack,normal,0.9364835360827874
4749,attack,normal,0.996091866042554
4750,normal,normal,0.9993722687681741
4751,normal,normal,0.9935702657521482
4752,attack,normal,0.9617937037650892
4753,normal,normal,0.9867980048469178
4754,attack,attack,0.00014538008594086038
4755,normal,normal,0.991504377529843
4756,normal,normal,0.9991975278596467
4757,attack,attack,6.212088229512063e-05
4758,attack,attack,0.021898776425494
4759,attack,attack,0.000943632235008904
4760,attack,attack,3.7900183952114195e-06
4761,attack,attack,3.6914323136484585e-08
4762,attack,attack,2.81817012716596e-07
4763,attack,attack,0.005201832717884128
4764,normal,normal,0.9994600267140863
4765,normal,normal,0.9584574764476033
4766,attack,normal,0.99999990868989
4767,attack,normal,0.7938442293283297
4768,normal,normal,0.9977138421547225
4769,attack,attack,0.000125069447107584
4770,attack,attack,2.1299877088553433e-07
4771,attack,normal,0.9944202801685836
4772,attack,normal,0.9894667321850051
4773,attack,attack,0.2750547007133536
4774,normal,normal,0.9972991846823767
4775,normal,normal,0.9981453811182404
4776,attack,attack,0.027226340703829902
4777,attack,normal,0.999999890586357
4778,attack,attack,3.5493691140022624e-07
4779,attack,attack,1.3089665406507108e-07
4780,attack,attack,0.00015416725775323678
4781,normal,normal,0.9920541764903277
4782,normal,normal,0.9887669838870466
4783,attack,normal,0.9969003884240025
4784,attack,attack,1.6609110232903876e-06
4785,normal,normal,0.9385919283898204
4786,attack,attack,1.174671890355908e-08
4787,attack,normal,0.9335262974292453
4788,attack,attack,2.4708978226382085e-08
4789,attack,normal,0.9989279464914902
4790,normal,normal,0.9996619800233293
4791,attack,attack,0.00017189500028354785
4792,attack,normal,0.9366227535770342
4793,normal,normal,0.9975184274797475
4794,normal,normal,0.9875268887150179
4795,normal,normal,0.9898316434508582
4796,attack,normal,0.9983777215946477
4797,normal,normal,0.9906066698562502
4798,attack,attack,0.0011722080007739472
4799,normal,normal,0.9841198695938521
4800,normal,normal,0.9907932534461403
4801,attack,normal,0.7802598976698141
4802,normal,normal,0.9902638620446621
4803,attack,attack,7.277789481305033e-08
4804,normal,normal,0.9998285403788458
4805,attack,attack,0.04292231723971609
4806,attack,normal,0.9925403573362491
4807,attack,attack,0.016829921390288192
4808,attack,normal,0.949388333873606
4809,normal,attack,0.005142915263306061
4810,normal,normal,0.9978037386458483
4811,normal,normal,0.9926374498880834
4812,normal,normal,0.9870826672535523
4813,attack,normal,0.9358495857473977
4814,attack,attack,0.050191921344486405
4815,normal,normal,0.9960385414127367
4816,attack,normal,0.9999999304219336
4817,normal,normal,0.9994605991565932
4818,normal,normal,0.9810062295787322
4819,normal,normal,0.9892529029733309
4820,normal,normal,0.9329835233497447
4821,attack,attack,3.208694181377813e-07
4822,normal,normal,0.9927650030827369
4823,normal,attack,0.005197371109935346
4824,attack,normal,0.9999969202573007
4825,attack,attack,0.026659953403077037
4826,attack,attack,6.752972196001612e-08
4827,attack,attack,0.01214650177832263
4828,attack,normal,0.9999999708808585
4829,attack,normal,0.9988086531402764
4830,normal,normal,0.9695097046192933
4831,normal,normal,0.9841722844212129
4832,normal,normal,0.9878396201372057
4833,attack,attack,0.00024881654570272586
4834,attack,normal,0.9963443390080903
4835,attack,attack,0.0008438709751196689
4836,normal,normal,0.9997273146505767
4837,normal,normal,0.9973112864462059
4838,attack,attack,0.008656486008943951
4839,normal,normal,0.9891252450789537
4840,normal,normal,0.9888953478449082
4841,attack,attack,0.00020368903120900953
4842,normal,normal,0.98598385652159
4843,attack,normal,0.995424276589423
4844,attack,attack,0.0001997826421027234
4845,attack,attack,0.0001496696334380765
4846,normal,normal,0.9979117851946017
4847,normal,normal,0.9981331816933199
4848,attack,normal,0.9999999198037222
4849,normal,normal,0.9912647866503405
4850,attack,attack,0.00047552133400259345
4851,attack,attack,0.0023851217421402456
4852,normal,normal,0.9872751523025238
4853,attack,normal,0.9999998341995868
4854,attack,normal,0.9851123518294501
4855,normal,attack,0.004664335275085177
4856,normal,normal,0.9953098962499651
4857,attack,attack,0.00016554003337645968
4858,attack,attack,0.0015186643682338857
4859,attack,attack,0.0001109530946921492
4860,attack,normal,0.9985057089138784
4861,attack,attack,0.001487625875655007
4862,attack,attack,0.00249459585476878
4863,attack,attack,0.0026972870242656555
4864,normal,attack,0.0038692517462148115
4865,normal,normal,0.9994205129825949
4866,attack,attack,0.020848880640207415
4867,normal,normal,0.9921207336615931
4868,normal,attack,0.005741364771190967
4869,normal,normal,0.9967785891418232
4870,normal,attack,0.00011076250902133655
4871,normal,normal,0.9869505037153378
4872,normal,normal,0.9972287483090276
4873,attack,attack,1.3510065486758138e-06
4874,attack,normal,0.9988618403195428
4875,attack,attack,4.277518649130025e-07
4876,attack,normal,0.9354107472328271
4877,attack,attack,8.199793296222476e-05
4878,attack,normal,0.9847580521588833
4879,attack,normal,0.9900574996599465
4880,normal,normal,0.9999997566256289
4881,normal,normal,0.9970994284043809
4882,attack,normal,0.9987446219804468
4883,attack,attack,0.011910099828439257
4884,normal,normal,0.9973268051020043
4885,attack,attack,0.0002845951292417344
4886,attack,normal,0.9987770561682875
4887,attack,attack,9.372697587942905e-05
4888,attack,attack,0.0002646926194914783
4889,normal,normal,0.9970551456499038
4890,attack,normal,0.9957909703944199
4891,normal,normal,0.5420969534668979
4892,normal,normal,0.999684429473626
4893,attack,normal,0.7672044026295486
4894,normal,normal,0.9902857993208951
4895,attack,attack,3.9085033542276144e-05
4896,normal,attack,0.004833904350562884
4897,attack,attack,0.0014579414224725087
4898,normal,normal,0.9871034039254625
4899,attack,attack,0.0024301787770462007
4900,attack,attack,0.001074694962410436
4901,attack,attack,3.756402489066154e-08
4902,attack,normal,0.9999999215884477
4903,attack,normal,0.9958110463232656
4904,attack,attack,7.661643571469127e-05
4905,attack,attack,0.0011075663798033285
4906,normal,normal,0.9997738302381896
4907,normal,normal,0.9996890296802086
4908,normal,normal,0.9973870712128662
4909,normal,normal,0.9970856661800864
4910,normal,normal,0.9896173616183999
4911,normal,normal,0.9965666894318265
4912,normal,normal,0.9922755397263546
4913,attack,attack,2.545180623196754e-06
4914,attack,normal,0.9986901119681321
4915,normal,normal,0.9966755512816307
4916,attack,normal,0.9941973196999783
4917,attack,normal,0.9989564118999307
4918,attack,normal,0.5746656925013763
4919,attack,attack,8.016219977416642e-05
4920,attack,attack,0.00021941842185712058
4921,attack,normal,0.9987471810752595
4922,normal,attack,0.006532724101336116
4923,normal,normal,0.9888242192024429
4924,attack,normal,0.998469856342834
4925,attack,attack,0.0010473597273138627
4926,attack,normal,0.9986294095728758
4927,normal,normal,0.9978328244642923
4928,attack,attack,3.729822386979782e-08
4929,attack,attack,0.0009001333358227953
4930,attack,attack,3.4689337495160564e-07
4931,attack,attack,0.015183636050604767
4932,normal,normal,0.9945818875958782
4933,normal,normal,0.997817346326816
4934,attack,attack,4.0073523493887233e-07
4935,normal,normal,0.9901039313672262
4936,normal,normal,0.9872659847640612
4937,normal,normal,0.9967542368793552
4938,attack,attack,0.002083917396526004
4939,attack,normal,0.8797837742890954
4940,normal,normal,0.9333091593167234
4941,normal,normal,0.9944148957137737
4942,attack,normal,0.9535025123541038
4943,attack,attack,4.085670852058734e-06
4944,attack,attack,0.30239672119628425
4945,attack,attack,0.0020839496421458776
4946,normal,normal,0.9900989861684889
4947,attack,attack,0.00020791286640336294
4948,attack,normal,0.9845937143758706
4949,normal,normal,0.9872222302708353
4950,attack,normal,0.9339169014758844
4951,attack,attack,0.0007854820916909555
4952,attack,attack,0.16176479177732606
4953,normal,normal,0.9788082821336042
4954,attack,normal,0.9993525757066031
4955,attack,normal,0.9532584677034799
4956,normal,normal,0.9866761628167078
4957,attack,attack,5.2840405815286854e-05
4958,normal,normal,0.9974606967009645
4959,attack,normal,0.998186313155753
4960,normal,normal,0.9979217456793212
4961,normal,normal,0.9263311441036839
4962,attack,attack,0.06532658230385208
4963,normal,normal,0.988772898836477
4964,attack,attack,0.009656616593328303
4965,attack,attack,3.5159778005001186e-06
4966,attack,attack,7.377542590278799e-09
4967,attack,attack,0.06468749072554253
4968,attack,normal,0.9999999347958088
4969,normal,normal,0.9616218920994685
4970,normal,normal,0.9884724280919533
4971,attack,attack,0.003319849322267336
4972,attack,attack,0.0740166598726634
4973,normal,normal,0.9969619813754377
4974,normal,normal,0.9900909242415727
4975,attack,normal,0.9995160548240171
4976,attack,attack,0.04025710801250215
4977,normal,normal,0.9976679164647008
4978,attack,normal,0.9987663427890753
4979,normal,normal,0.9999998125059789
4980,attack,attack,0.11201012612582106
4981,normal,normal,0.9975645676290156
4982,attack,attack,0.010202934841424734
4983,normal,attack,0.004055372256301808
4984,normal,normal,0.9908950935923334
4985,attack,attack,0.14152990006884777
4986,normal,normal,0.9887827895631761
4987,attack,normal,0.9347105673307041
4988,attack,attack,0.001188463751253631
4989,attack,normal,0.994593238597094
4990,attack,attack,0.03232491076825275
4991,normal,normal,0.9331942816484659
4992,normal,normal,0.999764861045748
4993,attack,attack,0.000227603719312296
4994,attack,normal,0.9987860327010646
4995,normal,normal,0.9967982194421448
4996,normal,normal,0.9980622643801723
4997,normal,normal,0.9969053547230583
4998,attack,normal,0.9376186495524926
4999,attack,attack,0.00015588610688626792
5000,normal,normal,0.989674384083662
5001,normal,normal,0.9995321636713322
5002,attack,attack,0.0011792478568237639
5003,attack,attack,0.004781966706049744
5004,attack,normal,0.998719107042993
5005,attack,normal,0.9999998808551591
5006,normal,normal,0.9703716897534196
5007,normal,normal,0.9903485371846613
5008,attack,normal,0.9920087619782152
5009,normal,normal,0.9875243900882662
5010,attack,normal,0.6164832224641243
5011,normal,normal,0.9989868796833573
5012,normal,attack,0.0067163163580206625
5013,normal,normal,0.9975582662343493
5014,attack,attack,0.00015744771825257963
5015,normal,normal,0.998131310292046
5016,attack,normal,0.9999998733153065
5017,attack,normal,0.9893894511812386
5018,normal,normal,0.9949365585535588
5019,normal,normal,0.9998598238478926
5020,normal,normal,0.9916126399518826
5021,attack,attack,0.047721068277242644
5022,normal,normal,0.9894562187251361
5023,attack,normal,0.9989270209877753
5024,normal,normal,0.9964710756810301
5025,attack,attack,0.008476466845826296
5026,attack,normal,0.9459925652808973
5027,normal,normal,0.9962240252114453
5028,attack,attack,0.0032901956099111018
5029,normal,normal,0.9795028626359616
5030,attack,normal,0.9384336466070513
5031,normal,normal,0.9898017090322522
5032,normal,normal,0.9991007519739317
5033,attack,normal,0.998511731563366
5034,attack,attack,0.006730774910767009
5035,attack,normal,0.9973519736649104
5036,attack,attack,0.30166882508689075
5037,attack,normal,0.740502427593079
5038,attack,normal,0.566281481457407
5039,attack,normal,0.9994574868659171
5040,normal,normal,0.9948437422482981
5041,normal,normal,0.9927497539262125
5042,attack,attack,0.00015072510989761162
5043,attack,attack,2.8392199837343907e-06
5044,normal,normal,0.9996659445085958
5045,normal,attack,0.005025085443241093
5046,attack,attack,9.929197072328731e-06
5047,attack,attack,6.183249541910058e-07
5048,attack,attack,5.76618148637437e-07
5049,attack,attack,0.001219740445017147
5050,normal,attack,5.8286330418058884e-08
5051,attack,attack,3.403397344591713e-08
5052,attack,attack,0.33410948420018
5053,attack,attack,9.413444504208123e-09
5054,attack,normal,0.6641826715638461
5055,normal,normal,0.9919373133574795
5056,normal,normal,0.9965239814632767
5057,normal,normal,0.9948777448657241
5058,attack,normal,0.9949032903688987
5059,attack,normal,0.9957702781028264
5060,attack,normal,0.9960376495892
5061,attack,normal,0.9891172883366499
5062,attack,attack,0.020379649015447303
5063,attack,normal,0.9976368427094483
5064,attack,attack,0.0031971559365587547
5065,attack,attack,0.015116546835655002
5066,attack,attack,0.010173120122297817
5067,attack,normal,0.9139317705764743
5068,normal,normal,0.9939331184198485
5069,attack,attack,0.002930986562825621
5070,attack,attack,0.04041731153461375
5071,normal,normal,0.9947832008962525
5072,attack,attack,3.6996867927904976e-07
5073,attack,attack,0.0002976401999944598
5074,normal,normal,0.9875264536308411
5075,attack,normal,0.9984121700565558
5076,normal,normal,0.909667851950678
5077,normal,normal,0.9898662424535614
5078,attack,normal,0.9478437673921909
5079,normal,normal,0.9813763707069554
5080,normal,normal,0.999699500547237
5081,attack,attack,0.003805524412257752
5082,attack,attack,0.004151845683284043
5083,attack,attack,0.1078342553214181
5084,normal,normal,0.996792337550489
5085,normal,normal,0.9961351109046775
5086,attack,attack,2.472335197591832e-05
5087,normal,normal,0.997920619178551
5088,normal,normal,0.9903613958021398
5089,attack,attack,0.0018168679805245275
5090,normal,normal,0.9893490822205596
5091,attack,attack,0.03555117597405415
5092,normal,normal,0.7740538208822764
5093,attack,attack,0.000842767136939634
5094,attack,attack,0.09335080785359891
5095,attack,normal,0.9987389721437577
5096,normal,normal,0.6659258847023204
5097,attack,attack,0.005116020872831128
5098,normal,normal,0.9982594575942022
5099,attack,attack,3.515772469314801e-05
5100,normal,normal,0.9892379729272023
5101,attack,attack,3.159584514102586e-06
5102,attack,attack,0.00027975343893870487
5103,normal,normal,0.9956134242654646
5104,normal,normal,0.9901227792597181
5105,attack,attack,7.753114096758e-05
5106,normal,normal,0.9895656483451423
5107,attack,normal,0.9328661397890886
5108,normal,normal,0.9980675512736702
5109,attack,attack,0.020009570984451268
5110,attack,normal,0.7409586883420862
5111,attack,attack,0.001110330671509423
5112,attack,attack,0.0007150808089878174
5113,attack,normal,0.6591026012089083
5114,attack,normal,0.9658484916420984
5115,attack,attack,0.00020402528134384136
5116,normal,normal,0.9974238902155753
5117,normal,normal,0.9900967775907921
5118,attack,attack,0.05272703691831217
5119,attack,attack,0.0014026324485688305
5120,normal,normal,0.9323183368604756
5121,normal,normal,0.9773186507346466
5122,attack,normal,0.9895693582241646
5123,normal,normal,0.9856746654366804
5124,attack,attack,0.00018953306563275203
5125,attack,attack,5.605250550007474e-08
5126,attack,attack,7.137774247354398e-05
5127,attack,normal,0.6623175276137022
5128,attack,attack,0.0003010481198464239
5129,attack,attack,1.595868998490481e-06
5130,attack,attack,4.404774665380213e-07
5131,attack,attack,0.022706215590764
5132,attack,attack,5.397360515676706e-09
5133,normal,normal,0.9872216165883957
5134,normal,normal,0.9998370176693239
5135,normal,normal,0.9910769335095594
5136,normal,normal,0.9925012604641952
5137,attack,attack,0.022532903787220414
5138,attack,normal,0.9999972243689766
5139,normal,normal,0.9966852803396812
5140,attack,normal,0.5232947010004807
5141,attack,attack,0.0010471189229275
5142,normal,normal,0.9971620524606346
5143,normal,normal,0.9957232620049762
5144,attack,normal,0.8728611193804893
5145,attack,attack,0.036995783326969914
5146,attack,attack,4.1963768887439447e-05
5147,attack,normal,0.9988517411388446
5148,attack,attack,2.825291537728023e-06
5149,attack,attack,0.00011228194963142347
5150,attack,attack,0.001373213615170206
5151,attack,attack,0.009224433328864034
5152,normal,normal,0.997544767935642
5153,normal,normal,0.9970928519198026
5154,normal,normal,0.9874431850367813
5155,normal,normal,0.9970463295778466
5156,normal,normal,0.9983942559489349
5157,normal,normal,0.9962023152779188
5158,normal,normal,0.9997819599008345
5159,attack,attack,0.06706028608169733
5160,normal,normal,0.8707853099895706
5161,normal,normal,0.9997546574928348
5162,attack,attack,0.002092607429902605
5163,attack,normal,0.9999999081647297
5164,normal,normal,0.9998370177394311
5165,attack,attack,0.02679943440895551
5166,normal,normal,0.9976599433464232
5167,attack,attack,8.255041984662378e-05
5168,attack,attack,0.0021189910985498555
5169,normal,normal,0.9868426652282853
5170,normal,attack,0.0054106244775212675
5171,normal,normal,0.9971540601467102
5172,attack,attack,0.0002163116129007363
5173,attack,normal,0.9952404074074335
5174,normal,normal,0.984998917470141
5175,attack,attack,0.0001984613020819476
5176,attack,normal,0.9863466230039724
5177,attack,attack,0.10270765905125288
5178,attack,attack,0.0009446430335158168
5179,normal,normal,0.9902069708156496
5180,attack,attack,0.0002542389261032768
5181,attack,normal,0.9329872419019598
5182,attack,normal,0.9343976811755229
5183,attack,normal,0.9961960761327947
5184,attack,normal,0.9436785759443654
5185,attack,attack,0.18555258403081262
5186,normal,normal,0.9980294922203402
5187,normal,normal,0.9981151984076228
5188,attack,normal,0.7760636765141103
5189,normal,normal,0.984059945081116
5190,attack,normal,0.9918438588548771
5191,normal,normal,0.9975169418909093
5192,attack,attack,0.0011261584556678736
5193,normal,normal,0.880841691186044
5194,attack,attack,0.014775086346589639
5195,attack,normal,0.9905380878372827
5196,attack,attack,0.027944144816432058
5197,normal,normal,0.9844870170220993
5198,attack,attack,0.035916084435042656
5199,attack,attack,3.156337873056831e-07
5200,attack,normal,0.9335847006856155
5201,normal,normal,0.9998799406937147
5202,attack,attack,0.01619235065251701
5203,normal,normal,0.9974672918143557
5204,attack,attack,0.0008015502748430661
5205,normal,normal,0.989462040555971
5206,attack,attack,3.371262083186505e-07
5207,attack,attack,0.002329955938688495
5208,attack,attack,0.0010400654924444005
5209,normal,normal,0.9782902227555221
5210,normal,normal,0.9995247862168402
5211,normal,normal,0.974275027517313
5212,attack,normal,0.9359912161277986
5213,attack,attack,0.0024328409802125872
5214,attack,attack,0.011228382471357368
5215,attack,attack,0.0011873981664616094
5216,attack,attack,0.02180650502115281
5217,normal,normal,0.9971492205960089
5218,normal,normal,0.9958998371381355
5219,attack,attack,2.534980973602427e-07
5220,attack,attack,0.013415103198193017
5221,attack,attack,2.5487345748332796e-07
5222,attack,attack,0.061989199938629086
5223,attack,normal,0.573545606165323
5224,attack,attack,0.12195914083856225
5225,normal,normal,0.9757139674879688
5226,attack,attack,0.006114191046702281
5227,attack,attack,0.0016819508804745372
5228,attack,attack,0.02260927805563485
5229,attack,attack,0.00019785797581083598
5230,normal,normal,0.9932104259770952
5231,normal,normal,0.9956784612571935
5232,normal,normal,0.9974372623662339
5233,normal,normal,0.9970026598072866
5234,normal,normal,0.997812565730316
5235,attack,attack,0.08083364629547705
5236,normal,normal,0.9895914092957905
5237,attack,attack,0.016077967828394813
5238,attack,normal,0.9931217100507831
5239,attack,attack,2.4460289579591867e-06
5240,attack,normal,0.9993188821562915
5241,normal,normal,0.9973405101703955
5242,attack,attack,0.45053694115345444
5243,normal,attack,0.004055372394474474
5244,normal,normal,0.9965103721369111
5245,attack,attack,0.015510939670396136
5246,attack,attack,9.228127065884457e-05
5247,normal,attack,0.09371239698466284
5248,attack,attack,0.3879380569460556
5249,attack,attack,0.18622040170174312
5250,attack,attack,0.0013999830416616453
5251,normal,normal,0.8208779211782331
5252,attack,normal,0.9986846912768466
5253,normal,normal,0.828134294852753
5254,attack,attack,0.0016504239951599907
5255,attack,attack,0.11713964957091386
5256,attack,attack,2.2166056086971366e-07
5257,attack,attack,0.3211545727567461
5258,normal,normal,0.9976614627828002
5259,attack,normal,0.9814729936755808
5260,attack,attack,0.0031996505271372835
5261,normal,normal,0.9937860188754027
5262,normal,normal,0.9998253066468274
5263,normal,normal,0.9806111133422116
5264,attack,normal,0.8758177927641294
5265,normal,normal,0.9989193962799419
5266,attack,normal,0.9348285705696565
5267,normal,normal,0.9973733483182768
5268,normal,normal,0.9964273316904786
5269,attack,normal,0.9986531924632861
5270,attack,normal,0.9999999710839846
5271,normal,normal,0.9996896293316645
5272,normal,normal,0.8492886917900825
5273,normal,normal,0.9905053952560536
5274,attack,attack,0.00019731238217629386
5275,normal,normal,0.9778262094123552
5276,attack,attack,0.26842281077893554
5277,normal,normal,0.9962702348355809
5278,attack,normal,0.9999999175655147
5279,attack,attack,0.03056015412645793
5280,attack,attack,0.0005600973806318837
5281,normal,normal,0.9952595360900727
5282,normal,normal,0.9975274856233375
5283,attack,normal,0.9709898561490379
5284,normal,normal,0.9606742551798597
5285,normal,normal,0.9902839405544929
5286,attack,normal,0.9957285565085741
5287,normal,attack,0.005730953404239831
5288,normal,normal,0.9969327374109205
5289,attack,attack,0.0048485840817405375
5290,normal,normal,0.9933477228230408
5291,attack,attack,0.0001348047452788974
5292,normal,normal,0.9973468211801556
5293,attack,attack,3.7558042554133233e-05
5294,normal,normal,0.9908902708694378
5295,attack,normal,0.9986656222254314
5296,attack,normal,0.658007787386067
5297,normal,attack,0.00043549015961246167
5298,attack,attack,0.0029875220265274715
5299,attack,normal,0.9984499042398031
5300,normal,normal,0.9962749144524672
5301,attack,normal,0.9999999194374873
5302,attack,attack,0.29435821928199346
5303,normal,normal,0.9674901869687518
5304,normal,normal,0.9907073683887184
5305,normal,normal,0.9972393618241718
5306,attack,normal,0.9957344300884616
5307,attack,attack,0.37452809699703327
5308,attack,normal,0.9912407606211573
5309,attack,attack,0.0008728039256066053
5310,attack,normal,0.9438868110061424
5311,attack,attack,0.12859820979690784
5312,normal,normal,0.99716508508903
5313,attack,normal,0.8950225501887561
5314,attack,attack,0.000959767297376786
5315,attack,normal,0.9426511279853362
5316,attack,normal,0.836963662654723
5317,normal,normal,0.997798285268707
5318,normal,normal,0.9979803352713741
5319,normal,normal,0.9994506127651809
5320,attack,attack,0.002003278637148016
5321,attack,attack,1.2074534648678354e-05
5322,normal,normal,0.995110039773763
5323,attack,normal,0.9527814002578189
5324,attack,attack,0.002220366400800225
5325,attack,normal,0.9892168067648707
5326,normal,normal,0.9874995448804342
5327,normal,normal,0.9951176264698071
5328,normal,normal,0.9904244048766523
5329,normal,normal,0.996392710620632
5330,normal,normal,0.9898836258791268
5331,attack,attack,0.019820740316274555
5332,attack,normal,0.9917654370356925
5333,attack,attack,7.873067646767997e-07
5334,normal,attack,0.009503020334844169
5335,attack,normal,0.9372441877824066
5336,attack,attack,0.009945998714007906
5337,normal,normal,0.99784679127279
5338,normal,normal,0.9973904645425529
5339,attack,attack,6.811831469940819e-05
5340,attack,normal,0.9483148129289581
5341,attack,normal,0.8206507652042127
5342,attack,attack,5.738198122383766e-06
5343,attack,attack,0.07947539471425402
5344,attack,attack,0.0012985886111419585
5345,attack,normal,0.9992358135219405
5346,attack,attack,0.001227996255568388
5347,attack,attack,0.00018552565698810985
5348,attack,attack,0.0007419878399156912
5349,normal,normal,0.9998444294035872
5350,attack,attack,0.04724213505014071
5351,normal,normal,0.9908494780049361
5352,attack,attack,0.009027656448026998
5353,attack,normal,0.9363481393650651
5354,attack,attack,5.21460164128938e-07
5355,attack,normal,0.9987675017993379
5356,normal,normal,0.9977758591828464
5357,attack,attack,5.84031898281284e-09
5358,attack,normal,0.999999970988179
5359,normal,normal,0.6197662918495027
5360,normal,normal,0.9970610892265662
5361,attack,attack,0.006449795128870977
5362,normal,normal,0.9563113417739096
5363,attack,attack,0.03209359982417234
5364,attack,attack,0.001017900163328225
5365,attack,attack,0.0013818500330261506
5366,normal,normal,0.9980690066869815
5367,normal,normal,0.9974391473437458
5368,normal,normal,0.9974427210906984
5369,normal,normal,0.9831409799218536
5370,normal,normal,0.9899659706601942
5371,attack,normal,0.9335911899548607
5372,attack,normal,0.7491401957879851
5373,normal,normal,0.9942424534518686
5374,normal,attack,0.005790990956241387
5375,attack,attack,0.00024871218082473176
5376,normal,normal,0.9975887514268827
5377,normal,normal,0.9906606233987623
5378,attack,attack,0.023433769319946125
5379,normal,normal,0.990509804067328
5380,attack,normal,0.996942232277859
5381,attack,normal,0.9984222985459049
5382,attack,attack,0.287018700572156
5383,attack,attack,0.0348321260933955
5384,attack,normal,0.9986745927204064
5385,normal,normal,0.9995342701384479
5386,normal,normal,0.939703649669096
5387,attack,normal,0.9999999175860633
5388,normal,attack,0.004055375869746089
5389,attack,attack,0.026055041882987733
5390,attack,normal,0.8775399761038524
5391,attack,attack,0.00596319194987843
5392,attack,attack,1.1112053504844091e-07
5393,attack,attack,3.5932192551972625e-07
5394,attack,normal,0.9353538488888846
5395,normal,normal,0.9966296923300513
5396,attack,attack,0.0020886767340177253
5397,normal,normal,0.9979964571430245
5398,normal,normal,0.9970049163619411
5399,attack,attack,9.417559635283427e-05
5400,attack,attack,2.8966856417508427e-06
5401,attack,normal,0.9984532887608041
5402,attack,normal,0.9987611458513374
5403,attack,normal,0.9869574617222442
5404,attack,attack,0.001360335217940727
5405,normal,normal,0.974769304088826
5406,attack,normal,0.96776674202946
5407,attack,normal,0.9364835401525836
5408,normal,normal,0.9997542921644941
5409,normal,normal,0.9994050388137116
5410,attack,attack,0.0007256510813779031
5411,attack,normal,0.8665211003842538
5412,attack,attack,0.0016683211126364763
5413,attack,normal,0.9995323107705146
5414,normal,normal,0.9998709329860119
5415,normal,normal,0.9936909614840042
5416,normal,normal,0.9998486914774435
5417,attack,attack,0.29239147566891516
5418,attack,normal,0.8487453144220166
5419,attack,attack,0.0002842098694348075
5420,normal,normal,0.99722585423266
5421,attack,normal,0.998996209690134
5422,attack,normal,0.6380054543646051
5423,attack,normal,0.9956899896012655
5424,normal,normal,0.9963919964182334
5425,normal,normal,0.997413066654885
5426,normal,normal,0.9873926901030364
5427,attack,attack,0.001741770766967113
5428,normal,normal,0.9986528825494547
5429,attack,normal,0.9989835417790487
5430,attack,attack,0.002150700528026531
5431,attack,normal,0.9879759097809466
5432,attack,normal,0.9323221167905875
5433,attack,attack,0.00021550656647699746
5434,attack,attack,0.00015229097841993532
5435,attack,attack,0.0024235619057053695
5436,attack,attack,0.00025578961278937184
5437,attack,normal,0.9864464884287613
5438,attack,attack,0.4889012995433195
5439,attack,attack,1.4055993873241063e-06
5440,attack,attack,4.8758049528295824e-08
5441,attack,attack,0.4597478716742659
5442,attack,normal,0.9971022817525361
5443,attack,attack,0.0011804593550213732
5444,attack,attack,0.05774264165209477
5445,attack,attack,7.328409317787468e-07
5446,attack,normal,0.9941640432930227
5447,attack,normal,0.871158486039042
5448,attack,normal,0.7587910554273942
5449,normal,attack,0.003569918253874782
5450,attack,attack,0.00907432791779978
5451,normal,attack,0.0034953720233714815
5452,attack,attack,0.00010948058469045602
5453,attack,attack,0.002592853552150775
5454,attack,attack,0.17873561986942618
5455,attack,attack,0.0025121822691992436
5456,normal,normal,0.9865343016655138
5457,normal,normal,0.983141927932345
5458,attack,normal,0.9985939865596825
5459,attack,normal,0.9988421867756908
5460,attack,normal,0.9999999092361185
5461,attack,attack,0.0440058529225455
5462,normal,normal,0.9859958830060256
5463,attack,normal,0.9571779108856896
5464,normal,normal,0.9950801314605145
5465,attack,attack,0.018778225113886438
5466,attack,attack,0.043079305841820695
5467,normal,normal,0.9864838112330333
5468,attack,attack,0.10908622939375802
5469,attack,attack,4.564011963373546e-07
5470,attack,attack,0.0002910909345626312
5471,attack,normal,0.9435512958402713
5472,attack,attack,0.0008834151957971845
5473,attack,normal,0.9989280294240808
5474,attack,attack,0.0016678820137520664
5475,normal,normal,0.9623528790644239
5476,normal,normal,0.9907983437561062
5477,normal,normal,0.9996166595345118
5478,normal,normal,0.9942603996157631
5479,attack,normal,0.9963644794661775
5480,attack,normal,0.9939625218056413
5481,normal,attack,0.006040034568140976
5482,attack,attack,0.0022403072386071774
5483,normal,normal,0.999796151006404
5484,attack,attack,0.002919877855184066
5485,attack,attack,0.0751086981573073
5486,attack,normal,0.997582283030402
5487,attack,attack,0.041252177526267995
5488,attack,attack,0.0011693233274563516
5489,attack,normal,0.9329872440408545
5490,attack,attack,0.34139341095494974
5491,normal,normal,0.9882472378875928
5492,attack,attack,4.936982171366019e-06
5493,normal,normal,0.9903018747389002
5494,normal,normal,0.969239901596728
5495,normal,normal,0.9965534214939785
5496,normal,normal,0.9975332785032562
5497,attack,attack,0.0016821652353608873
5498,attack,attack,0.00019686058065993583
5499,normal,normal,0.983803030464517
5500,normal,normal,0.9981919392248088
5501,attack,attack,0.00023546283665061674
5502,attack,attack,5.279913621252883e-07
5503,attack,attack,1.1814809525354213e-07
5504,attack,attack,0.00033058035241608614
5505,normal,normal,0.9903070871928076
5506,normal,normal,0.9977879402184998
5507,normal,normal,0.9984060463671109
5508,normal,normal,0.9977018346537485
5509,attack,normal,0.9388425549002671
5510,attack,attack,0.04544466678996195
5511,attack,normal,0.9949990713460904
5512,normal,normal,0.9998156487905678
5513,normal,normal,0.9974049531312322
5514,attack,normal,0.9963642679845934
5515,normal,normal,0.9979382604124708
5516,normal,normal,0.9874136479189488
5517,attack,normal,0.9999998288354128
5518,attack,attack,0.006192754457342548
5519,attack,attack,0.08883755053869866
5520,normal,normal,0.9993504911532047
5521,normal,normal,0.9947999958113021
5522,normal,normal,0.9881751152348446
5523,normal,normal,0.9808780187855659
5524,attack,attack,0.0018435657623335857
5525,attack,attack,1.797846539601772e-08
5526,normal,attack,0.0052978269759465105
5527,attack,attack,0.015554155056430556
5528,normal,normal,0.9974246214154034
5529,attack,attack,0.006517736351926194
5530,attack,attack,0.00010277162929481848
5531,normal,normal,0.9880664906186301
5532,attack,normal,0.9411322974173232
5533,attack,normal,0.9989249148267721
5534,normal,normal,0.9809595413240862
5535,normal,normal,0.9994961842948868
5536,attack,attack,0.020579946468762076
5537,normal,normal,0.9593277021399303
5538,normal,normal,0.9977358303057868
5539,attack,attack,0.0012063282188944412
5540,normal,normal,0.9963104420819632
5541,normal,normal,0.9974546755120686
5542,normal,normal,0.9989343732499333
5543,attack,attack,0.04790542569004886
5544,attack,normal,0.9999999717378846
5545,attack,attack,3.872011459090032e-07
5546,attack,normal,0.9999962584213637
5547,normal,normal,0.9968402928016449
5548,normal,normal,0.9966508004054979
5549,attack,attack,0.0016591788018870323
5550,attack,attack,0.01566343461522083
5551,attack,attack,9.253167155233737e-05
5552,attack,normal,0.9987495587769756
5553,attack,attack,0.0002240754124469416
5554,normal,normal,0.9898774008623057
5555,attack,attack,5.284854951066385e-05
5556,attack,normal,0.9879425249378672
5557,attack,attack,0.0006475083931872127
5558,normal,normal,0.6841574683209011
5559,attack,normal,0.9999999208961117
5560,normal,normal,0.5813316081306996
5561,normal,normal,0.989090805384318
5562,attack,attack,0.026341229557790412
5563,attack,attack,1.493409815634622e-06
5564,attack,attack,0.00021416812748081986
5565,normal,normal,0.9973567375806248
5566,normal,normal,0.9884701716854762
5567,normal,normal,0.9863900773906806
5568,normal,normal,0.9942122206577673
5569,attack,normal,0.9501232069958709
5570,attack,attack,0.0013512635782767137
5571,normal,normal,0.99073258440828
5572,attack,normal,0.9971742708809432
5573,attack,attack,0.006449528323583224
5574,attack,attack,0.0105513560625013
5575,attack,attack,0.0004200694526483506
5576,attack,normal,0.9988455203747353
5577,attack,normal,0.9757811857332848
5578,normal,normal,0.9992099459539918
5579,attack,normal,0.9236162192503687
5580,attack,attack,0.00023330876387867402
5581,attack,attack,2.2812649821607136e-05
5582,normal,normal,0.979723036225829
5583,normal,normal,0.9939921880186667
5584,normal,normal,0.9964112173034715
5585,normal,attack,0.040457951019894973
5586,attack,attack,2.16945071211209e-07
5587,attack,attack,8.218742826737929e-08
5588,attack,attack,0.0009819783230993924
5589,normal,attack,0.053372904911326874
5590,attack,normal,0.6971409113152633
5591,attack,attack,0.4341441139469025
5592,attack,attack,0.019305286884485916
5593,attack,attack,0.0150265007828322
5594,normal,normal,0.9960863387231967
5595,normal,normal,0.9841833918548586
5596,normal,normal,0.9479852007361321
5597,normal,normal,0.9978832215928911
5598,attack,attack,0.00019534915234857938
5599,attack,normal,0.9956313982034087
5600,attack,attack,0.0006079756600789213
5601,attack,normal,0.9851841598757336
5602,normal,normal,0.9974509570097935
5603,normal,normal,0.9969940871978108
5604,normal,normal,0.996955427570319
5605,normal,normal,0.9977976671435589
5606,attack,attack,0.00010617044924346865
5607,normal,normal,0.9963951774371184
5608,attack,attack,0.01367479202128441
5609,normal,normal,0.9970375286774006
5610,attack,attack,0.001281234443988408
5611,attack,attack,0.00048067186872103543
5612,attack,normal,0.999999897208577
5613,attack,attack,0.003655065776464061
5614,attack,attack,0.3999041497108347
5615,attack,attack,0.0025487424231570247
5616,normal,normal,0.9668894684635987
5617,normal,normal,0.9963662398926708
5618,attack,attack,0.06971584136333829
5619,normal,normal,0.9388458745482815
5620,attack,normal,0.9947503726704763
5621,normal,normal,0.988316411653659
5622,attack,attack,0.009736643492620153
5623,normal,normal,0.5882367930326876
5624,normal,normal,0.9962308139309645
5625,normal,normal,0.9946198007491082
5626,normal,normal,0.995127035193438
5627,attack,normal,0.995338358497436
5628,attack,normal,0.9999942679307086
5629,normal,normal,0.9974820455652905
5630,attack,attack,0.02559447941849394
5631,normal,normal,0.9998002617752504
5632,attack,attack,0.0009988480214424226
5633,attack,normal,0.935495596158231
5634,attack,attack,0.0001641928562769532
5635,attack,attack,2.918401308797197e-07
5636,attack,attack,0.0001338607387689703
5637,attack,attack,0.027434592364404493
5638,attack,attack,0.0011094288788974958
5639,attack,normal,0.9999999169293192
5640,normal,normal,0.9910278411881497
5641,normal,normal,0.9978768310578169
5642,normal,attack,0.0524090877267754
5643,attack,attack,0.01746404966944725
5644,normal,normal,0.9802312794902289
5645,normal,normal,0.994616152019247
5646,attack,normal,0.9999999227449163
5647,normal,normal,0.9976941041351453
5648,normal,normal,0.9994487047375425
5649,normal,normal,0.649068816067236
5650,attack,attack,8.324315097640564e-08
5651,attack,normal,0.9974718724252456
5652,normal,normal,0.9947207384879624
5653,attack,attack,5.5543873023391755e-08
5654,attack,attack,5.105082696601279e-07
5655,normal,normal,0.9947595853836211
5656,normal,normal,0.997532367160194
5657,attack,attack,0.006726589771950262
5658,normal,normal,0.9978358971744805
5659,normal,normal,0.9910091194424612
5660,attack,attack,2.1040802844129684e-07
5661,normal,normal,0.9948680387760338
5662,attack,normal,0.8724016078725503
5663,normal,normal,0.9863341453214106
5664,attack,attack,0.0011348268356969457
5665,normal,normal,0.9995337062037534
5666,normal,attack,0.023157397949837163
5667,attack,normal,0.9922336155829267
5668,normal,attack,0.0024044966173865615
5669,attack,attack,0.0011770349332946275
5670,normal,normal,0.9959315635749615
5671,attack,normal,0.9491369613446559
5672,attack,attack,0.0007056091343632257
5673,normal,normal,0.9967756309514586
5674,attack,normal,0.8785276454637467
5675,normal,normal,0.9888885989422023
5676,normal,normal,0.996516209009438
5677,normal,normal,0.9963803131401385
5678,attack,attack,0.0015955497365125826
5679,normal,attack,0.004098368294996972
5680,normal,normal,0.9866623858702553
5681,attack,normal,0.5040546047510627
5682,attack,attack,2.2904298045663213e-07
5683,attack,attack,0.00027733206203975
5684,normal,normal,0.9883217995090909
5685,normal,normal,0.9998646893589592
5686,normal,normal,0.9998614992214743
5687,normal,normal,0.9728185114421766
5688,normal,normal,0.9906921320487038
5689,attack,attack,0.0758180792774149
5690,attack,attack,0.0009331337866708802
5691,normal,normal,0.9992043527867366
5692,attack,normal,0.5132765113653911
5693,normal,normal,0.9978181615165583
5694,normal,normal,0.9865940872163251
5695,attack,attack,0.001627570375050222
5696,attack,normal,0.9348847859608815
5697,normal,normal,0.9891060189899481
5698,attack,normal,0.9962948654780831
5699,normal,normal,0.9907991969514456
5700,attack,normal,0.5395503789415376
5701,attack,attack,0.00024355597705458146
5702,attack,attack,0.00036997177343937735
5703,attack,normal,0.9999999183638044
5704,attack,attack,3.941218792417868e-05
5705,normal,normal,0.999796256146821
5706,attack,normal,0.9999998556443306
5707,normal,normal,0.997326030560821
5708,normal,normal,0.9872037175488124
5709,attack,normal,0.9987962025325317
5710,attack,attack,0.0012466125164789562
5711,attack,attack,0.0007171033601332278
5712,attack,attack,0.0012099315926138838
5713,normal,normal,0.9889942169392965
5714,normal,attack,0.014436417892834676
5715,normal,normal,0.9902021916381584
5716,attack,attack,7.890779157838413e-08
5717,attack,attack,7.775450408222413e-07
5718,attack,attack,0.00015184030860310868
5719,normal,attack,0.0036776283756050398
5720,attack,attack,0.44386830584053144
5721,attack,attack,5.8527993385070583e-05
5722,attack,attack,0.0013583665972656325
5723,attack,attack,0.10198942209151392
5724,attack,attack,0.0011735267739586997
5725,normal,normal,0.9907980812073904
5726,attack,attack,0.025140150632678677
5727,attack,normal,0.9995683719921977
5728,attack,normal,0.9986132811466423
5729,normal,normal,0.9890512646084529
5730,attack,normal,0.7733170083473166
5731,attack,normal,0.9988137799161927
5732,attack,attack,0.001921980218710143
5733,normal,normal,0.9898934695370285
5734,normal,normal,0.9993021973636238
5735,attack,normal,0.9986676793353376
5736,attack,attack,3.4081389031458965e-07
5737,normal,normal,0.9869683186602441
5738,attack,normal,0.9988139347011172
5739,normal,normal,0.5602034930301256
5740,attack,attack,4.082169623424666e-07
5741,attack,normal,0.9866648281399134
5742,attack,attack,0.0014246339433461306
5743,normal,normal,0.6960452594502389
5744,attack,attack,0.00010522121073070893
5745,attack,attack,0.17446318206276137
5746,attack,attack,3.5463278816079414e-06
5747,attack,normal,0.9995677000202627
5748,normal,normal,0.9905068225126166
5749,attack,attack,0.001407653771508259
5750,attack,attack,0.005064979391233017
5751,attack,normal,0.9974230943373613
5752,attack,attack,0.00980385779133097
5753,attack,attack,0.016440147018745143
5754,attack,normal,0.9941768865085037
5755,attack,attack,0.28029576658142125
5756,normal,normal,0.9997232453431398
5757,attack,attack,0.059052352491795274
5758,normal,normal,0.9928777914946745
5759,attack,attack,2.493285970887269e-06
5760,attack,normal,0.998569306893741
5761,attack,attack,0.00023177058580910645
5762,attack,attack,8.164374196485581e-08
5763,attack,attack,0.00025352971692453314
5764,attack,normal,0.9984469905056592
5765,attack,attack,0.036996565237624866
5766,attack,normal,0.8229815589018643
5767,normal,normal,0.9949110944264262
5768,normal,normal,0.9969113847029464
5769,attack,normal,0.9999999114466042
5770,attack,attack,4.0518372445048964e-05
5771,normal,normal,0.9977970806928833
5772,attack,attack,6.388529906741798e-07
5773,attack,normal,0.9999996258702585
5774,normal,normal,0.9776611621625381
5775,attack,normal,0.9918703020538642
5776,attack,normal,0.9893674973054203
5777,normal,normal,0.9880740559182434
5778,normal,normal,0.8770982981930394
5779,normal,normal,0.9975210412252098
5780,attack,attack,0.037771282037357384
5781,normal,normal,0.9938079772044999
5782,normal,normal,0.9839629719268592
5783,attack,attack,0.009189349967902249
5784,attack,normal,0.9465713219154259
5785,attack,attack,0.04868322529413594
5786,normal,normal,0.99908092328893
5787,normal,normal,0.9895663971749022
5788,attack,attack,0.026476191078227226
5789,normal,normal,0.997570618379706
5790,attack,attack,0.0017359911947208697
5791,attack,normal,0.6219490279108882
5792,attack,attack,3.9986255789089194e-07
5793,attack,normal,0.998907813128038
5794,normal,normal,0.9976128690608572
5795,normal,normal,0.9952599694618016
5796,attack,attack,0.00033272957772984316
5797,normal,normal,0.9715569788627259
5798,attack,normal,0.9981032018655558
5799,attack,attack,0.041089660673208635
5800,attack,attack,0.0014554719561688722
5801,attack,normal,0.9995956077879027
5802,normal,normal,0.9980966127257332
5803,attack,normal,0.9926744669350134
5804,attack,attack,0.2090078442182293
5805,attack,attack,0.000525986631897102
5806,attack,attack,0.0009055443039986766
5807,attack,attack,0.0017670679299459822
5808,normal,normal,0.9860058655180038
5809,attack,attack,0.014639650971633219
5810,attack,normal,0.9995515441212658
5811,normal,normal,0.9998307891424235
5812,attack,normal,0.999566641778443
5813,normal,normal,0.9994735982007199
5814,normal,normal,0.9968568019622893
5815,normal,normal,0.990096921055602
5816,attack,attack,4.909638836966117e-05
5817,normal,normal,0.9899995683083791
5818,attack,normal,0.9999895181427633
5819,normal,normal,0.997587563826588
5820,attack,normal,0.9530096510200746
5821,attack,attack,1.133277656754382e-06
5822,normal,normal,0.9887056667489899
5823,attack,attack,0.024491877660916532
5824,normal,normal,0.9997240429282269
5825,attack,attack,0.4448910059190144
5826,normal,normal,0.9907669349983482
5827,attack,normal,0.7780045538097331
5828,attack,attack,1.5302023013779262e-06
5829,attack,attack,0.0014409853342570729
5830,attack,normal,0.9780200992257427
5831,attack,attack,3.004442710249595e-05
5832,attack,attack,1.9935337382788312e-06
5833,attack,attack,0.0032390326150613506
5834,normal,normal,0.9907827932404853
5835,attack,normal,0.9437664380488313
5836,attack,normal,0.7162820230453225
5837,normal,normal,0.8652193315097594
5838,normal,normal,0.9908001191732944
5839,attack,normal,0.9987717085936882
5840,attack,normal,0.9122630422784762
5841,attack,attack,0.34227275023207804
5842,normal,normal,0.9903266255426988
5843,normal,normal,0.9996173957409572
5844,attack,normal,0.9329872461797493
5845,normal,normal,0.9997761906263681
5846,attack,attack,0.01951176080249262
5847,normal,normal,0.9956284924940056
5848,normal,normal,0.9376185234922355
5849,attack,attack,0.20682636893828166
5850,normal,normal,0.9991258974945084
5851,attack,attack,5.249494885601072e-07
5852,attack,attack,0.0012526799873232796
5853,normal,normal,0.9956967104215356
5854,normal,normal,0.9757280450334754
5855,attack,normal,0.6113362156285347
5856,attack,attack,9.77072142385769e-05
5857,normal,normal,0.9929071415461989
5858,attack,attack,0.0187766147658396
5859,attack,normal,0.9988437226191519
5860,normal,normal,0.9897870480962572
5861,normal,normal,0.9978561837639127
5862,attack,normal,0.7161457688749949
5863,attack,attack,2.596039664644939e-07
5864,attack,attack,0.0006509164013187649
5865,attack,normal,0.9971554508626455
5866,attack,normal,0.9963297534182447
5867,attack,normal,0.999999756435711
5868,attack,normal,0.7972687384514978
5869,attack,attack,0.01879197579500336
5870,attack,attack,0.0009678393751291127
5871,normal,normal,0.9790641694392261
5872,attack,attack,0.0004747281826189636
5873,attack,attack,3.7703890597090944e-07
5874,attack,attack,0.014580135739242498
5875,normal,normal,0.9977421118502108
5876,attack,normal,0.999999727298323
5877,normal,attack,0.006040027024947108
5878,normal,normal,0.9913713051286464
5879,attack,normal,0.7489525135093266
5880,attack,normal,0.9328661440740524
5881,attack,normal,0.9988174350082538
5882,normal,normal,0.9997948340835753
5883,normal,normal,0.9973082992349538
5884,attack,normal,0.9373002717674949
5885,attack,normal,0.9348858990531794
5886,normal,normal,0.9948208397427999
5887,normal,normal,0.9998210595993631
5888,normal,normal,0.9979480212761798
5889,attack,normal,0.933526288937584
5890,attack,normal,0.9999996258699365
5891,normal,normal,0.9970517213808213
5892,attack,normal,0.9966810772732866
5893,attack,attack,0.033838292594234036
5894,attack,attack,0.021902382602340783
5895,normal,attack,0.06415824646430823
5896,normal,normal,0.9948942999213646
5897,normal,normal,0.997504498815287
5898,normal,normal,0.9974193143085187
5899,normal,normal,0.9985970553587143
5900,attack,normal,0.9994912306065783
5901,attack,attack,0.0012290829602106047
5902,attack,attack,8.944033311038416e-06
5903,attack,attack,0.0004379518360784333
5904,attack,normal,0.9975897767765106
5905,attack,attack,0.05330234983141308
5906,attack,attack,0.001052824332563131
5907,attack,attack,0.15833005908748793
5908,attack,normal,0.9951017999038564
5909,attack,attack,0.449351889682969
5910,normal,normal,0.9998127553050217
5911,normal,normal,0.9882895423903943
5912,attack,attack,0.07332928795572703
5913,attack,attack,3.807811017970914e-08
5914,attack,attack,0.02430665681177686
5915,normal,normal,0.9972426023188701
5916,attack,attack,3.959933423944959e-05
5917,normal,normal,0.9855050100553275
5918,normal,normal,0.989994788736595
5919,normal,normal,0.8991112702488959
5920,attack,attack,5.6972063683204756e-05
5921,normal,normal,0.9957633909265545
5922,attack,attack,3.820695476211503e-07
5923,attack,attack,0.03407327234472824
5924,normal,normal,0.9550988397466409
5925,attack,normal,0.8017824851691048
5926,attack,normal,0.9884077382356276
5927,attack,normal,0.8558502121284186
5928,attack,attack,0.0019744058624360907
5929,normal,normal,0.99744329488481
5930,normal,normal,0.9998795999043266
5931,attack,attack,5.336458840451519e-07
5932,attack,normal,0.7644142890813351
5933,normal,normal,0.9850003728703657
5934,attack,attack,5.307466111085807e-07
5935,attack,normal,0.9501497368827339
5936,normal,normal,0.997386392079446
5937,attack,attack,2.8145685231993437e-06
5938,normal,normal,0.992349866545826
5939,normal,attack,0.0035699237669182893
5940,normal,attack,0.11351723323539928
5941,normal,normal,0.986907038950211
5942,normal,normal,0.9912420074396964
5943,normal,normal,0.9867474152348077
5944,normal,normal,0.9950475595495799
5945,normal,normal,0.9895714141031704
5946,attack,attack,0.000953755807852884
5947,attack,attack,0.0015146075179550572
5948,attack,attack,0.0018357105434285773
5949,attack,normal,0.9992437796250595
5950,normal,normal,0.9967512416605185
5951,attack,attack,0.00081871523713079
5952,attack,attack,0.17187912595017096
5953,normal,normal,0.9978103348088414
5954,attack,normal,0.931785182623264
5955,attack,normal,0.9999998830850504
5956,normal,normal,0.9905102846751245
5957,normal,normal,0.992829610211305
5958,normal,attack,0.4201472024726831
5959,attack,attack,0.026672372207567904
5960,normal,normal,0.9963408640853161
5961,attack,normal,0.737157896002039
5962,attack,attack,0.009871836698273823
5963,normal,normal,0.987140660753381
5964,attack,normal,0.9955958353843825
5965,attack,normal,0.9999999708277938
5966,normal,normal,0.9758217382202777
5967,attack,normal,0.9977587761315697
5968,attack,attack,0.002401108974256263
5969,normal,normal,0.9973346083445866
5970,normal,normal,0.9865607395687072
5971,normal,attack,0.00579098757798597
5972,attack,normal,0.8724412654753718
5973,attack,normal,0.8502652634559649
5974,normal,normal,0.9421533945851077
5975,attack,attack,0.2503220418282408
5976,attack,attack,0.0004144258312038183
5977,normal,normal,0.9961583907933224
5978,normal,normal,0.9978493673748431
5979,attack,attack,0.0016263653289762111
5980,attack,attack,2.6713474690155465e-07
5981,normal,normal,0.994110876469828
5982,attack,normal,0.9939297387912135
5983,attack,normal,0.9348285768223433
5984,normal,normal,0.9900385301222889
5985,normal,normal,0.9996820061918444
5986,attack,attack,0.0007803938996312579
5987,attack,normal,0.688432884767914
5988,normal,normal,0.9996357629479002
5989,attack,attack,0.057169213280567
5990,attack,normal,0.9984586293383823
5991,attack,normal,0.9335263059209056
5992,attack,attack,0.00030175463991303223
5993,attack,attack,0.0015540509393898439
5994,attack,normal,0.9973968421741053
5995,attack,attack,0.002391846344492559
5996,attack,attack,4.3743458291596535e-08
5997,normal,normal,0.9972116199763348
5998,normal,normal,0.9811777283279948
5999,attack,normal,0.9986145839941718
6000,normal,normal,0.996687757154556
6001,attack,attack,0.0159141377534077
6002,attack,normal,0.9438859300678955
6003,attack,normal,0.997760880078385
6004,attack,attack,0.00019176164310364928
6005,normal,normal,0.8253649210340555
6006,normal,attack,0.04475056807533576
6007,normal,normal,0.9908407117338028
6008,attack,attack,0.07650959274777626
6009,attack,attack,0.0012692793590516152
6010,normal,normal,0.997378154943731
6011,attack,attack,0.0967023089759959
6012,attack,attack,0.0035970408288541296
6013,attack,attack,0.0013743942895118474
6014,normal,normal,0.987414451702602
6015,normal,normal,0.9777359256117526
6016,attack,attack,0.008402638223740004
6017,attack,attack,0.15908653970030245
6018,attack,attack,1.1670727005107026e-07
6019,attack,attack,0.0031163817492788604
6020,attack,attack,0.2383979943847408
6021,attack,normal,0.9722413692625016
6022,attack,attack,0.0013247550746868927
6023,attack,attack,0.03099146925289595
6024,normal,normal,0.975153183904076
6025,normal,attack,9.53120547025032e-09
6026,attack,normal,0.9999998353438464
6027,attack,attack,0.015254479226043996
6028,attack,attack,6.067529392466899e-07
6029,attack,attack,0.03837210651318408
6030,attack,attack,0.0517633043547427
6031,normal,normal,0.9973352963371213
6032,normal,normal,0.9959142589906995
6033,attack,normal,0.9980138108317237
6034,attack,attack,0.05370305276789165
6035,normal,attack,0.005790988085330049
6036,attack,attack,4.642195195561815e-05
6037,attack,attack,0.0009744634547088146
6038,attack,attack,0.0008059940881686158
6039,normal,normal,0.9898021634574811
6040,normal,normal,0.9814674437440996
6041,normal,normal,0.9867024774896886
6042,attack,attack,0.034099217340946154
6043,normal,normal,0.9907785114163111
6044,attack,attack,0.15987022135016438
6045,normal,normal,0.996546287397898
6046,normal,normal,0.9972187776427228
6047,attack,normal,0.9449994906391918
6048,normal,normal,0.8787360303425621
6049,attack,normal,0.9964558375308014
6050,normal,normal,0.9968409562127502
6051,attack,attack,0.28582610853314994
6052,attack,normal,0.9976744946614488
6053,normal,normal,0.9975008248464413
6054,attack,attack,0.10568797727825056
6055,normal,normal,0.9975888002858804
6056,attack,attack,0.008551884327392636
6057,attack,normal,0.9868687119027836
6058,normal,normal,0.9996000798348951
6059,normal,normal,0.9835117770198603
6060,attack,attack,0.014685522318156004
6061,attack,attack,0.028665816256676614
6062,attack,normal,0.701794840218518
6063,attack,attack,0.3576439763217699
6064,normal,normal,0.9939145336028108
6065,normal,normal,0.9989425167394135
6066,normal,normal,0.9651358707252552
6067,normal,normal,0.9352084497753738
6068,attack,attack,0.020412101159572246
6069,attack,attack,0.007630649299247823
6070,normal,normal,0.9988368004959948
6071,attack,attack,0.0007888347228688429
6072,normal,normal,0.9978887571045247
6073,attack,attack,0.00047902557205973184
6074,normal,normal,0.9998226953580406
6075,attack,attack,0.04153753715749576
6076,normal,normal,0.9969496166278319
6077,attack,attack,0.021561569591373574
6078,attack,normal,0.995876460321726
6079,normal,normal,0.9964331819692968
6080,attack,attack,0.0002150860729828578
6081,attack,attack,0.0001749155841420037
6082,attack,attack,1.4994358070502387e-08
6083,attack,attack,0.003099510056714752
6084,attack,attack,0.19118162343480977
6085,attack,attack,6.269532733940628e-05
6086,attack,normal,0.5901753645651909
6087,attack,normal,0.7125942246327504
6088,attack,normal,0.5715901538206687
6089,attack,attack,2.3370412633002873e-06
6090,attack,attack,0.00017679629538355635
6091,attack,attack,1.3535522180511167e-06
6092,attack,normal,0.9418844061109259
6093,attack,attack,2.5794815803226235e-06
6094,normal,normal,0.9907487353652432
6095,attack,normal,0.9990296666398972
6096,normal,normal,0.9975757543580606
6097,attack,attack,0.13465684388509497
6098,attack,attack,4.7344655929274503e-08
6099,attack,normal,0.9910091077218014
6100,normal,normal,0.9967666026980986
6101,attack,attack,0.0011245626992066656
6102,attack,normal,0.9999998737217732
6103,attack,normal,0.9944339459551257
6104,attack,attack,0.002230104501813674
6105,normal,normal,0.9963541081566553
6106,attack,normal,0.9988602891906909
6107,normal,normal,0.9996968631022254
6108,attack,attack,4.374668666639881e-08
6109,attack,attack,0.003111384658686319
6110,attack,attack,6.08443750073409e-07
6111,normal,normal,0.9904101861526956
6112,attack,normal,0.9880721083908935
6113,normal,normal,0.9956436801247665
6114,attack,attack,0.0025623219912803085
6115,attack,attack,0.0701476824006792
6116,attack,attack,0.002804242301214687
6117,attack,normal,0.9983175294201304
6118,attack,normal,0.9963077875549973
6119,attack,normal,0.7398901838347235
6120,normal,normal,0.9873277859915615
6121,attack,attack,0.0008662211422121392
6122,attack,attack,0.04978125439466315
6123,normal,attack,0.005790986002275298
6124,normal,normal,0.999866070569161
6125,normal,attack,0.03507888104549475
6126,attack,attack,0.000699604685998681
6127,normal,normal,0.9926743665625852
6128,attack,attack,0.013300079230619433
6129,normal,normal,0.9902602289582215
6130,normal,normal,0.9979491063347516
6131,attack,attack,0.00023393419472934895
6132,attack,attack,0.0004548586838253789
6133,attack,normal,0.999039878123552
6134,attack,normal,0.9981438033216045
6135,normal,normal,0.9941688437858389
6136,normal,normal,0.9907321166207703
6137,attack,attack,8.935164338112354e-07
6138,attack,attack,0.0010898553075721937
6139,attack,normal,0.9999999153026925
6140,normal,attack,0.003495370524842069
6141,attack,attack,0.00010161152894217958
6142,attack,normal,0.8747568292453984
6143,attack,attack,0.42194440178501513
6144,attack,normal,0.7009434678791088
6145,normal,normal,0.996774512817236
6146,normal,normal,0.9889513530416875
6147,attack,attack,0.0001411685086415458
6148,attack,attack,3.0858939230167726e-06
6149,attack,normal,0.9335201309294486
6150,attack,normal,0.7496442547128463
6151,attack,attack,0.0016906905552311045
6152,attack,normal,0.9976297047087498
6153,normal,normal,0.9667621356812859
6154,attack,attack,0.03478019337581257
6155,normal,normal,0.9886035011715161
6156,attack,normal,0.707099017365887
6157,attack,attack,2.144623527024704e-06
6158,attack,normal,0.9985772484854109
6159,attack,normal,0.9973138536723389
6160,attack,attack,0.0018097857914954067
6161,attack,attack,0.33280180923343644
6162,attack,attack,7.644488099518196e-07
6163,normal,normal,0.9978661037855969
6164,attack,attack,0.0007133933009774363
6165,attack,normal,0.9969959872765617
6166,attack,attack,0.00011193601720953534
6167,attack,attack,0.09772768236682709
6168,attack,attack,0.004702412973431688
6169,attack,attack,0.00013327312700032058
6170,attack,attack,0.057022876632772536
6171,attack,attack,0.0009599216708811666
6172,normal,normal,0.7964804124056789
6173,attack,attack,0.03934146483495584
6174,attack,attack,0.0011804726709010414
6175,normal,normal,0.99150390170654
6176,attack,normal,0.9979302852567994
6177,normal,normal,0.9977467533024692
6178,attack,normal,0.9359886121499775
6179,normal,normal,0.9359876393515957
6180,attack,normal,0.9963237337510865
6181,normal,normal,0.9845558958218942
6182,attack,normal,0.9987770559175712
6183,attack,attack,0.002029080012006531
6184,attack,attack,0.3074590112639643
6185,attack,attack,3.5565791966548e-07
6186,normal,normal,0.9948106799467872
6187,normal,normal,0.997069969284064
6188,attack,normal,0.9983228432875442
6189,attack,attack,0.001663310434530614
6190,attack,normal,0.6245781586884078
6191,attack,normal,0.999999807060206
6192,attack,normal,0.9908382421644969
6193,attack,normal,0.9862336270262712
6194,normal,normal,0.9955577284176325
6195,normal,normal,0.9970577028341843
6196,attack,attack,0.01583262092100495
6197,normal,normal,0.993564509029876
6198,attack,attack,0.0015704002535304538
6199,attack,attack,3.502750270249375e-08
6200,normal,normal,0.9971460076210598
6201,normal,normal,0.9963428690059195
6202,normal,attack,0.009882803158256093
6203,attack,attack,0.0006644478297281673
6204,attack,attack,0.0003202791244122699
6205,attack,normal,0.9929697607723554
6206,attack,normal,0.7144970497497425
6207,normal,normal,0.9887512926936193
6208,attack,normal,0.9982162451643904
6209,normal,normal,0.9967359347929251
6210,attack,attack,0.0009554119916267776
6211,normal,normal,0.9964315698981292
6212,normal,normal,0.9997081930672967
6213,attack,attack,0.3052087973506701
6214,normal,normal,0.9969049936478279
6215,normal,normal,0.915202804786721
6216,normal,normal,0.9981959294131271
6217,attack,attack,0.011017322274213499
6218,attack,attack,0.025302498973839807
6219,normal,attack,0.06657180204092777
6220,attack,attack,9.648892624389616e-07
6221,attack,normal,0.9999993714869533
6222,attack,attack,3.9560793029326577e-07
6223,normal,normal,0.9907042590793662
6224,normal,attack,0.004177666384399212
6225,attack,normal,0.9952247986424786
6226,attack,attack,0.001404766328957916
6227,normal,normal,0.9934231447070719
6228,attack,normal,0.9999999178871267
6229,attack,normal,0.8008805965688927
6230,attack,normal,0.6974339661983608
6231,normal,normal,0.8999479431462772
6232,normal,normal,0.9951743608891498
6233,normal,normal,0.997856932819594
6234,attack,normal,0.9999999207043689
6235,attack,attack,7.143062060344977e-06
6236,attack,attack,0.05240434567011544
6237,attack,attack,8.300748539396688e-05
6238,normal,normal,0.9972058674377907
6239,normal,attack,0.005965313192731535
6240,normal,normal,0.9705849188553041
6241,attack,normal,0.9994236092654082
6242,normal,normal,0.9965925824566818
6243,normal,normal,0.8312481064471584
6244,normal,normal,0.9827871901119063
6245,attack,attack,2.7668162428527324e-06
6246,normal,normal,0.9952814922395211
6247,normal,normal,0.9900109724408372
6248,normal,normal,0.9896096781915495
6249,normal,normal,0.9977940459642469
6250,normal,normal,0.9995067393061001
6251,normal,normal,0.9996543038977469
6252,normal,normal,0.9975748945858749
6253,normal,normal,0.9902054727151243
6254,attack,attack,0.00010342328962285278
6255,normal,normal,0.9997163376582768
6256,attack,normal,0.9968744998631401
6257,attack,normal,0.9999999241610706
6258,normal,normal,0.9969768592590235
6259,attack,normal,0.8181823072779654
6260,attack,attack,0.00015561786148541828
6261,normal,attack,0.3737015912629693
6262,attack,normal,0.9993362504655161
6263,attack,attack,0.00138027667309153
6264,attack,attack,0.020718782030982298
6265,normal,normal,0.9864529734392921
6266,attack,attack,0.00029334290554571224
6267,normal,normal,0.9978900175180105
6268,attack,attack,0.0002828136850824766
6269,attack,normal,0.9999995841904387
6270,attack,normal,0.9927264265183695
6271,normal,normal,0.9973139854966672
6272,attack,attack,0.011332139133574051
6273,attack,normal,0.9974671060154165
6274,attack,normal,0.9380113558407125
6275,attack,attack,1.6195847387472467e-07
6276,attack,attack,0.0013086906128222352
6277,normal,normal,0.9907895026459147
6278,attack,normal,0.9999999230258648
6279,attack,attack,0.000203001620726886
6280,attack,attack,0.002164653654767794
6281,attack,normal,0.9974996038711708
6282,attack,attack,0.002746274804450116
6283,attack,normal,0.9982537495051638
6284,attack,attack,8.596556020864628e-05
6285,normal,normal,0.998448513083841
6286,attack,normal,0.989928683060056
6287,attack,attack,0.009936226363608348
6288,normal,normal,0.9972239057432498
6289,normal,normal,0.9993218602843329
6290,attack,attack,0.0011279794200194052
6291,attack,attack,0.33594929435518023
6292,normal,normal,0.9731647745390172
6293,attack,attack,0.2437322566269589
6294,normal,normal,0.9905246671488445
6295,attack,attack,0.019116899340661245
6296,attack,attack,2.4347786420240504e-06
6297,attack,normal,0.9465236966107299
6298,normal,normal,0.9890110653105806
6299,attack,attack,0.0005895497683474484
6300,attack,attack,0.05050868289993541
6301,attack,attack,0.0010225818954270375
6302,normal,normal,0.9880468505134332
6303,attack,attack,0.01966421968574302
6304,attack,attack,0.18354434091049923
6305,normal,normal,0.9980495969277988
6306,attack,attack,0.014416497106385007
6307,normal,normal,0.9894610606198371
6308,attack,attack,1.6981435341360698e-07
6309,attack,attack,0.1448395475683924
6310,normal,normal,0.9973457418482312
6311,attack,attack,0.011447220421089224
6312,attack,attack,0.00021461007518610813
6313,attack,normal,0.9987860325351459
6314,normal,normal,0.9899945156952981
6315,attack,attack,0.018058959970867178
6316,normal,normal,0.9990082656709284
6317,normal,normal,0.9912642261328816
6318,attack,attack,0.00011868361792727832
6319,normal,normal,0.8459330574074023
6320,normal,normal,0.999739208252667
6321,attack,attack,1.7270573624191912e-06
6322,attack,normal,0.9905727782811854
6323,attack,normal,0.9446239164223552
6324,attack,normal,0.9983010212041629
6325,attack,normal,0.9865540688451009
6326,attack,normal,0.6894412651656562
6327,attack,attack,0.007937774846928248
6328,attack,attack,7.844838929459478e-07
6329,attack,attack,0.0015281358040867433
6330,attack,attack,0.01669896575057793
6331,normal,attack,0.0034953692646322526
6332,attack,normal,0.6584972722904656
6333,attack,normal,0.7440727846670642
6334,attack,attack,0.023730470300046276
6335,normal,normal,0.988769561347737
6336,attack,attack,0.28538155353177386
6337,normal,normal,0.9715528404886477
6338,attack,normal,0.9986489330960261
6339,attack,attack,0.00017501536110177963
6340,attack,attack,0.001432716031742928
6341,attack,attack,1.7136761468335816e-08
6342,normal,normal,0.9890119299038693
6343,attack,normal,0.9366227474848144
6344,attack,attack,0.00012224225327550774
6345,attack,attack,0.084770435560543
6346,attack,attack,0.047721864260540696
6347,normal,normal,0.997841816283569
6348,normal,attack,0.0060400268195643396
6349,attack,attack,0.0006973118713283909
6350,normal,normal,0.9808545643949466
6351,attack,attack,0.00010786428374471237
6352,normal,normal,0.9246371848544432
6353,normal,normal,0.9786790637975507
6354,attack,attack,0.0016086589650458813
6355,attack,attack,0.0024717488611926534
6356,attack,normal,0.9967457802540205
6357,attack,attack,0.0011546784015889055
6358,attack,attack,2.573775377873666e-06
6359,normal,normal,0.9897872440492952
6360,attack,attack,0.12525038476414022
6361,normal,normal,0.8957214674759963
6362,attack,normal,0.9986394077733481
6363,attack,normal,0.9958438820453211
6364,normal,normal,0.9997167339137929
6365,attack,normal,0.9999999159167485
6366,normal,normal,0.9747021743565583
6367,normal,attack,0.1157593814698579
6368,attack,attack,0.001427821405112223
6369,attack,attack,0.43718433027842596
6370,normal,normal,0.9912205726128425
6371,normal,normal,0.9904260535831738
6372,attack,normal,0.999999969089132
6373,normal,normal,0.9794298448658292
6374,attack,normal,0.9999998583361921
6375,normal,normal,0.9996332572486486
6376,normal,normal,0.9943862644832713
6377,attack,normal,0.9903764904837934
6378,attack,attack,0.027701871881304158
6379,attack,attack,0.011509719311064282
6380,attack,normal,0.9999999712102358
6381,normal,normal,0.9923372904627659
6382,attack,normal,0.9319646364323708
6383,attack,attack,2.856496376136713e-06
6384,normal,normal,0.9996594509181818
6385,normal,normal,0.9731806810254104
6386,attack,attack,0.04732608242114127
6387,normal,normal,0.9907953656539153
6388,normal,normal,0.9848675656744896
6389,normal,normal,0.9855951158874436
6390,normal,normal,0.9901024236826871
6391,attack,attack,9.964545982436956e-07
6392,normal,normal,0.9999996668347266
6393,normal,normal,0.9976671767145082
6394,normal,normal,0.9898136337956044
6395,attack,attack,0.00580532866351524
6396,normal,normal,0.990416714145275
6397,normal,normal,0.9978731579508096
6398,attack,attack,0.03192480204614727
6399,attack,normal,0.9853123550103736
6400,attack,attack,0.0007870505865430315
6401,attack,attack,0.4575458590977068
6402,attack,normal,0.9986898787219095
6403,attack,normal,0.9989541603612152
6404,normal,normal,0.9733363956222169
6405,attack,attack,0.055260966940406706
6406,normal,normal,0.9900162682106978
6407,normal,normal,0.9975011376558405
6408,normal,normal,0.9944779400637123
6409,normal,attack,0.00393664561710902
6410,attack,normal,0.9984184186050411
6411,attack,normal,0.9999999191692385
6412,attack,normal,0.9977506796848457
6413,attack,normal,0.9982697032428732
6414,normal,normal,0.9976795124985837
6415,attack,normal,0.9987930849811497
6416,normal,normal,0.9974515011855758
6417,attack,normal,0.9951412039344824
6418,attack,attack,0.0001525695986291547
6419,normal,normal,0.9953446883157734
6420,attack,normal,0.8661347619052999
6421,attack,normal,0.9995447728492718
6422,attack,normal,0.99999996703214
6423,normal,normal,0.9978939291496706
6424,attack,attack,0.00036762806100819497
6425,normal,normal,0.9873011895974476
6426,attack,normal,0.9058498269246874
6427,normal,normal,0.9972431484316311
6428,attack,attack,2.317614473487687e-05
6429,attack,normal,0.9999942619446949
6430,attack,normal,0.9537819765464719
6431,attack,normal,0.9979538660971214
6432,normal,normal,0.9910924080398729
6433,attack,normal,0.6489030769913536
6434,normal,normal,0.9890567474688533
6435,attack,normal,0.997283446607781
6436,attack,normal,0.9364799829151782
6437,attack,attack,0.002593915254553215
6438,normal,normal,0.9981027284123744
6439,normal,normal,0.9954434876820883
6440,normal,normal,0.9935910635815088
6441,normal,normal,0.9912393531512654
6442,attack,attack,0.02454328705496291
6443,normal,normal,0.9999995208588688
6444,normal,normal,0.971525007961939
6445,normal,normal,0.987522290098758
6446,attack,attack,0.01791678751438073
6447,attack,attack,0.001473587590560958
6448,attack,attack,2.210310011598754e-05
6449,attack,attack,4.7055934961787476e-08
6450,normal,normal,0.998038779967194
6451,normal,normal,0.9997504468393272
6452,normal,normal,0.9933915447415316
6453,attack,normal,0.970020747428668
6454,attack,normal,0.9984222986536818
6455,normal,normal,0.985558119119914
6456,normal,normal,0.9949350528776952
6457,normal,normal,0.9991996590216308
6458,normal,normal,0.9997841891568231
6459,attack,attack,0.007164813537385806
6460,normal,normal,0.988506977169522
6461,attack,attack,0.02259464704728563
6462,attack,normal,0.9943724432224382
6463,normal,normal,0.9977603086163862
6464,attack,attack,0.21038188873249877
6465,attack,attack,3.071506793405949e-06
6466,attack,attack,0.0033675824674224376
6467,attack,attack,0.2832303107130741
6468,attack,attack,0.004208105403017958
6469,attack,normal,0.9921625813415466
6470,normal,normal,0.9978838915342921
6471,normal,normal,0.9979305936254624
6472,normal,normal,0.9791478471936033
6473,attack,attack,0.0076100625793973226
6474,attack,normal,0.9949344755801949
6475,attack,normal,0.5667459419175469
6476,attack,attack,0.1307825393671765
6477,attack,attack,0.0459139289808013
6478,attack,attack,0.019711815274446317
6479,attack,normal,0.788055210623748
6480,normal,attack,4.432905645543265e-06
6481,attack,normal,0.9882286764076911
6482,attack,attack,0.017747477007978938
6483,normal,normal,0.9886016964213422
6484,attack,normal,0.9927278112379464
6485,attack,attack,0.47455958293378137
6486,attack,attack,5.347735699547285e-07
6487,attack,attack,0.0013819033979319605
6488,attack,attack,0.00114369322309227
6489,attack,normal,0.9503346721457274
6490,normal,normal,0.9976690551325185
6491,attack,attack,9.900671183049858e-08
6492,normal,normal,0.9968462319270146
6493,attack,normal,0.9345674533369084
6494,normal,normal,0.9980499878050447
6495,attack,normal,0.8597567436529996
6496,normal,normal,0.5552580670575892
6497,attack,normal,0.9957334114054355
6498,normal,normal,0.9975247723759619
6499,attack,attack,2.4003600108444257e-06
6500,attack,attack,0.17008802548594837
6501,attack,normal,0.997768345381991
6502,normal,attack,0.008636089654929062
6503,attack,normal,0.9989407531215738
6504,normal,normal,0.993209884007256
6505,attack,normal,0.7229420300975302
6506,normal,attack,0.0057909884792578204
6507,normal,normal,0.99981662978689
6508,normal,normal,0.9890357538936693
6509,normal,attack,0.0034953650073681316
6510,normal,normal,0.9972910830040199
6511,attack,normal,0.9987382980551173
6512,normal,normal,0.9886599359083612
6513,normal,normal,0.9966216158420156
6514,attack,attack,1.054659333236551e-08
6515,attack,attack,0.00016581143341940597
6516,normal,normal,0.9950238204128282
6517,normal,attack,6.5849021362075095e-09
6518,attack,attack,0.0003122294937922354
6519,normal,normal,0.9992193515664902
6520,attack,attack,0.004231901973984018
6521,attack,normal,0.9976724421743953
6522,normal,normal,0.9875761847743348
6523,normal,normal,0.9894228653228834
6524,normal,normal,0.9875002562619947
6525,normal,attack,0.09916664388411751
6526,normal,normal,0.9959934078948656
6527,attack,attack,0.0014442413943711692
6528,attack,attack,0.00026486685718670193
6529,attack,attack,0.018982098158029294
6530,attack,attack,0.000998019233126154
6531,attack,attack,0.0011722488307420735
6532,attack,attack,0.00017516903692690327
6533,attack,attack,8.26924808572472e-08
6534,normal,normal,0.9944173837341075
6535,normal,normal,0.9953978490386072
6536,attack,attack,0.07946981583880053
6537,attack,normal,0.9994068635593041
6538,normal,attack,0.005410613453948727
6539,attack,attack,0.07136490086640805
6540,normal,normal,0.9868394286982062
6541,normal,normal,0.986431628442363
6542,attack,attack,0.14718539023825797
6543,attack,attack,0.023557672383465456
6544,attack,attack,0.001993762304917055
6545,normal,normal,0.9903648168552518
6546,attack,attack,0.019754565650527637
6547,attack,attack,0.0046031338934944335
6548,attack,normal,0.998796202285736
6549,normal,attack,0.006489274174664737
6550,normal,normal,0.9899011490120128
6551,normal,normal,0.990452428763561
6552,attack,attack,0.0015884733615866024
6553,attack,normal,0.998386690253206
6554,attack,attack,0.10980089102836715
6555,attack,attack,0.012974044898879024
6556,attack,attack,0.0005188457525620445
6557,attack,normal,0.6974432277677673
6558,normal,normal,0.9977675606851729
6559,attack,normal,0.9419122538825467
6560,normal,normal,0.9907681016390883
6561,attack,normal,0.9848242104631431
6562,normal,normal,0.9966849600108103
6563,attack,normal,0.9844593164197334
6564,attack,attack,1.0140951773365878e-07
6565,attack,attack,0.2703097654335822
6566,normal,attack,0.00038464707248467566
6567,normal,normal,0.9958230701918432
6568,attack,normal,0.9366191914235225
6569,normal,normal,0.9891628483994296
6570,attack,attack,0.007561649723889672
6571,normal,normal,0.9979314655236647
6572,attack,attack,8.336927906596013e-09
6573,attack,attack,0.035357905825538244
6574,attack,attack,0.0004000186221843817
6575,attack,attack,0.019285406754052704
6576,normal,normal,0.9872052755056286
6577,attack,attack,3.67669011342962e-05
6578,normal,normal,0.9958806741370734
6579,attack,normal,0.9902019012455329
6580,normal,normal,0.9969876692282793
6581,attack,normal,0.9989961068320022
6582,attack,normal,0.9371105223078302
6583,attack,attack,0.0002800827146831133
6584,attack,attack,0.0028452342398544283
6585,attack,attack,0.0009586133976609634
6586,attack,normal,0.9724046751871402
6587,normal,normal,0.9977630033280732
6588,attack,normal,0.9951405642398903
6589,attack,normal,0.9999944175392493
6590,attack,attack,0.20068631087276265
6591,normal,normal,0.9969447900974027
6592,attack,attack,0.00884780506468444
6593,normal,normal,0.9880506609269539
6594,attack,attack,6.452351039965511e-05
6595,attack,normal,0.9856380802347866
6596,attack,attack,4.493803824406783e-07
6597,attack,normal,0.9957911846182426
6598,normal,attack,0.005142907158589766
6599,normal,normal,0.9900757214876514
6600,normal,normal,0.9866141353196538
6601,attack,attack,0.001062403107554079
6602,normal,normal,0.9959111025466354
6603,attack,normal,0.9999997392157448
6604,normal,normal,0.9389736974711057
6605,attack,attack,0.0014339524260226014
6606,normal,normal,0.9972648148607312
6607,attack,normal,0.9990129831693723
6608,normal,normal,0.9869428515128035
6609,attack,normal,0.735707554061278
6610,attack,normal,0.7410181929929316
6611,attack,attack,0.001721468043942423
6612,attack,attack,0.001986978483702154
6613,attack,normal,0.9544325351025061
6614,normal,normal,0.9976508007625009
6615,attack,attack,0.0011169521740460424
6616,normal,normal,0.9970011868857408
6617,attack,normal,0.9959370729795325
6618,attack,attack,0.01373273961673947
6619,normal,normal,0.9955941209873649
6620,normal,normal,0.9899923576713532
6621,attack,attack,0.0018918980610885456
6622,normal,normal,0.9905096695084862
6623,attack,attack,4.356256499150455e-07
6624,normal,attack,0.003936642645611685
6625,attack,attack,0.21215417484302174
6626,normal,normal,0.9905024289379751
6627,normal,normal,0.9898773951717174
6628,normal,normal,0.9896914191217987
6629,normal,normal,0.99753614399177
6630,attack,attack,0.00023839056003507121
6631,attack,attack,0.009814119314602292
6632,attack,normal,0.8511962027857947
6633,normal,normal,0.9962228812599084
6634,normal,normal,0.9907970533281887
6635,attack,attack,0.0015594289691366883
6636,attack,normal,0.9986683207145363
6637,attack,attack,0.04827529440835229
6638,attack,attack,0.0001540021634326289
6639,normal,normal,0.9998176976953593
6640,normal,normal,0.9966834208028976
6641,normal,normal,0.9881306190970186
6642,attack,normal,0.9551048026259497
6643,normal,normal,0.9846773040472532
6644,attack,normal,0.9360439902033885
6645,attack,attack,5.928450058837444e-05
6646,normal,normal,0.9902021536503348
6647,normal,normal,0.9992784290345482
6648,attack,normal,0.9543915795005449
6649,attack,normal,0.9994801282428277
6650,normal,normal,0.990309962158939
6651,attack,attack,0.001519605693190749
6652,attack,normal,0.9987800415785841
6653,normal,normal,0.9969822090507477
6654,attack,attack,0.1515196461791973
6655,attack,attack,0.00027960081424200853
6656,normal,normal,0.9978868546625688
6657,normal,attack,0.0040299643170538905
6658,normal,normal,0.9865941608874046
6659,normal,normal,0.9998809054473512
6660,attack,attack,0.0002004558022792248
6661,attack,normal,0.9984999421497034
6662,normal,normal,0.9878416763925337
6663,normal,normal,0.9954831851788365
6664,normal,attack,0.005142919665740375
6665,attack,attack,8.319910341152929e-05
6666,attack,attack,0.005499362295852374
6667,normal,normal,0.9907642253641893
6668,attack,attack,0.11649908821524503
6669,attack,normal,0.9999995210120664
6670,normal,normal,0.9995097178552709
6671,attack,attack,0.0011146172582960254
6672,attack,attack,0.0003021786333666368
6673,normal,normal,0.9852401070285061
6674,attack,attack,0.025691661741689995
6675,normal,normal,0.9933226387022019
6676,attack,normal,0.9999998610318679
6677,attack,attack,9.365117501558296e-05
6678,attack,normal,0.7996795195291778
6679,normal,normal,0.985899231272737
6680,attack,normal,0.9999999706757754
6681,attack,normal,0.9987731246057556
6682,attack,normal,0.9999942619443023
6683,attack,attack,0.0001965218411399433
6684,normal,normal,0.9920581382335247
6685,normal,normal,0.9961585201545311
6686,normal,attack,0.0036077873368016195
6687,normal,normal,0.9998700446385237
6688,normal,normal,0.9961532251388936
6689,attack,normal,0.6650906025068709
6690,normal,normal,0.9920659664302918
6691,normal,attack,0.003607787459779639
6692,normal,normal,0.9898923484674164
6693,attack,normal,0.9530348643041459
6694,normal,normal,0.9982270464650719
6695,attack,attack,0.00022243679993026597
6696,attack,attack,0.02210028417751055
6697,normal,normal,0.9339167790189956
6698,attack,attack,1.8084473979418812e-06
6699,attack,normal,0.7520035677046408
6700,normal,normal,0.9898681633956756
6701,normal,normal,0.9880689607167615
6702,attack,attack,0.033352372473733065
6703,attack,normal,0.8957606049398329
6704,attack,attack,0.0008033933307353592
6705,attack,attack,2.3153687483814922e-06
6706,normal,attack,0.04505512944245852
6707,normal,normal,0.997632670662407
6708,attack,attack,0.040527217606466305
6709,normal,normal,0.9872107528247209
6710,attack,normal,0.9953341002359163
6711,attack,attack,0.007182258479661254
6712,attack,normal,0.9956560032395712
6713,attack,attack,0.010346099912377525
6714,normal,normal,0.9966881348820357
6715,normal,normal,0.9997965515702333
6716,normal,attack,0.00280256481088196
6717,normal,normal,0.9998648303715154
6718,normal,normal,0.990755898636826
6719,normal,normal,0.9898938237540265
6720,attack,attack,0.00045054764043294006
6721,normal,normal,0.9860180015383142
6722,attack,normal,0.7047451652120424
6723,attack,attack,7.073306883084382e-07
6724,normal,normal,0.9765675049771153
6725,attack,attack,0.00016596247008140484
6726,attack,attack,0.014643459738302236
6727,attack,normal,0.730139988864584
6728,attack,attack,0.023968649302971243
6729,normal,normal,0.9995800706641538
6730,normal,normal,0.9958536222298847
6731,normal,normal,0.985872937341186
6732,attack,normal,0.9981275685956684
6733,normal,normal,0.9893131605014042
6734,attack,attack,0.0037683307636983054
6735,normal,normal,0.9906683000633678
6736,attack,attack,0.0008274101368978713
6737,attack,normal,0.922721041221789
6738,attack,normal,0.9899828305739156
6739,attack,attack,0.0006827323398289892
6740,normal,normal,0.9973831047139519
6741,normal,normal,0.9979339758585143
6742,attack,normal,0.9960354096814351
6743,normal,normal,0.9969933313564877
6744,normal,normal,0.9739154634341477
6745,attack,attack,0.0007875503982079909
6746,normal,normal,0.9979936063713889
6747,attack,attack,0.0030736018920655304
6748,attack,attack,0.0029875195809636822
6749,normal,normal,0.9867064496463394
6750,attack,attack,0.05028457024245733
6751,attack,attack,4.152351409190679e-07
6752,normal,normal,0.9965148573586182
6753,attack,attack,0.0001668560030895376
6754,attack,attack,2.567050389654691e-05
6755,attack,attack,0.0007086158810753664
6756,attack,attack,0.001287772530020714
6757,normal,normal,0.9888659954534931
6758,attack,normal,0.9326101882001707
6759,normal,normal,0.9875021782561942
6760,attack,normal,0.8326671049859256
6761,attack,attack,0.018120612417021884
6762,normal,normal,0.9861916970020528
6763,normal,normal,0.9863024346086945
6764,normal,normal,0.9889903205781387
6765,attack,attack,0.09551947336796288
6766,normal,normal,0.9899975426614505
6767,attack,attack,0.0016359539033846296
6768,attack,attack,0.007105033652353686
6769,attack,attack,0.021034140879693117
6770,normal,normal,0.9903008022918821
6771,normal,normal,0.9901003296088583
6772,attack,attack,0.00018159280634318063
6773,normal,normal,0.991568401334842
6774,attack,attack,0.00025974477905374286
6775,normal,normal,0.9909000341753561
6776,normal,normal,0.9940982939933926
6777,attack,attack,0.38583283063749413
6778,attack,attack,0.1761417848473032
6779,attack,attack,8.917178471280567e-07
6780,normal,normal,0.9496537499229187
6781,normal,normal,0.975465088763757
6782,attack,attack,0.0016738887024898962
6783,normal,normal,0.9955036731460273
6784,normal,normal,0.8473302592993681
6785,normal,attack,0.13676787556561637
6786,attack,attack,0.030489466123798457
6787,attack,attack,0.10838616097982073
6788,attack,attack,4.5782358703142005e-06
6789,normal,normal,0.9895613184043458
6790,attack,normal,0.6411032067832393
6791,normal,normal,0.9978390296379395
6792,attack,normal,0.9987156695397672
6793,attack,attack,0.00017821885211762395
6794,attack,attack,0.00012456212958472757
6795,attack,attack,0.0021943926621601517
6796,attack,normal,0.9999997972387842
6797,normal,normal,0.9917861637560587
6798,attack,attack,0.01980168093665423
6799,attack,attack,0.00014958784791550787
6800,normal,normal,0.9979364342922185
6801,attack,normal,0.9974341271496461
6802,normal,normal,0.9997440958554206
6803,attack,normal,0.9527970153760492
6804,normal,normal,0.9907784676273427
6805,normal,normal,0.9977624019975541
6806,normal,normal,0.9977370907488522
6807,normal,normal,0.9898832680902184
6808,attack,attack,0.003960270879749459
6809,normal,normal,0.996831562199984
6810,normal,normal,0.9998414318814892
6811,attack,normal,0.986220101830449
6812,attack,normal,0.9952495525103372
6813,attack,attack,0.000275462516531984
6814,attack,normal,0.8285606350165668
6815,normal,normal,0.9618471945224826
6816,normal,normal,0.9959986704862229
6817,normal,normal,0.999795986117845
6818,attack,attack,0.029975224995929285
6819,normal,normal,0.9971248162240234
6820,attack,attack,0.000872879590043839
6821,normal,normal,0.9973547988626466
6822,attack,attack,0.11610626576688397
6823,normal,normal,0.9840240274318922
6824,attack,attack,0.0019654164330243982
6825,attack,attack,0.001445374992396035
6826,attack,normal,0.9982668718521217
6827,attack,attack,1.977691574154544e-05
6828,normal,normal,0.9929955996757415
6829,attack,attack,8.288175175190044e-05
6830,attack,attack,0.002139567522299786
6831,attack,normal,0.9948273929349691
6832,attack,attack,0.014070832791073611
6833,normal,normal,0.9986022328599198
6834,normal,normal,0.9979783696022902
6835,attack,normal,0.9767597321403022
6836,attack,attack,0.49762102847959894
6837,attack,attack,1.0708461952084717e-06
6838,attack,attack,1.325900062871386e-07
6839,attack,attack,0.012614815503530665
6840,normal,normal,0.9938285156292498
6841,attack,attack,0.24796124428040264
6842,normal,normal,0.9872770825634561
6843,attack,normal,0.9987345866880991
6844,attack,normal,0.6492529520172542
6845,attack,normal,0.9999998740854007
6846,attack,attack,0.00032634626249121283
6847,attack,attack,0.026730600702452926
6848,attack,normal,0.9444065085639068
6849,attack,attack,0.0941157814863694
6850,normal,normal,0.9968577576203146
6851,normal,normal,0.9977577527898869
6852,attack,attack,0.0044314806563757764
6853,normal,normal,0.993343277323535
6854,attack,normal,0.9930015780662566
6855,attack,attack,0.016523513943461767
6856,normal,normal,0.9998203263143709
6857,attack,attack,0.012698038565904405
6858,normal,normal,0.9993504922480045
6859,attack,normal,0.9374448166478299
6860,normal,normal,0.9929411138787324
6861,attack,attack,0.04917045101443586
6862,normal,normal,0.9897734716990987
6863,attack,normal,0.9986330410371668
6864,attack,normal,0.9984222987075702
6865,normal,normal,0.996113313360278
6866,attack,attack,0.00044146504211320197
6867,attack,attack,9.746236211028781e-05
6868,attack,attack,0.0014876194265756012
6869,attack,attack,0.23267792840593501
6870,normal,normal,0.9975803887642742
6871,normal,normal,0.9250892250507794
6872,normal,normal,0.9889462673751607
6873,normal,normal,0.9902862124807056
6874,normal,normal,0.9976719766028486
6875,normal,normal,0.9905880010790455
6876,normal,normal,0.9998987043517396
6877,attack,attack,7.067536363125498e-09
6878,attack,attack,0.07560065849957626
6879,normal,normal,0.995332363939901
6880,normal,normal,0.9957317633757387
6881,normal,normal,0.9995184335002979
6882,normal,normal,0.9931206150636853
6883,normal,normal,0.9970777998232073
6884,attack,attack,9.182413605609774e-05
6885,attack,attack,8.45251283192646e-08
6886,attack,attack,1.1376602840025246e-06
6887,attack,normal,0.9949827789321549
6888,attack,normal,0.996887080696709
6889,attack,attack,0.00010294010201933867
6890,normal,normal,0.9961636227044559
6891,attack,attack,9.226183587046677e-05
6892,normal,normal,0.9980299586391408
6893,normal,normal,0.9899950469327359
6894,attack,attack,1.756701138850141e-06
6895,attack,attack,0.1004330979053383
6896,attack,normal,0.9986730286710324
6897,normal,normal,0.9345673340930775
6898,attack,attack,2.723664192182427e-06
6899,attack,normal,0.9360476041355948
6900,normal,normal,0.9996770091429666
6901,normal,normal,0.9862176839736104
6902,attack,attack,0.0013436837426790218
6903,attack,normal,0.8459996955658261
6904,attack,normal,0.9944229421800425
6905,normal,normal,0.9976693513291816
6906,attack,attack,0.025873621533695833
6907,normal,normal,0.9964898972485644
6908,attack,attack,0.014985334186119807
6909,attack,normal,0.9966973583968481
6910,normal,normal,0.8814748381609908
6911,attack,normal,0.8200365156131901
6912,normal,normal,0.9977283435428682
6913,normal,normal,0.61278773404358
6914,normal,normal,0.9976709754285532
6915,attack,normal,0.9985544015884047
6916,attack,normal,0.9922547679569823
6917,attack,normal,0.7818618209573638
6918,attack,attack,3.694542048303323e-05
6919,normal,normal,0.9891112485326042
6920,attack,normal,0.9606766786789863
6921,attack,attack,7.078873840027892e-08
6922,normal,normal,0.9904848644181377
6923,attack,normal,0.9565037049448979
6924,normal,normal,0.9970447704112655
6925,normal,normal,0.9894078733398074
6926,attack,normal,0.994918695666582
6927,attack,normal,0.998670599013803
6928,attack,normal,0.9548942811444884
6929,attack,attack,4.002899206075397e-05
6930,attack,attack,0.00020410935913768135
6931,attack,attack,2.46715019004786e-06
6932,attack,normal,0.9999998593159036
6933,normal,normal,0.9959277151802681
6934,attack,attack,0.10433469861267806
6935,attack,normal,0.9965233473325484
6936,attack,attack,0.0022084833686140315
6937,attack,attack,0.1401841900764782
6938,attack,normal,0.9994791059621709
6939,normal,normal,0.9843626992736595
6940,attack,normal,0.9908299976241199
6941,attack,attack,0.0037190784306255567
6942,normal,normal,0.9940359933956998
6943,attack,normal,0.8491614200189537
6944,attack,attack,0.003776546793209451
6945,attack,attack,0.004293342792717722
6946,attack,normal,0.8562674655769672
6947,attack,attack,4.3934229581598906e-07
6948,attack,attack,4.62265636749262e-08
6949,normal,normal,0.9422335119574197
6950,attack,normal,0.981505105468102
6951,normal,normal,0.9971851041203628
6952,attack,attack,4.7365658314225644e-07
6953,normal,normal,0.9842679075031985
6954,normal,normal,0.9893981388998742
6955,normal,normal,0.9903088652940386
6956,attack,normal,0.9999999363779721
6957,attack,attack,0.0008408213740143405
6958,normal,normal,0.9979609881682844
6959,attack,normal,0.9976774283683986
6960,attack,attack,0.00011557243374457353
6961,normal,normal,0.995691951691308
6962,normal,normal,0.9963888967942232
6963,normal,normal,0.9954003291573402
6964,attack,attack,6.19929369500699e-05
6965,attack,normal,0.9999998301111115
6966,normal,normal,0.9552899459140847
6967,normal,normal,0.9997579317286538
6968,normal,normal,0.9768600251196652
6969,normal,normal,0.9939342695764962
6970,attack,attack,0.019601787426402534
6971,normal,normal,0.999832446284052
6972,attack,normal,0.935788024641817
6973,attack,attack,0.0007675481991206459
6974,normal,normal,0.9807783639255713
6975,attack,normal,0.9999999703002624
6976,normal,normal,0.9974639598270417
6977,attack,attack,0.002996665709336564
6978,normal,normal,0.9863334332315628
6979,normal,attack,0.0007005162727475111
6980,normal,normal,0.9906998508988769
6981,normal,normal,0.9942811701886287
6982,normal,normal,0.9414512362316998
6983,attack,attack,6.684387314454705e-08
6984,attack,attack,1.505739329754466e-07
6985,normal,normal,0.9977782978892342
6986,attack,attack,4.3801385312161756e-07
6987,attack,normal,0.8224549498351712
6988,normal,normal,0.9979455387912307
6989,attack,attack,0.0025372059708660072
6990,normal,normal,0.9695741375528227
6991,normal,attack,0.005142902931201237
6992,attack,attack,0.1936879123655095
6993,attack,attack,0.0002675468143998268
6994,normal,normal,0.9960465219972913
6995,attack,attack,0.045832603374849866
6996,attack,attack,0.004381617459449066
6997,attack,normal,0.9999998805085256
6998,normal,normal,0.9995641999498823
6999,attack,attack,0.0011328902731153041
7000,normal,normal,0.9937233782153022
7001,normal,normal,0.9938380320885881
7002,attack,attack,0.0010077652301076724
7003,normal,normal,0.9964070287742669
7004,normal,normal,0.988416763563133
7005,normal,normal,0.9933022120844072
7006,normal,normal,0.999820326895782
7007,attack,attack,0.0011301097020723647
7008,attack,normal,0.9987446221091255
7009,attack,normal,0.9999999446931633
7010,attack,normal,0.9987576690820472
7011,normal,normal,0.9845983330071296
7012,attack,normal,0.6528345077362041
7013,attack,normal,0.9755895359897886
7014,normal,normal,0.93730122595401
7015,normal,normal,0.9975230873319522
7016,attack,normal,0.9431635744377186
7017,attack,attack,5.368214423072166e-07
7018,attack,attack,0.0010719288153984144
7019,normal,normal,0.996467882915596
7020,attack,attack,4.030064784358036e-07
7021,attack,attack,0.021940307245685214
7022,normal,normal,0.9875158777225047
7023,attack,attack,0.00012948285048498175
7024,attack,attack,0.20209115449379564
7025,attack,normal,0.6560571766370372
7026,normal,normal,0.9874569264590332
7027,attack,attack,0.0013213436866969133
7028,attack,normal,0.9991024429912275
7029,attack,attack,0.0010633222055529206
7030,normal,normal,0.9832420858601083
7031,normal,normal,0.9973305277051272
7032,attack,normal,0.9981891478702558
7033,normal,normal,0.983613791084986
7034,normal,normal,0.98612134698303
7035,normal,attack,0.12409700123386842
7036,attack,attack,0.0006684616917475031
7037,normal,normal,0.989151970093132
7038,attack,attack,0.00022933938553131345
7039,normal,normal,0.9976796293816012
7040,attack,normal,0.9879890842692461
7041,attack,attack,0.0006162749490054723
7042,normal,normal,0.9995735834404086
7043,normal,normal,0.9974173668927603
7044,attack,attack,0.3166770230456908
7045,attack,attack,0.0009890873317747926
7046,normal,normal,0.9975625582105948
7047,normal,normal,0.9912579912751309
7048,normal,normal,0.9900601892452934
7049,attack,normal,0.9382445864669998
7050,attack,normal,0.9946581377212881
7051,normal,normal,0.9877559831131034
7052,attack,attack,0.010074499843337503
7053,attack,attack,0.060785190749728726
7054,normal,normal,0.997467130496344
7055,attack,normal,0.9892511646040413
7056,normal,normal,0.9962797551000441
7057,attack,normal,0.517483424189294
7058,attack,attack,0.0014860906940255092
7059,normal,normal,0.9966420218306681
7060,attack,attack,0.00024673764933056004
7061,attack,attack,0.064416773677073
7062,attack,attack,0.00014481279224228035
7063,attack,attack,0.02059665941910228
7064,attack,attack,0.0045718649732239556
7065,normal,normal,0.9942941122720731
7066,normal,normal,0.997580909705068
7067,normal,normal,0.9977089416895334
7068,attack,normal,0.737724829775839
7069,attack,attack,0.007059698591494064
7070,attack,attack,0.00022346911926009573
7071,attack,normal,0.9994871616541491
7072,attack,attack,0.01798183627497397
7073,attack,attack,0.028081973172959747
7074,normal,attack,0.08658590949959347
7075,attack,normal,0.9330166655040095
7076,attack,attack,0.025183050157723572
7077,attack,normal,0.9989683423350421
7078,attack,normal,0.9864335335874053
7079,attack,normal,0.9999999727826946
7080,normal,normal,0.9974812548254024
7081,attack,normal,0.9973828214950343
7082,normal,normal,0.9965513640517735
7083,attack,normal,0.997508032971323
7084,normal,normal,0.9946213844762277
7085,attack,attack,2.2314611829390543e-06
7086,attack,normal,0.9985546247028431
7087,attack,attack,1.4025709760954782e-07
7088,attack,normal,0.9999999182217849
7089,attack,attack,0.2605256162432043
7090,normal,normal,0.9874625586647606
7091,attack,normal,0.9954110931673726
7092,attack,attack,0.0006666545143009262
7093,attack,normal,0.9999997537545158
7094,attack,attack,0.0016497202182877905
7095,attack,attack,0.0010964505910507631
7096,attack,normal,0.9985483311668247
7097,attack,attack,0.015949492469824217
7098,attack,attack,0.0002520567251676427
7099,normal,normal,0.9971058482738729
7100,normal,normal,0.9956813030569744
7101,attack,normal,0.999996903619072
7102,attack,normal,0.9987191073931011
7103,attack,normal,0.7327625127766211
7104,normal,normal,0.9873411686000051
7105,normal,attack,0.20338592049900062
7106,attack,normal,0.8975202506123039
7107,normal,normal,0.9959139103215247
7108,attack,attack,0.19243365921808425
7109,normal,normal,0.9942356949725809
7110,attack,attack,0.00033052851537047364
7111,normal,normal,0.9938067941004329
7112,attack,normal,0.8171632206839561
7113,normal,normal,0.9961648333990037
7114,normal,attack,0.003495365245686814
7115,normal,normal,0.9961525479638759
7116,attack,attack,0.0009825219176016946
7117,normal,normal,0.999574673923515
7118,normal,normal,0.98811411083299
7119,attack,attack,0.001335475722296496
7120,attack,attack,0.00018897605014904755
7121,attack,attack,0.004213130170017951
7122,normal,normal,0.9907223538903215
7123,normal,normal,0.9918085500209198
7124,attack,normal,0.9978069261132663
7125,attack,normal,0.9999974738260464
7126,normal,normal,0.9904611862661608
7127,normal,normal,0.9901845260503411
7128,attack,attack,0.00020833432552607424
7129,normal,normal,0.9978623419814909
7130,normal,normal,0.9357343279037342
7131,attack,attack,9.974176532196123e-05
7132,attack,normal,0.9979532594079076
7133,attack,attack,0.15267474886524637
7134,attack,attack,3.989134044360231e-09
7135,attack,attack,0.0011462569034527545
7136,normal,normal,0.99968152134639
7137,normal,normal,0.9525011735718946
7138,attack,attack,0.004508261426226151
7139,normal,normal,0.9906092075347013
7140,normal,normal,0.9884661651451234
7141,normal,normal,0.9881733374100163
7142,normal,normal,0.991620770655757
7143,attack,attack,0.012202744007561066
7144,attack,normal,0.9988515059942472
7145,attack,normal,0.6109808162721951
7146,attack,attack,0.00033035967507438464
7147,normal,normal,0.9932078847216133
7148,attack,attack,0.0060143909670001775
7149,normal,normal,0.9975785479166803
7150,attack,attack,0.06949082772813622
7151,normal,normal,0.9922051703212555
7152,attack,normal,0.9986531925553112
7153,normal,normal,0.992025642324974
7154,normal,normal,0.994092739470711
7155,attack,normal,0.9999942625430724
7156,normal,normal,0.9864741655446234
7157,normal,normal,0.9875381717248543
7158,normal,normal,0.9789891279815511
7159,normal,normal,0.9872706153379941
7160,attack,normal,0.9777185504291441
7161,attack,attack,8.375812916797945e-08
7162,normal,attack,0.005621729065693227
7163,attack,attack,2.0691587171704147e-06
7164,normal,normal,0.9995615956917444
7165,normal,normal,0.9987272861942387
7166,normal,normal,0.9906029927725805
7167,attack,attack,2.0879551977601417e-08
7168,attack,attack,7.532292256809521e-07
7169,normal,normal,0.9803886903816972
7170,attack,attack,0.0008660072699970295
7171,attack,attack,3.886784016134643e-06
7172,attack,normal,0.8963529427124698
7173,normal,normal,0.9896755522528999
7174,normal,normal,0.9997531544423578
7175,attack,attack,0.0021170997103254563
7176,attack,normal,0.9831483826782736
7177,attack,attack,0.008979001382516127
7178,attack,attack,0.001208431365862266
7179,attack,normal,0.9991594336977314
7180,attack,attack,0.0032780597751331927
7181,attack,attack,0.001195444357062996
7182,attack,normal,0.9993935195227448
7183,attack,normal,0.9942833396062574
7184,normal,attack,0.0030118424164671384
7185,attack,attack,0.012232961530124575
7186,normal,attack,0.001471776737778848
7187,attack,normal,0.8775752938445168
7188,attack,normal,0.9999999706769482
7189,normal,normal,0.9997446004093368
7190,normal,normal,0.9779482518291235
7191,attack,attack,0.01983994959901979
7192,normal,normal,0.9968309637887415
7193,normal,normal,0.9992939948653948
7194,attack,normal,0.9973933591389245
7195,attack,normal,0.6193248244719736
7196,normal,normal,0.997643541702128
7197,attack,attack,0.00023650097350374805
7198,normal,normal,0.998061239755413
7199,attack,normal,0.9989952138182053
7200,attack,normal,0.9951082718333706
7201,normal,normal,0.9980860155556545
7202,normal,normal,0.9976163172158217
7203,normal,normal,0.9886044579090134
7204,attack,normal,0.9861809307722755
7205,normal,normal,0.9967595428396444
7206,attack,attack,0.011886803230125182
7207,attack,normal,0.9987062134525001
7208,attack,normal,0.9999994319024842
7209,normal,normal,0.9976211079303594
7210,attack,normal,0.9989294809190367
7211,attack,normal,0.9358507412962709
7212,normal,normal,0.9614623440414032
7213,normal,normal,0.9895178799475316
7214,attack,normal,0.9988259899331507
7215,attack,normal,0.9999999699524378
7216,attack,attack,2.2039260316992422e-05
7217,normal,normal,0.9952679669862593
7218,attack,attack,0.016319028972160785
7219,normal,normal,0.9961211362549748
7220,attack,normal,0.9990552039101521
7221,attack,attack,2.080716512798037e-07
7222,normal,normal,0.9956896078290473
7223,attack,attack,0.001204075481699768
7224,attack,attack,4.1079358126182403e-07
7225,attack,attack,0.1530792220488934
7226,normal,normal,0.9907220779297626
7227,attack,attack,0.16473354209047159
7228,attack,attack,0.03308453807170884
7229,attack,attack,4.853945361225726e-08
7230,attack,normal,0.9489717317378362
7231,normal,normal,0.9863870231793792
7232,normal,normal,0.9972223158195239
7233,normal,normal,0.9997483687461541
7234,attack,attack,0.0007944619036208023
7235,attack,normal,0.9359718712975689
7236,normal,normal,0.9890684769195648
7237,normal,normal,0.9971260438350082
7238,normal,normal,0.9968951116467517
7239,attack,attack,4.311062944059094e-05
7240,normal,normal,0.9887958449307901
7241,attack,attack,0.05057805543163863
7242,attack,attack,0.00024707433816572655
7243,attack,attack,0.0006479007534960679
7244,attack,normal,0.8226433431551428
7245,attack,attack,2.47809286053295e-06
7246,attack,attack,0.011250495775657817
7247,attack,attack,0.011538309416279317
7248,normal,normal,0.9854492622405754
7249,normal,normal,0.9967127045072154
7250,attack,attack,0.013715247653251194
7251,attack,normal,0.9988902953328385
7252,attack,attack,0.27715027630035544
7253,normal,normal,0.9959174845076435
7254,attack,attack,0.0073819213283206645
7255,attack,attack,0.037790726940801656
7256,normal,normal,0.9886500259296254
7257,attack,normal,0.7416606207086154
7258,attack,attack,0.03102799776954798
7259,normal,attack,0.03320211311136007
7260,normal,normal,0.9903060431527093
7261,normal,normal,0.9788694448502245
7262,attack,normal,0.998302306559297
7263,normal,normal,0.9895686188708218
7264,normal,normal,0.9884485677337229
7265,normal,normal,0.999849244720121
7266,attack,attack,4.810751206198073e-06
7267,attack,normal,0.9376155721203011
7268,normal,normal,0.9975970395416709
7269,attack,attack,0.0009385449402677783
7270,attack,attack,0.00010853812906847659
7271,normal,normal,0.9878623232917328
7272,attack,normal,0.7942469113363128
7273,normal,normal,0.9886349033079188
7274,attack,attack,0.0009151658252705923
7275,normal,normal,0.9998455112031073
7276,attack,normal,0.8176922982441467
7277,attack,attack,0.026228234366097683
7278,attack,attack,3.0622482641438735e-07
7279,normal,normal,0.9877616852121333
7280,attack,attack,0.4871970215897368
7281,attack,normal,0.9987446150720356
7282,normal,normal,0.9468252601609435
7283,attack,attack,0.005607397005813721
7284,attack,attack,0.0015465533276225651
7285,attack,normal,0.9989247742890162
7286,normal,normal,0.9752649058270976
7287,attack,attack,5.7062554557491115e-08
7288,attack,attack,2.450063128067151e-06
7289,normal,normal,0.996783876291841
7290,attack,attack,0.0002250995812369301
7291,attack,normal,0.9483037282455745
7292,normal,normal,0.9994919999865632
7293,attack,attack,0.0021829527416410035
7294,normal,normal,0.9976700221113177
7295,attack,attack,2.0585544001545202e-06
7296,attack,normal,0.9990254054421827
7297,attack,normal,0.9908973459237136
7298,attack,normal,0.9987706821568427
7299,attack,attack,0.0012867305076106192
7300,normal,normal,0.9977104692108288
7301,attack,attack,7.411184711570118e-08
7302,attack,attack,0.009522012911722316
7303,attack,attack,0.00037618174093056924
7304,normal,normal,0.9993970989690902
7305,normal,normal,0.9980975011697366
7306,attack,attack,0.03658731619371261
7307,normal,normal,0.9978443769128511
7308,attack,attack,0.0001800712710668822
7309,attack,attack,0.021468333502854656
7310,attack,attack,0.0031728596441538827
7311,normal,normal,0.9891763279565667
7312,normal,normal,0.9925951986640184
7313,attack,attack,0.06276091088823499
7314,attack,normal,0.999999894937826
7315,attack,attack,0.015371689765359487
7316,normal,normal,0.9873865288344132
7317,attack,normal,0.9991591834216427
7318,normal,normal,0.9893403400484326
7319,normal,normal,0.9782058941474076
7320,normal,normal,0.9965369310719038
7321,attack,attack,0.020928905369840014
7322,attack,attack,0.0002866488712570823
7323,attack,attack,0.4156870078780423
7324,attack,attack,0.02279964671547122
7325,normal,normal,0.9993975365632694
7326,attack,attack,0.006526193752590733
7327,normal,normal,0.9992151738071557
7328,attack,attack,4.910362989726344e-07
7329,attack,normal,0.9999999165834129
7330,attack,attack,0.008313048396878584
7331,normal,normal,0.9980006336799001
7332,attack,normal,0.9419660913733477
7333,attack,attack,4.230617024571731e-08
7334,attack,attack,5.630131795731504e-07
7335,normal,normal,0.9959566623368992
7336,attack,normal,0.9977755209997307
7337,normal,normal,0.9903078209658475
7338,attack,normal,0.9987675017572257
7339,attack,attack,0.00012693525949970547
7340,attack,attack,0.026052985055827475
7341,normal,normal,0.9885399607493013
7342,attack,attack,0.00014002689705440693
7343,attack,attack,3.5963457442277116e-07
7344,attack,attack,8.0399789281592e-05
7345,attack,attack,0.007877815604506668
7346,attack,attack,0.0018009667447144132
7347,attack,attack,7.466270482031333e-06
7348,normal,normal,0.9977577978807761
7349,attack,attack,7.563731202502248e-07
7350,normal,normal,0.9875109416718794
7351,normal,normal,0.9959493609289325
7352,normal,normal,0.8076602148666187
7353,normal,normal,0.9974712152778868
7354,normal,normal,0.9981435280313221
7355,normal,normal,0.984501652777258
7356,attack,normal,0.9988747469044743
7357,normal,normal,0.9977806320551619
7358,normal,normal,0.989998125136744
7359,attack,normal,0.9999995311423877
7360,attack,normal,0.8156612633397549
7361,attack,attack,0.016536442303501424
7362,normal,attack,0.003532442225243042
7363,attack,attack,0.019635064392087884
7364,attack,normal,0.7600477061482288
7365,normal,normal,0.9888093629274086
7366,attack,attack,0.0010780564025641025
7367,normal,normal,0.9980100484650114
7368,normal,normal,0.9968824176512977
7369,attack,attack,0.02726929033748558
7370,attack,attack,1.3210515850750644e-06
7371,attack,attack,0.07483129075259592
7372,normal,normal,0.9952406020532086
7373,normal,normal,0.9919382990152372
7374,normal,normal,0.9892596506099144
7375,attack,normal,0.7408089468419357
7376,normal,normal,0.9713197004610303
7377,attack,attack,0.0011166953871537585
7378,attack,attack,0.021827458249541697
7379,attack,attack,2.310554659443845e-07
7380,normal,normal,0.99958645262016
7381,normal,normal,0.9898716206116203
7382,normal,normal,0.9899939751773082
7383,attack,attack,0.005253643438054079
7384,normal,normal,0.9996075585482018
7385,attack,normal,0.9835986896423955
7386,attack,attack,0.02158841721958309
7387,normal,normal,0.9901026519237451
7388,normal,normal,0.9952413109695455
7389,attack,normal,0.998578436201068
7390,normal,attack,3.0051261151574755e-05
7391,attack,attack,0.0002505834754054872
7392,normal,normal,0.8665439738650823
7393,attack,attack,0.00012714996455415357
7394,normal,normal,0.9918616464899563
7395,attack,attack,3.8070083498051864e-06
7396,attack,attack,0.043571971842497975
7397,attack,normal,0.9988055797645231
7398,normal,attack,0.005410615953216668
7399,normal,normal,0.9962550843893385
7400,normal,normal,0.9956110707992217
7401,normal,normal,0.9907743227200282
7402,attack,attack,0.012056604672545077
7403,normal,normal,0.702577342156683
7404,attack,attack,1.021157655305603e-07
7405,attack,normal,0.9995667305684467
7406,attack,attack,0.00022147138040049986
7407,normal,normal,0.9968120693373707
7408,normal,attack,0.15268454278938753
7409,attack,attack,0.0001499118817044471
7410,attack,attack,0.009963529902930505
7411,attack,attack,1.0700272237119618e-07
7412,attack,attack,9.263087401360022e-05
7413,normal,attack,0.005197369416171269
7414,attack,normal,0.9907244583359592
7415,attack,attack,0.00025297153690514946
7416,normal,normal,0.9940046226391366
7417,normal,normal,0.9901030862531307
7418,normal,normal,0.9980934276852554
7419,normal,normal,0.9973776328548065
7420,normal,normal,0.9908940917247541
7421,attack,attack,0.02714437658436969
7422,normal,normal,0.990309344587163
7423,normal,normal,0.9923422406551765
7424,normal,normal,0.9859974962032019
7425,attack,attack,0.0011737959033854201
7426,attack,normal,0.9958496172241953
7427,attack,normal,0.9934025343963963
7428,attack,normal,0.9335262995521606
7429,attack,normal,0.9520239413700263
7430,normal,normal,0.9940639059518545
7431,attack,normal,0.993654805876409
7432,attack,attack,6.33198712368269e-08
7433,normal,normal,0.9128330866583034
7434,normal,normal,0.6395170999152723
7435,attack,attack,0.014110636508805337
7436,normal,normal,0.9907078127546806
7437,attack,normal,0.9980299841632103
7438,attack,attack,7.288859663430971e-06
7439,normal,normal,0.9971363458793514
7440,attack,normal,0.9668354065221324
7441,normal,normal,0.9858683041438784
7442,normal,normal,0.9957855897725685
7443,attack,attack,0.019679817818744966
7444,normal,normal,0.9978048184514576
7445,attack,attack,0.0007966347861083034
7446,normal,normal,0.9969345784656011
7447,attack,normal,0.8860001991912707
7448,normal,normal,0.9978659815425086
7449,attack,attack,0.0017153544114318368
7450,attack,normal,0.9724710741830558
7451,normal,normal,0.9949912840681855
7452,normal,normal,0.5054719280258516
7453,attack,attack,3.900397334130831e-09
7454,normal,normal,0.9884164954389443
7455,attack,normal,0.6839344009324969
7456,attack,attack,0.3551408921628029
7457,attack,attack,0.0008759010245297434
7458,attack,normal,0.9504964702002013
7459,attack,attack,0.00024174108922968152
7460,attack,attack,4.061023432276381e-08
7461,normal,attack,0.0036008297277941286
7462,normal,normal,0.9896973146416261
7463,attack,attack,8.299000353811582e-05
7464,attack,normal,0.9352109215475397
7465,attack,normal,0.999999540049813
7466,normal,normal,0.9997578192390388
7467,normal,normal,0.9992046380074334
7468,normal,normal,0.9999017615049983
7469,attack,attack,0.02103192372620934
7470,normal,normal,0.9875622783016289
7471,normal,normal,0.9979245965175148
7472,attack,attack,0.0026881372492670984
7473,attack,attack,0.00011284477501338828
7474,attack,attack,0.03076358736293504
7475,attack,attack,0.00022501394704547439
7476,attack,attack,3.653845692266087e-07
7477,attack,attack,0.02467904075816881
7478,normal,normal,0.9835389306988193
7479,normal,normal,0.9858542590280385
7480,normal,normal,0.9759045199928399
7481,normal,normal,0.9970218024514079
7482,attack,attack,9.367982300474689e-08
7483,attack,attack,5.906791408514687e-09
7484,attack,attack,0.00014976450759693281
7485,normal,normal,0.9991192918691253
7486,attack,attack,6.698188038856037e-06
7487,attack,attack,8.848917431106977e-05
7488,normal,normal,0.99418891388481
7489,normal,normal,0.9964812974648787
7490,attack,attack,1.6124737899135276e-07
7491,normal,normal,0.9962071262218322
7492,attack,attack,0.012889776035689597
7493,normal,normal,0.9902795133558155
7494,attack,normal,0.8522250455838922
7495,normal,normal,0.9998291973182017
7496,attack,normal,0.9999966234093965
7497,normal,attack,0.23307160377000893
7498,normal,normal,0.9923403000379275
7499,normal,normal,0.9998665312609305
7500,normal,normal,0.9875877881942235
7501,attack,attack,0.0013141426675756945
7502,attack,normal,0.9979939249939855
7503,attack,normal,0.9927476124693173
7504,normal,normal,0.9875328604229593
7505,normal,normal,0.995041905128205
7506,attack,attack,7.312859471211333e-08
7507,normal,normal,0.9865790220609529
7508,normal,normal,0.999802899516776
7509,attack,attack,0.03090387698402571
7510,normal,normal,0.9901852313779548
7511,attack,attack,0.01541427191371829
7512,attack,attack,5.5075841619085794e-05
7513,attack,attack,0.022361707020070797
7514,attack,normal,0.995783254636757
7515,normal,normal,0.9875564939868701
7516,attack,attack,3.8952828442367884e-05
7517,normal,normal,0.9880196174984915
7518,attack,attack,0.011998830083118176
7519,attack,attack,0.0005090606755148239
7520,attack,attack,4.313899476591407e-07
7521,normal,normal,0.9926565253412651
7522,attack,attack,3.4134309140646594e-08
7523,attack,attack,0.17178264427820208
7524,normal,normal,0.9973390277114491
7525,normal,normal,0.9903094164269736
7526,normal,normal,0.9907618930170908
7527,attack,attack,0.1920420559229647
7528,attack,attack,0.034375122264726665
7529,attack,normal,0.9341804256727433
7530,attack,normal,0.9990549136180401
7531,attack,normal,0.9635276814164387
7532,normal,attack,0.004055375731573305
7533,attack,attack,1.5775878412698333e-07
7534,attack,attack,0.009358262610572784
7535,normal,attack,0.06335613608267575
7536,attack,attack,0.10389711798066317
7537,attack,attack,0.0030511996076784693
7538,attack,normal,0.9335262931834147
7539,normal,normal,0.9665916238452832
7540,normal,attack,0.004567030396147646
7541,attack,normal,0.9341793626911719
7542,attack,normal,0.9866561030119474
7543,normal,normal,0.9859624838480724
7544,attack,normal,0.9363683417585026
7545,attack,attack,0.012105877094131521
7546,normal,normal,0.986888309773056
7547,attack,attack,0.018629488079806203
7548,attack,attack,0.00015033798089956834
7549,attack,attack,0.0018306600068311585
7550,attack,normal,0.9841661473627665
7551,normal,normal,0.9981401167580054
7552,attack,attack,0.1991508512680515
7553,normal,normal,0.9975127854539975
7554,normal,normal,0.9976061968521992
7555,attack,attack,0.02119472058155094
7556,attack,normal,0.999525061271428
7557,attack,attack,0.0007148375390595659
7558,attack,attack,0.005633350853274345
7559,attack,normal,0.9932273135100205
7560,attack,attack,0.0713301083035975
7561,normal,normal,0.9761756358582327
7562,normal,normal,0.997524635507331
7563,normal,normal,0.9619866861615777
7564,attack,attack,0.00026289221734391113
7565,normal,normal,0.996242880593913
7566,attack,attack,0.014775145062964982
7567,attack,attack,0.34868830314189253
7568,attack,attack,0.0013128593530868286
7569,normal,attack,0.06479701138446654
7570,attack,attack,2.118973595468173e-06
7571,attack,normal,0.9991362310265648
7572,attack,attack,5.1193874684853886e-08
7573,attack,attack,6.547959243241064e-08
7574,normal,normal,0.99769853116428
7575,normal,normal,0.784417068619828
7576,attack,attack,6.17624819074902e-09
7577,normal,normal,0.9971510193217958
7578,normal,normal,0.9997537120513469
7579,normal,attack,0.0054106093759001845
7580,attack,attack,0.0008534423074635417
7581,attack,attack,0.014618854966705352
7582,attack,normal,0.8348345637512061
7583,normal,normal,0.9980622975773406
7584,attack,attack,2.584492023272439e-07
7585,attack,attack,0.03806170617668029
7586,normal,normal,0.9883923998491767
7587,attack,normal,0.7038174013906545
7588,normal,normal,0.9150266029146117
7589,normal,normal,0.9866182726056253
7590,attack,attack,0.03087095606231634
7591,normal,normal,0.9988274256895815
7592,normal,normal,0.997763360866249
7593,normal,normal,0.9958980753365353
7594,normal,normal,0.9898943236855072
7595,normal,normal,0.9251398076566787
7596,normal,normal,0.9974884560947925
7597,attack,attack,2.747476190354879e-07
7598,normal,normal,0.9981643986023434
7599,normal,normal,0.9871830357925303
7600,attack,normal,0.935903074841927
7601,normal,normal,0.989994751194992
7602,normal,attack,0.020450486797970503
7603,normal,normal,0.9975938959261319
7604,normal,normal,0.9847245183484418
7605,attack,attack,0.0017831064356742972
7606,normal,attack,0.005457387287299588
7607,attack,attack,0.005209924882139548
7608,normal,normal,0.9887664046870461
7609,attack,attack,0.0008372891727598839
7610,attack,attack,4.628574334070167e-07
7611,normal,normal,0.9975882552621037
7612,attack,attack,0.0019629041645067083
7613,normal,normal,0.9854160096251955
7614,normal,normal,0.9976197936073828
7615,attack,normal,0.9989745838563855
7616,attack,attack,0.09319599447991045
7617,attack,normal,0.9955309994933162
7618,normal,normal,0.9903889335546919
7619,attack,attack,0.0001035583679157681
7620,attack,attack,0.004213065289152453
7621,normal,normal,0.9982266621392524
7622,normal,normal,0.9883080446451308
7623,normal,normal,0.9981183510505576
7624,attack,attack,1.8151532108807186e-07
7625,attack,normal,0.9979858858607961
7626,attack,attack,5.2746163045235305e-05
7627,attack,normal,0.959333187475133
7628,normal,normal,0.9903245862851004
7629,normal,normal,0.9973630725056147
7630,attack,attack,0.01940026318169788
7631,attack,attack,0.3833702125869311
7632,attack,normal,0.9990551071560141
7633,attack,normal,0.9584937949847346
7634,attack,attack,0.0029780059462028606
7635,attack,normal,0.973017180593294
7636,attack,normal,0.9333807789228463
7637,normal,normal,0.997417289220997
7638,attack,attack,0.0005522093779487387
7639,normal,normal,0.713008600917748
7640,normal,normal,0.9885811676190289
7641,attack,attack,0.0013059986815488556
7642,attack,normal,0.9350952949507086
7643,attack,attack,0.0016651962721326886
7644,normal,normal,0.9904103059017113
7645,normal,normal,0.9996622051582649
7646,attack,attack,0.001988473303525893
7647,attack,normal,0.9483609301142233
7648,normal,normal,0.9348822282054968
7649,attack,attack,0.0005161740261767222
7650,attack,attack,0.0018361915457519842
7651,normal,normal,0.9897873003330163
7652,attack,attack,0.0016706333179197159
7653,attack,attack,2.487235183413523e-05
7654,attack,attack,0.008680082434342925
7655,normal,normal,0.9376151648105645
7656,normal,normal,0.9888927624269007
7657,attack,attack,0.014308795078998312
7658,attack,attack,0.0003496541897942175
7659,attack,attack,0.04155224404962727
7660,attack,attack,0.011979672524907928
7661,attack,attack,3.525740915499063e-07
7662,normal,normal,0.9909509427977599
7663,attack,attack,1.7910448518840742e-06
7664,normal,normal,0.9895117163512668
7665,attack,attack,0.0002833756959403277
7666,normal,normal,0.9341767749701817
7667,attack,attack,0.055368104854515106
7668,normal,normal,0.9896780302140102
7669,attack,attack,0.0034358098812376325
7670,attack,attack,0.32990116983124285
7671,normal,normal,0.9952683808621133
7672,normal,normal,0.9963670375366308
7673,normal,attack,0.43147862015727334
7674,attack,attack,0.05363798239599508
7675,attack,normal,0.9995996450520458
7676,normal,normal,0.9869988896343349
7677,normal,normal,0.9990520526052417
7678,attack,attack,0.06768230591416036
7679,attack,normal,0.9973533638072808
7680,normal,normal,0.9796492118374507
7681,normal,normal,0.9904848718337447
7682,attack,attack,0.010608217534798042
7683,normal,normal,0.999868287084032
7684,attack,normal,0.9982233919961429
7685,attack,normal,0.979097605327249
7686,normal,normal,0.9867963174562497
7687,normal,normal,0.9967920720466384
7688,normal,normal,0.9974381254436584
7689,normal,normal,0.9975064763234625
7690,attack,normal,0.9954566345248211
7691,attack,attack,6.55179938656634e-05
7692,attack,attack,0.002378970052986674
7693,normal,normal,0.9978541030251595
7694,normal,normal,0.9969881925671625
7695,attack,attack,0.04066299383530437
7696,attack,normal,0.9987191073493377
7697,attack,attack,0.00012731779080586193
7698,attack,attack,0.0003275126040770642
7699,normal,normal,0.9978926839326832
7700,attack,attack,0.0011027333305064807
7701,normal,normal,0.9981494664627555
7702,normal,normal,0.9858696111392005
7703,attack,attack,0.0012646875190311846
7704,attack,attack,5.674133848665788e-07
7705,normal,normal,0.9961959910480375
7706,normal,attack,0.012199711731217441
7707,attack,normal,0.9913685686530975
7708,attack,attack,0.00041144402784081696
7709,normal,normal,0.999880684132729
7710,normal,normal,0.7351349907110637
7711,normal,normal,0.9757443943272781
7712,attack,normal,0.9990254053755652
7713,normal,normal,0.9997139489777701
7714,normal,normal,0.985289617191859
7715,attack,normal,0.996876742897468
7716,attack,attack,0.0012370913185326062
7717,attack,attack,0.3040957851994929
7718,normal,normal,0.9681819754866212
7719,attack,normal,0.9455473035211281
7720,normal,normal,0.9957408127580705
7721,normal,normal,0.9965468525691853
7722,attack,attack,0.4189967586846542
7723,attack,attack,5.297240232515628e-07
7724,normal,normal,0.9982072343375695
7725,normal,normal,0.9900457031335619
7726,attack,normal,0.9370160571021499
7727,attack,normal,0.9942798494855309
7728,attack,attack,0.00024879041749293896
7729,normal,normal,0.9998289044534119
7730,attack,attack,2.959124150725377e-05
7731,normal,attack,0.005142907508660348
7732,normal,normal,0.9369962593403334
7733,attack,attack,0.0011785564994058217
7734,normal,normal,0.997635686184887
7735,attack,attack,0.0001359604870489746
7736,attack,normal,0.9404923140135081
7737,normal,normal,0.9992420723106853
7738,normal,attack,0.013901655672778256
7739,attack,attack,0.0019395798764764282
7740,normal,normal,0.9866949270054289
7741,normal,normal,0.9964317934774855
7742,normal,normal,0.9358506098540648
7743,normal,normal,0.582138480865958
7744,normal,normal,0.9855721015369552
7745,normal,normal,0.9923604116778568
7746,normal,normal,0.9868509515626133
7747,attack,attack,0.0014281019144464712
7748,attack,attack,0.05247206459692104
7749,attack,normal,0.9999999233553792
7750,normal,normal,0.9982146160186548
7751,attack,attack,0.18079947277280514
7752,attack,attack,0.00013926288493082103
7753,normal,normal,0.9953209193876592
7754,normal,normal,0.9907755757493227
7755,attack,normal,0.9373447663842661
7756,normal,normal,0.9908507811033516
7757,attack,normal,0.986079509736378
7758,attack,attack,0.012888264915185492
7759,normal,normal,0.9845585167398718
7760,normal,attack,0.00393831291702116
7761,attack,attack,0.00016885284632717546
7762,attack,normal,0.9116623638533748
7763,attack,attack,0.06329752634823907
7764,attack,attack,5.720280747652159e-07
7765,normal,normal,0.9971537034978061
7766,normal,normal,0.9928476722338704
7767,normal,normal,0.9961806780022593
7768,attack,normal,0.9986532614838176
7769,normal,normal,0.9899942352531973
7770,normal,normal,0.9956621835404244
7771,attack,normal,0.5570030979802019
7772,attack,attack,0.0009621920703068054
7773,attack,attack,4.586401712109059e-07
7774,normal,attack,0.005790983722257551
7775,normal,normal,0.9953001392453097
7776,attack,attack,0.007579582878612837
7777,normal,normal,0.9936514752272341
7778,normal,normal,0.9878572353554752
7779,normal,normal,0.9801125062770204
7780,attack,attack,0.001279672000531422
7781,attack,normal,0.9987478996513504
7782,attack,normal,0.9916354007685584
7783,attack,attack,2.861909904045571e-07
7784,normal,normal,0.9637198506592671
7785,attack,attack,0.0024658115663344377
7786,attack,attack,0.1270768346279889
7787,normal,normal,0.9946062943495074
7788,attack,attack,0.0001862555405374386
7789,attack,normal,0.9984816835484627
7790,normal,normal,0.9998666841085826
7791,attack,attack,0.0015645171697693378
7792,normal,normal,0.9852111857533388
7793,normal,normal,0.9955047992705983
7794,attack,attack,2.1000847569528458e-06
7795,attack,attack,0.02298294157167787
7796,normal,normal,0.9978016738195521
7797,normal,normal,0.9851362830590739
7798,normal,normal,0.9878556957556808
7799,normal,normal,0.9917376110647845
7800,attack,normal,0.9990407804621135
7801,attack,normal,0.7715949792111076
7802,normal,normal,0.998016042641267
7803,attack,normal,0.9975458650066308
7804,normal,normal,0.9976337244236163
7805,normal,normal,0.9896782756653582
7806,attack,normal,0.9454694419939927
7807,normal,normal,0.9900991335956918
7808,normal,normal,0.9975882709109098
7809,attack,attack,9.163627662455185e-06
7810,attack,attack,8.272824855182874e-08
7811,attack,attack,0.0008466270691119289
7812,normal,normal,0.981494833051591
7813,attack,attack,0.0007750634816041801
7814,normal,normal,0.9978760341283185
7815,attack,attack,0.0008601710205313181
7816,attack,normal,0.9768558310717602
7817,normal,normal,0.98966507150231
7818,attack,normal,0.7684161198195185
7819,normal,normal,0.9997551901112084
7820,attack,attack,0.1309977793635436
7821,normal,normal,0.9996026064145132
7822,attack,normal,0.999567351589525
7823,normal,normal,0.9928546037468572
7824,attack,attack,8.94253626472326e-06
7825,normal,normal,0.9907625892296402
7826,attack,normal,0.9988665001666686
7827,attack,attack,0.00013429599253929857
7828,normal,normal,0.9980181175783134
7829,attack,attack,0.00019712109395275934
7830,attack,normal,0.9999999169321467
7831,attack,attack,0.005156286224430712
7832,attack,normal,0.7429983349491873
7833,normal,normal,0.9382326372212906
7834,normal,normal,0.9933047821744234
7835,attack,attack,1.1337390916160587e-05
7836,normal,normal,0.9969901026888313
7837,normal,attack,0.1357014414056884
7838,attack,attack,0.00016564177450120054
7839,attack,normal,0.6796300304761255
7840,normal,normal,0.9348284476000349
7841,normal,normal,0.993243445689303
7842,attack,attack,0.0020825395389890817
7843,attack,attack,0.004367906154350131
7844,attack,attack,0.006256643106273562
7845,attack,normal,0.9959735481368809
7846,normal,normal,0.9896105394013373
7847,attack,normal,0.9984702594640389
7848,normal,normal,0.9980607667789541
7849,attack,attack,0.000904367130281382
7850,normal,normal,0.9864340941784978
7851,attack,attack,0.001507157754998746
7852,attack,normal,0.9989573393633288
7853,attack,attack,0.0025354684728353793
7854,normal,normal,0.9999991201142894
7855,attack,normal,0.6826611722736751
7856,attack,normal,0.999999720212489
7857,normal,normal,0.9899158477023513
7858,attack,attack,0.00014662357427268702
7859,normal,normal,0.9908908959044851
7860,normal,normal,0.9906822425984775
7861,attack,attack,0.4063478305238253
7862,attack,attack,0.44057164933246207
7863,normal,normal,0.9836635018161263
7864,normal,normal,0.9945739644168077
7865,normal,attack,0.10088919433138294
7866,normal,normal,0.998988289537759
7867,normal,attack,0.003569913784445663
7868,normal,normal,0.9870844756833701
7869,attack,normal,0.9988087485595278
7870,attack,attack,0.00019638354546803994
7871,normal,normal,0.9966314472565196
7872,normal,normal,0.6428243956464458
7873,attack,attack,0.0006776809230976054
7874,normal,normal,0.9899931623342167
7875,normal,normal,0.9972831645959896
7876,normal,normal,0.7168285688747295
7877,attack,attack,0.025799752868560785
7878,attack,attack,0.0012996313820858119
7879,attack,attack,0.008231750125546403
7880,attack,attack,0.009177224344254222
7881,normal,normal,0.9980108603674411
7882,attack,normal,0.9993876780800989
7883,normal,normal,0.9966071429928313
7884,normal,normal,0.9990936133077976
7885,normal,normal,0.975589417041493
7886,attack,normal,0.998065543725657
7887,attack,attack,0.00662943102793584
7888,attack,normal,0.8253252675017537
7889,attack,normal,0.8804244537146789
7890,normal,normal,0.9857002997804558
7891,normal,normal,0.9975661750087373
7892,attack,attack,0.00022176060383945304
7893,normal,normal,0.9975032737158304
7894,attack,normal,0.9989076708050875
7895,attack,normal,0.9813684214175161
7896,normal,normal,0.9904846408890948
7897,attack,attack,0.005231796179046907
7898,normal,normal,0.9996624419427672
7899,normal,normal,0.9994148931083917
7900,attack,normal,0.9313266588544822
7901,attack,attack,0.00012185492474274796
7902,normal,normal,0.9892845143610308
7903,normal,normal,0.9911586632233311
7904,normal,attack,0.004584669421426544
7905,normal,normal,0.9897746221784908
7906,attack,normal,0.9864847535615532
7907,normal,normal,0.9881099367760071
7908,attack,attack,1.920289229637856e-05
7909,normal,normal,0.9929759866938848
7910,attack,attack,0.001422435609388779
7911,attack,attack,0.0017999939848605182
7912,attack,normal,0.7850622572002596
7913,normal,normal,0.9376160913602992
7914,normal,normal,0.996114450884794
7915,normal,normal,0.9951054813592145
7916,attack,attack,0.017401506139486548
7917,normal,normal,0.9973476460958325
7918,attack,normal,0.9902800211604932
7919,attack,attack,2.250814880815033e-07
7920,normal,normal,0.9941839168992946
7921,normal,normal,0.9962584688761843
7922,normal,attack,0.0019706599120908976
7923,normal,normal,0.992244214892247
7924,attack,normal,0.9962521565556396
7925,attack,normal,0.9667494706319274
7926,attack,attack,0.014178784568901997
7927,normal,normal,0.997606648501851
7928,attack,attack,0.0002713569545190529
7929,attack,attack,0.023315307872414585
7930,attack,attack,0.0008812579257787341
7931,attack,attack,2.2706682420052427e-10
7932,attack,attack,0.06096651165417967
7933,normal,normal,0.993264673500836
7934,attack,attack,0.06635804257714166
7935,normal,normal,0.9832646812674806
7936,attack,normal,0.9987522389415662
7937,normal,normal,0.9965843648923739
7938,attack,attack,6.99749089308534e-08
7939,normal,normal,0.9969606525192015
7940,attack,attack,0.00037457211383138143
7941,attack,attack,0.0008471010534416881
7942,attack,attack,0.10116040656127145
7943,normal,normal,0.9909000403917168
7944,attack,attack,0.0008196488663519267
7945,attack,normal,0.9983063724500714
7946,attack,normal,0.9999999159163433
7947,attack,attack,0.001210185016370175
7948,normal,normal,0.98742325147147
7949,attack,normal,0.9954697883643349
7950,normal,normal,0.9980003954677497
7951,normal,normal,0.9926830874641361
7952,normal,normal,0.9886833413552261
7953,normal,normal,0.9901959147558866
7954,attack,attack,0.004014539284051369
7955,attack,attack,2.8953092263846593e-05
7956,normal,normal,0.9873895867713519
7957,normal,normal,0.9977582073532105
7958,normal,normal,0.9853328861437842
7959,attack,attack,0.06197269995747959
7960,attack,attack,0.0014222327125960124
7961,normal,normal,0.9943781538705619
7962,attack,normal,0.999232783099781
7963,normal,normal,0.9937523459597251
7964,attack,attack,2.489776865699284e-07
7965,attack,attack,0.001590859452042028
7966,attack,normal,0.9335846858373349
7967,normal,normal,0.9977649479781471
7968,attack,attack,3.6754698974436087e-07
7969,normal,normal,0.980492562500116
7970,normal,attack,0.007308699993238653
7971,attack,attack,7.145722075214139e-08
7972,attack,attack,0.348247675644211
7973,attack,attack,0.010870634891807092
7974,attack,attack,1.8021344208338317e-06
7975,normal,normal,0.9978167330401733
7976,attack,attack,0.0030836583704268393
7977,attack,normal,0.7666701383085089
7978,attack,attack,0.0010924610170996475
7979,normal,normal,0.9863581006301061
7980,normal,normal,0.7643909810519053
7981,normal,normal,0.9902066578768166
7982,attack,attack,0.0669583415834164
7983,normal,normal,0.9963749350680028
7984,normal,normal,0.9902071227125102
7985,attack,normal,0.8881845324476808
7986,attack,attack,0.0010280215729043826
7987,attack,attack,0.008867842760541526
7988,normal,normal,0.9854006529525134
7989,normal,normal,0.9804240565960575
7990,attack,attack,0.002898977286367681
7991,attack,normal,0.9999999712434543
7992,normal,normal,0.9869528038117903
7993,attack,normal,0.93599120997902
7994,attack,attack,0.000219731854961449
7995,normal,normal,0.9846903209054481
7996,normal,normal,0.9970909365221586
7997,attack,attack,0.0024699785334052157
7998,attack,attack,0.30966909560238814
7999,attack,attack,0.0016350516360210741
8000,attack,normal,0.9988048605361554
8001,normal,normal,0.9998889242315431
8002,attack,normal,0.9971113789505928
8003,attack,attack,2.7912795414698036e-07
8004,normal,normal,0.9960472872728473
8005,normal,normal,0.9890992100617467
8006,attack,normal,0.8825251929979875
8007,normal,attack,0.003495364104638196
8008,attack,attack,0.00455603714003927
8009,attack,normal,0.9999999723500633
8010,attack,attack,0.00641619462333103
8011,attack,normal,0.9954621300378383
8012,attack,attack,0.12358941625776512
8013,attack,attack,0.00013832395989631286
8014,attack,attack,0.0068022698297512145
8015,attack,attack,0.002151931137620767
8016,normal,normal,0.99786438695976
8017,attack,attack,1.9510008379335864e-08
8018,attack,attack,6.853979919511014e-07
8019,normal,normal,0.9977751991099921
8020,normal,normal,0.9841623728978556
8021,normal,normal,0.9947745708608563
8022,attack,attack,0.006001914070774988
8023,attack,normal,0.9843765352811965
8024,attack,attack,0.038788070935141146
8025,normal,normal,0.9774366059400408
8026,attack,attack,0.31054676113270174
8027,normal,attack,0.003093482578154998
8028,attack,normal,0.7972290976396775
8029,attack,normal,0.9973124432917156
8030,normal,normal,0.9995161497308908
8031,normal,normal,0.9979671920889512
8032,attack,attack,0.00013057277258875672
8033,attack,attack,8.18206828240061e-05
8034,normal,normal,0.9977741705350612
8035,attack,normal,0.9944134300799546
8036,normal,normal,0.9971920752664689
8037,attack,attack,0.018849767426473648
8038,attack,attack,0.001603228298726187
8039,attack,attack,0.010815501614510815
8040,attack,normal,0.950550079264783
8041,attack,normal,0.9947462168151273
8042,attack,normal,0.9956647914117328
8043,attack,attack,0.013112907465453847
8044,normal,normal,0.9917856528625176
8045,attack,attack,0.0008534793003568869
8046,attack,attack,6.218294588661128e-08
8047,normal,normal,0.9978034070596181
8048,attack,normal,0.9999967149675996
8049,attack,normal,0.9999999153825319
8050,attack,normal,0.933380789559
8051,normal,normal,0.9872831420910055
8052,attack,normal,0.9971140888830738
8053,attack,normal,0.6894930074309911
8054,normal,normal,0.9870713879085838
8055,attack,normal,0.7545379580885413
8056,attack,attack,0.0014532940700082684
8057,attack,attack,0.042917381195116976
8058,normal,normal,0.9907602216501132
8059,attack,attack,0.019197239607546986
8060,normal,attack,0.023247572738055586
8061,attack,attack,5.816021514911997e-05
8062,normal,normal,0.9787854098420445
8063,attack,normal,0.9345674554289036
8064,attack,normal,0.9981049832265377
8065,attack,attack,0.00027291395561476734
8066,normal,normal,0.9978633020503679
8067,normal,normal,0.9965886046763341
8068,attack,attack,0.015190581318746607
8069,attack,normal,0.9988618405528974
8070,normal,normal,0.943046365219134
8071,attack,normal,0.9975656708758829
8072,normal,normal,0.9859024812976496
8073,attack,attack,0.07843194175155498
8074,attack,attack,2.5560464985641417e-05
8075,attack,normal,0.9863530558025602
8076,attack,normal,0.9927588753436347
8077,attack,attack,3.6098668718147075e-08
8078,attack,attack,4.412716068258626e-07
8079,normal,normal,0.9963094717570723
8080,normal,attack,0.00369066727905711
8081,normal,normal,0.9999018116495622
8082,attack,normal,0.9352108172763501
8083,normal,normal,0.9883672278399219
8084,normal,normal,0.9906046845626258
8085,normal,normal,0.9971895029827053
8086,attack,attack,0.0007439367901030406
8087,normal,normal,0.995147778709989
8088,normal,normal,0.9906094274306442
8089,attack,attack,3.510950674628481e-08
8090,attack,normal,0.7975989605347636
8091,attack,attack,2.905587777523997e-07
8092,attack,attack,0.0001530751378958599
8093,normal,normal,0.9882976566900648
8094,attack,attack,0.01860660893942402
8095,attack,attack,0.1869114664215417
8096,normal,normal,0.9856669101768388
8097,attack,normal,0.9382351698136462
8098,normal,normal,0.9862703810960913
8099,attack,attack,4.320724103675401e-07
8100,attack,attack,0.002240416665435205
8101,normal,normal,0.9997547078322245
8102,normal,normal,0.9875575556727724
8103,attack,attack,0.0014338395814629623
8104,normal,normal,0.9996332330338564
8105,attack,normal,0.9999999245555399
8106,normal,normal,0.9880460519923113
8107,attack,normal,0.9975457238536113
8108,normal,normal,0.9787135394003708
8109,normal,normal,0.9997977610171923
8110,attack,normal,0.8135500419795181
8111,normal,normal,0.935467133714598
8112,attack,attack,0.00021376839313964327
8113,normal,normal,0.9988976039492241
8114,attack,attack,0.0032338840155571673
8115,attack,normal,0.9974064989669456
8116,attack,attack,0.01178382581491261
8117,attack,attack,0.1106597547933694
8118,normal,normal,0.9974581731033566
8119,attack,attack,0.28937855926722084
8120,normal,normal,0.5145736237854549
8121,attack,normal,0.9986146551798559
8122,attack,attack,0.0006429675243472068
8123,normal,normal,0.9845095228637862
8124,normal,normal,0.9871356231680313
8125,attack,normal,0.8085298905335386
8126,attack,normal,0.9938291392901403
8127,attack,attack,6.517027928340961e-07
8128,attack,attack,1.3126785561463234e-07
8129,attack,normal,0.9847777804727467
8130,attack,normal,0.7720427215066104
8131,attack,normal,0.9363683193367818
8132,attack,normal,0.9359912243261689
8133,attack,attack,0.0037518938580451393
8134,normal,normal,0.9859490838543395
8135,attack,attack,1.9026588693694195e-07
8136,normal,attack,0.04644544686030831
8137,normal,normal,0.9967634439495099
8138,attack,normal,0.9347679819431176
8139,normal,normal,0.9953147911393285
8140,attack,attack,0.17112241823104735
8141,normal,normal,0.999573582919445
8142,attack,attack,0.4036469113333843
8143,attack,normal,0.8439809200463184
8144,normal,normal,0.9316507386394199
8145,attack,attack,0.006672385871606403
8146,normal,normal,0.9787450622922063
8147,attack,normal,0.8226793796686874
8148,normal,normal,0.9962833533686453
8149,normal,normal,0.9914125406893869
8150,attack,normal,0.9988949828392859
8151,normal,normal,0.9975555187636509
8152,attack,attack,0.014819264126926511
8153,attack,normal,0.999999482767302
8154,attack,normal,0.9999939477617341
8155,attack,attack,0.0012819994247821212
8156,attack,attack,0.01891933687489391
8157,attack,attack,4.215705009297585e-08
8158,attack,attack,1.7537791388527108e-06
8159,normal,normal,0.9904102380518092
8160,normal,normal,0.9950908312575925
8161,normal,normal,0.9961060222554472
8162,attack,attack,0.14532347554794844
8163,attack,normal,0.8160231928686387
8164,normal,attack,0.008870220426414702
8165,normal,attack,0.006716313487920916
8166,normal,normal,0.9929108339816374
8167,normal,normal,0.9999267067229137
8168,attack,attack,0.0014877047305611167
8169,attack,normal,0.9988080175919971
8170,normal,normal,0.9973578263046051
8171,attack,attack,0.003340637771680215
8172,attack,attack,0.362006241567318
8173,normal,normal,0.9903073049594048
8174,normal,normal,0.9997521290942495
8175,normal,normal,0.9865553436635326
8176,normal,normal,0.9897178647873497
8177,attack,attack,1.229541018046879e-05
8178,normal,normal,0.9908622258489816
8179,attack,normal,0.9968031365571485
8180,attack,attack,0.0009490142337446208
8181,normal,attack,0.0168936763351648
8182,normal,normal,0.9937689652870645
8183,attack,normal,0.952171929628492
8184,normal,normal,0.9851013619326211
8185,attack,normal,0.7807202896026899
8186,attack,normal,0.7050713971208675
8187,normal,normal,0.9927138623770743
8188,normal,normal,0.9961310597316209
8189,normal,attack,0.00828519226055685
8190,attack,normal,0.9987576053633124
8191,normal,normal,0.9972739115722302
8192,attack,normal,0.9999995052626435
8193,attack,attack,0.0009400055140243428
8194,normal,normal,0.9870732807004046
8195,normal,normal,0.8030445374168806
8196,attack,attack,0.0025605576811962845
8197,normal,normal,0.993556934435666
8198,normal,normal,0.9959932688432647
8199,attack,attack,1.3479128039081015e-05
8200,attack,normal,0.9867920711173928
8201,normal,attack,0.004177668031893069
8202,attack,attack,0.01117874578903214
8203,normal,attack,0.005586553560088152
8204,attack,attack,0.0009495766039353348
8205,attack,normal,0.9954564395117601
8206,normal,attack,8.434074402229116e-09
8207,normal,normal,0.9979301664042972
8208,normal,normal,0.9995255522573074
8209,normal,normal,0.9978810895525394
8210,normal,normal,0.9998720661607139
8211,normal,normal,0.9864678938039237
8212,normal,normal,0.997707109929024
8213,attack,attack,3.332722213536723e-07
8214,attack,normal,0.9933831983107986
8215,attack,normal,0.9986544580018418
8216,attack,normal,0.9985017987652304
8217,normal,normal,0.995167828251433
8218,attack,attack,0.003261310183550468
8219,normal,normal,0.9811261514325353
8220,normal,normal,0.9871938424249178
8221,attack,normal,0.9950564065461008
8222,attack,attack,0.0010970453445454604
8223,normal,attack,0.005563084565249385
8224,normal,attack,0.0034953637471602976
8225,attack,attack,0.00010415512154911974
8226,attack,attack,2.7981106071738772e-08
8227,attack,normal,0.9951289586343202
8228,attack,normal,0.8088535867415415
8229,attack,attack,0.000353074679645966
8230,attack,attack,0.00017308491077549194
8231,normal,normal,0.9935737115780651
8232,attack,normal,0.9999994941147289
8233,normal,normal,0.9890403497147447
8234,attack,normal,0.9848018622144383
8235,attack,attack,0.0018108305440042148
8236,attack,attack,0.010153613485583675
8237,attack,attack,0.0004569487383200975
8238,normal,normal,0.9801217607405707
8239,normal,normal,0.9957635121023923
8240,attack,attack,0.0009040701356685924
8241,attack,attack,0.4841258984296432
8242,attack,normal,0.9987522388136674
8243,normal,normal,0.9864912247875609
8244,normal,normal,0.997085886439746
8245,attack,attack,8.669807413531151e-05
8246,attack,normal,0.7080606612452938
8247,normal,normal,0.9882967668952517
8248,attack,normal,0.9958396067809804
8249,attack,normal,0.9989927393314564
8250,normal,normal,0.9979615956470297
8251,attack,normal,0.74392708994475
8252,normal,normal,0.9903247112972151
8253,normal,normal,0.9907706218369671
8254,normal,normal,0.9733807113571882
8255,attack,normal,0.9353538509574765
8256,normal,normal,0.9977439283638466
8257,attack,attack,0.0008086475928797138
8258,attack,normal,0.9977770825340901
8259,normal,normal,0.9499099512552602
8260,attack,normal,0.7458210191138106
8261,attack,attack,0.0001332757696174444
8262,normal,normal,0.9871173653665051
8263,attack,attack,0.008098418397295021
8264,normal,normal,0.9900717609539972
8265,attack,normal,0.9999999198087433
8266,normal,normal,0.9981587338642415
8267,attack,attack,0.037731133547421504
8268,normal,normal,0.9867818760952128
8269,normal,normal,0.9970824530096692
8270,attack,attack,0.0012350988639998196
8271,normal,normal,0.9923328245498035
8272,attack,attack,0.00018635722068166498
8273,normal,normal,0.9908684056123377
8274,attack,normal,0.9999957201153306
8275,normal,normal,0.9956252080701918
8276,attack,attack,4.112776657384218e-08
8277,attack,normal,0.9740226581151031
8278,attack,normal,0.9866396768183207
8279,normal,normal,0.9955678674953555
8280,attack,attack,3.083263176393202e-05
8281,normal,normal,0.9898890930822382
8282,attack,normal,0.9991374130489385
8283,normal,normal,0.990194513034014
8284,attack,normal,0.9999999182350883
8285,normal,normal,0.9977161409327042
8286,normal,normal,0.9981324146210652
8287,normal,normal,0.9981386219610795
8288,normal,normal,0.986016774387771
8289,normal,normal,0.9972209595926049
8290,attack,attack,0.001309851764622639
8291,attack,attack,0.0002659993682267259
8292,normal,normal,0.989784017418405
8293,attack,attack,0.005438429651584172
8294,normal,normal,0.9906922912777869
8295,attack,attack,0.0003026102513454152
8296,attack,normal,0.9999957063210957
8297,normal,normal,0.9960621848931595
8298,normal,normal,0.993968330012218
8299,normal,normal,0.9993211055863189
8300,normal,normal,0.5204596520054022
8301,normal,normal,0.9904723245812466
8302,attack,attack,0.001043977459580857
8303,normal,normal,0.9890166319015594
8304,attack,attack,0.14488022018676155
8305,normal,normal,0.9967395544453033
8306,normal,normal,0.9824893800536528
8307,normal,normal,0.9879685014928372
8308,attack,normal,0.6228458025135701
8309,normal,normal,0.9904573882201003
8310,normal,normal,0.9965485822923594
8311,attack,attack,4.2728190064351243e-07
8312,attack,normal,0.9175846330144934
8313,attack,attack,1.5334824716833708e-08
8314,normal,normal,0.9437730188371399
8315,attack,normal,0.999999817838129
8316,attack,normal,0.9985017987140533
8317,attack,attack,0.01614125305743612
8318,normal,attack,0.006040036740235847
8319,attack,attack,0.0045768168379149606
8320,normal,normal,0.9922833980627033
8321,attack,normal,0.9999999275317543
8322,attack,attack,0.06767833163446092
8323,normal,normal,0.9998023595524052
8324,attack,normal,0.9907591192233299
8325,normal,attack,1.7290512515355845e-08
8326,normal,normal,0.9943674592320476
8327,attack,normal,0.9382326372212906
8328,normal,normal,0.9569530745059974
8329,attack,normal,0.9988736473050654
8330,normal,normal,0.9871184784505532
8331,attack,normal,0.9985488006770387
8332,attack,attack,0.000820865143122734
8333,attack,normal,0.9959096918059938
8334,attack,normal,0.9985516708059767
8335,normal,normal,0.9863655870937963
8336,attack,normal,0.9348978928649964
8337,attack,normal,0.9999999241573143
8338,attack,normal,0.9987731179797643
8339,attack,attack,0.026876662507186407
8340,normal,normal,0.9900054268230795
8341,attack,attack,0.00015825213263018055
8342,attack,normal,0.9363663152907025
8343,attack,normal,0.9960550213233633
8344,attack,normal,0.9919706803950107
8345,attack,attack,5.261917984670331e-07
8346,attack,normal,0.9956667974436143
8347,attack,normal,0.9985017986116993
8348,attack,normal,0.9898025535034276
8349,attack,attack,6.48965616501441e-05
8350,normal,attack,0.10107472640348433
8351,attack,attack,0.03447786416085349
8352,normal,normal,0.9784465142459059
8353,normal,normal,0.9967056312178322
8354,attack,attack,0.003083655846409939
8355,normal,normal,0.9977851713165933
8356,attack,normal,0.9982565039311315
8357,normal,normal,0.9940638047778269
8358,attack,attack,0.0013466013394688478
8359,normal,normal,0.9580375647952647
8360,normal,normal,0.997425092873187
8361,attack,attack,0.4613347953118425
8362,attack,normal,0.9984512390610468
8363,attack,normal,0.9985323985717747
8364,attack,attack,0.0001633887823366405
8365,normal,normal,0.9863850362857243
8366,attack,attack,0.037359186353538194
8367,normal,normal,0.9979385767912214
8368,normal,normal,0.9950877022323125
8369,normal,normal,0.9983573119343538
8370,attack,attack,0.06723073028924333
8371,attack,attack,1.6010664559276548e-08
8372,normal,normal,0.9968972586399207
8373,attack,normal,0.9990100683730855
8374,attack,attack,0.001716747784461209
8375,attack,attack,0.010236047137724264
8376,normal,normal,0.9853893990459094
8377,attack,attack,0.0012066372926485482
8378,attack,attack,0.0017223984397231275
8379,normal,attack,0.0038435391805768347
8380,attack,attack,7.422760901044827e-07
8381,normal,normal,0.9961074751795358
8382,normal,normal,0.9981173483532454
8383,normal,normal,0.9973127139852439
8384,normal,normal,0.9906451431964717
8385,attack,attack,0.0022033066889352113
8386,attack,attack,0.00012229814488958225
8387,normal,normal,0.9875369223929321
8388,attack,attack,7.946858352452871e-05
8389,attack,attack,0.011956641606894886
8390,attack,normal,0.765232347394064
8391,normal,normal,0.98904595238706
8392,attack,normal,0.9999998952551895
8393,attack,normal,0.6177690232736112
8394,attack,attack,0.008769677384186549
8395,attack,attack,0.00021738201936155827
8396,normal,normal,0.9693426065676607
8397,attack,normal,0.9352120451544467
8398,normal,normal,0.9952372054906297
8399,attack,normal,0.9995068455348642
8400,attack,attack,0.00016056071160421766
8401,attack,normal,0.8952848792457626
8402,attack,normal,0.9893673802651556
8403,normal,normal,0.997112186839185
8404,normal,normal,0.9927228022031358
8405,attack,attack,0.38524749380796436
8406,normal,normal,0.967239862473025
8407,normal,normal,0.9977914586114035
8408,attack,attack,0.00010453282794369382
8409,normal,attack,0.00541061132287564
8410,attack,attack,0.00030619027998854187
8411,normal,normal,0.9872380805055486
8412,normal,normal,0.9992085701698888
8413,attack,attack,0.0001375982154251442
8414,attack,attack,3.508255440673993e-07
8415,attack,attack,0.0018291406762219141
8416,attack,normal,0.9903333214666536
8417,normal,normal,0.9896796877021383
8418,attack,normal,0.869879429770849
8419,normal,normal,0.9960422752056917
8420,normal,normal,0.9959408279613609
8421,normal,normal,0.995896192070377
8422,attack,attack,0.00021212638149950403
8423,attack,attack,0.0003982006623911172
8424,normal,normal,0.9982099107669533
8425,attack,attack,0.004085778754340883
8426,attack,normal,0.9999999704438021
8427,attack,normal,0.9999999871252999
8428,normal,normal,0.9996302269168047
8429,attack,attack,0.3126687001374707
8430,attack,attack,0.3304546207567902
8431,attack,attack,0.09792958597837702
8432,normal,normal,0.9972732280387314
8433,attack,attack,5.857625727535737e-06
8434,attack,normal,0.9212616558921393
8435,attack,normal,0.9376160913602992
8436,normal,normal,0.9978207027974805
8437,attack,attack,0.4187720475249734
8438,attack,normal,0.8403103278282571
8439,normal,normal,0.9875314012649766
8440,attack,normal,0.7518384685122627
8441,normal,normal,0.9995470600742618
8442,attack,attack,0.0004225516775029343
8443,normal,normal,0.8992298097265925
8444,normal,attack,0.3092250938835654
8445,attack,attack,0.00023968083383885976
8446,attack,normal,0.9989408073485744
8447,attack,normal,0.9999998244661246
8448,attack,attack,0.007293290648084543
8449,attack,normal,0.9404975842013769
8450,normal,normal,0.9742431426743347
8451,attack,attack,0.00011046599776416959
8452,attack,attack,0.0001734177074941675
8453,attack,attack,0.10688301372726955
8454,attack,attack,0.23648364315761286
8455,normal,normal,0.9972285731011544
8456,attack,normal,0.9028231034097022
8457,attack,attack,0.34761961122717216
8458,attack,attack,0.0008985996238400535
8459,attack,normal,0.9357556023781126
8460,attack,normal,0.8185686072445347
8461,attack,attack,0.4696329391393841
8462,normal,normal,0.9836442647124739
8463,attack,normal,0.9803332227189234
8464,attack,attack,0.012906525432656874
8465,attack,normal,0.9403016469520422
8466,attack,normal,0.9846176639397574
8467,normal,normal,0.9752699367753095
8468,attack,attack,0.0005213061555062335
8469,attack,attack,0.004154980085221279
8470,attack,attack,0.0012636746574471117
8471,normal,normal,0.9969470826120149
8472,attack,normal,0.7211984755025395
8473,attack,attack,0.0020719699372774934
8474,normal,normal,0.9998010274498167
8475,attack,attack,0.1184531623125378
8476,attack,attack,0.0009547606257076179
8477,normal,normal,0.9975030648051907
8478,attack,normal,0.999996298400833
8479,normal,normal,0.9897221465740961
8480,normal,normal,0.9898923847501117
8481,attack,attack,0.009122736042679049
8482,attack,normal,0.984550619328901
8483,attack,attack,0.0050173060556843365
8484,attack,normal,0.9996245447750878
8485,attack,attack,0.0002741812277949717
8486,attack,normal,0.9514491651091348
8487,attack,normal,0.98546914023546
8488,attack,normal,0.9950039793534472
8489,normal,normal,0.990508768359272
8490,normal,attack,0.48867741295219086
8491,normal,normal,0.996993021382952
8492,attack,attack,0.0017223408579416478
8493,attack,attack,0.029650969599609514
8494,normal,attack,0.0061064096662464705
8495,attack,normal,0.9802065752483182
8496,attack,normal,0.998182536721592
8497,normal,normal,0.9548797915836974
8498,attack,normal,0.9999999727823837
8499,normal,normal,0.9951021125764926
8500,normal,normal,0.998179137352344
8501,attack,attack,0.00027395090212363704
8502,normal,normal,0.9859450860167496
8503,attack,attack,9.508795951720956e-07
8504,normal,normal,0.9880145677325345
8505,attack,attack,0.0013354326586347668
8506,attack,attack,0.08116678116825991
8507,attack,normal,0.997689164881476
8508,attack,normal,0.9999998333545994
8509,attack,attack,0.009180873414512507
8510,attack,normal,0.985482613204879
8511,normal,normal,0.9948483989018245
8512,normal,normal,0.9972729577862869
8513,normal,attack,0.0034953639854788943
8514,normal,normal,0.9980947319210982
8515,attack,attack,0.0011686438084453625
8516,attack,attack,0.0007983150959101354
8517,attack,attack,0.09552775569326907
8518,attack,attack,0.0001254710428842908
8519,normal,normal,0.9186717356634782
8520,normal,normal,0.9972432451843104
8521,normal,normal,0.9922094115855281
8522,attack,attack,0.0006590350338767046
8523,normal,normal,0.9908353320507053
8524,attack,attack,0.03225166832527979
8525,attack,normal,0.7860984919620144
8526,attack,normal,0.9999999684627993
8527,normal,normal,0.9878778440427374
8528,normal,normal,0.9800535591714964
8529,attack,normal,0.9961919259129297
8530,attack,attack,0.0009821623839041656
8531,normal,normal,0.9900803964603485
8532,attack,normal,0.9767505217876371
8533,normal,normal,0.9981623463254836
8534,attack,normal,0.9981909006426244
8535,attack,normal,0.878610766786887
8536,attack,normal,0.7460382814991242
8537,attack,attack,3.620876585986254e-08
8538,normal,normal,0.9974062620523094
8539,normal,normal,0.8628015558677486
8540,normal,normal,0.9968783596777344
8541,attack,normal,0.9980430456010202
8542,attack,attack,0.005590993288072896
8543,attack,attack,9.460779827246139e-09
8544,normal,attack,0.005410622162346629
8545,attack,attack,0.0016444390779327958
8546,attack,normal,0.9999999190713013
8547,normal,normal,0.969550487991297
8548,attack,attack,0.02380940233924329
8549,normal,normal,0.9978933486601679
8550,attack,attack,1.0776747937098821e-07
8551,normal,normal,0.9880116433089237
8552,attack,normal,0.9990796994652453
8553,attack,normal,0.8727362836254661
8554,normal,normal,0.9960435038076352
8555,normal,normal,0.9934765241396147
8556,attack,normal,0.9348285684854274
8557,attack,attack,1.4344077166781825e-06
8558,attack,attack,3.5298738927518046e-07
8559,attack,normal,0.9364799593583247
8560,attack,normal,0.9999998512267644
8561,attack,attack,0.0011431275842423397
8562,normal,normal,0.9971612426899201
8563,attack,normal,0.7112127989036726
8564,attack,normal,0.9981603642280671
8565,normal,normal,0.9985351626118335
8566,normal,normal,0.9962798095203509
8567,attack,attack,5.202267167283448e-07
8568,normal,normal,0.9861507337163476
8569,attack,attack,0.00012211134256364834
8570,attack,attack,0.011001595562469884
8571,attack,attack,6.962159660022668e-05
8572,normal,normal,0.8530259357338404
8573,normal,normal,0.9973817005528021
8574,attack,attack,0.21253070968819593
8575,normal,normal,0.999863519008899
8576,attack,attack,0.00013623622076691248
8577,normal,normal,0.9998524384958705
8578,normal,normal,0.9951665419491356
8579,attack,attack,1.8152870505534565e-06
8580,attack,attack,0.00029050091244025265
8581,normal,attack,0.46260381133424455
8582,attack,attack,0.0008381620336768929
8583,attack,normal,0.9773969402674542
8584,normal,normal,0.9938718975143339
8585,attack,attack,0.05020185723381001
8586,attack,attack,0.006778651590887085
8587,normal,normal,0.9998368644176093
8588,attack,normal,0.9945327957054428
8589,normal,normal,0.9893495597192801
8590,normal,normal,0.9981209351419494
8591,attack,attack,0.07690463020423291
8592,attack,attack,0.04109405692272183
8593,normal,normal,0.9979204577987785
8594,attack,attack,0.0001422981368176849
8595,attack,attack,0.2680886981471158
8596,attack,attack,0.009213717498311454
8597,normal,normal,0.9897120129243121
8598,attack,normal,0.9987522386431354
8599,normal,normal,0.9909771685354373
8600,attack,normal,0.9993745676588137
8601,attack,attack,0.001677120236737333
8602,normal,normal,0.9977821161087718
8603,attack,normal,0.9976677299113583
8604,attack,attack,0.0017589269900150288
8605,normal,normal,0.9804266227025811
8606,attack,normal,0.9773241064256049
8607,attack,attack,6.434584204153373e-07
8608,normal,normal,0.993204703284438
8609,normal,normal,0.9386014980825161
8610,normal,normal,0.9991445811733826
8611,attack,normal,0.9371069805351848
8612,attack,attack,0.09915383054920125
8613,attack,normal,0.9952116197759358
8614,attack,normal,0.8551974080812746
8615,normal,normal,0.9954489533066603
8616,attack,attack,0.010442092264201824
8617,normal,normal,0.9973067974897374
8618,normal,normal,0.9892551323223128
8619,normal,normal,0.9903076797700965
8620,attack,attack,0.018782082772384818
8621,attack,attack,0.017840653929558945
8622,normal,normal,0.9979135339627672
8623,attack,attack,4.277137714403919e-07
8624,normal,normal,0.9969935769211764
8625,normal,attack,0.04000954937568021
8626,attack,attack,0.0006987764331814389
8627,normal,normal,0.9366750709053272
8628,attack,normal,0.9551490798502572
8629,attack,attack,0.000433023685346373
8630,normal,attack,0.0034953624869529156
8631,attack,normal,0.9955260151280493
8632,normal,normal,0.9943698581722922
8633,attack,attack,0.00013250362224898017
8634,normal,normal,0.9917533359361109
8635,normal,normal,0.9740331966588265
8636,attack,attack,0.0005635456763276142
8637,attack,attack,0.00022032089821022184
8638,attack,attack,0.0012636199076823977
8639,normal,normal,0.990799945374884
8640,normal,normal,0.9879756130849013
8641,attack,normal,0.9999999740978645
8642,normal,normal,0.6663709357123387
8643,normal,normal,0.9940144514756056
8644,normal,normal,0.995790193252996
8645,normal,normal,0.9998808748623885
8646,normal,attack,0.005457385137904824
8647,attack,attack,1.6963509103474777e-05
8648,attack,normal,0.712365851101995
8649,normal,normal,0.9997057136416136
8650,attack,normal,0.9987849877865744
8651,normal,normal,0.9760703163397465
8652,attack,attack,0.0004897808062718054
8653,attack,attack,0.12457172359642324
8654,attack,attack,0.026398850692175596
8655,attack,normal,0.9951520067848051
8656,attack,normal,0.998751847407059
8657,normal,normal,0.9916350418816896
8658,normal,normal,0.9897725779041487
8659,normal,normal,0.9997485721104542
8660,normal,attack,0.017528444932987917
8661,attack,normal,0.9213653250264808
8662,normal,normal,0.9982636389291786
8663,normal,normal,0.9991651616817339
8664,normal,normal,0.9894166337321144
8665,attack,attack,0.06395257012101867
8666,attack,attack,0.011458748125346111
8667,attack,normal,0.936996380514844
8668,normal,normal,0.9978544376167683
8669,attack,attack,0.0009926865542908842
8670,attack,attack,0.003404147891749853
8671,attack,attack,0.007388886675739314
8672,normal,normal,0.996641375888064
8673,attack,attack,0.2270571215536832
8674,attack,attack,0.02147435348098536
8675,normal,normal,0.9901037874135972
8676,normal,normal,0.9827797855694875
8677,attack,attack,5.539134201461788e-07
8678,attack,normal,0.9373002950404978
8679,normal,normal,0.9961704611795607
8680,attack,attack,7.715060303539005e-05
8681,attack,attack,3.612806630611335e-07
8682,normal,normal,0.9408038408770882
8683,normal,normal,0.9908011224859373
8684,attack,attack,0.00023057323820976317
8685,attack,attack,0.010120588170342957
8686,normal,normal,0.997912463241677
8687,attack,attack,0.01660586842237803
8688,normal,normal,0.9757104053731382
8689,attack,normal,0.9328661462165343
8690,attack,normal,0.938235157918755
8691,attack,normal,0.9907892888403252
8692,attack,normal,0.9999945633741791
8693,attack,attack,0.10030463768022146
8694,normal,normal,0.9755758391755619
8695,normal,normal,0.9979117468610991
8696,attack,normal,0.8757551010025252
8697,attack,attack,0.08074740324204803
8698,normal,normal,0.9924173545217386
8699,normal,normal,0.9960607926935454
8700,normal,normal,0.9855370737412759
8701,attack,normal,0.6514588614970396
8702,attack,normal,0.9835159532586051
8703,normal,normal,0.9907368726196739
8704,normal,normal,0.9977117014669528
8705,normal,normal,0.9974390579537142
8706,normal,normal,0.9944749042612488
8707,attack,normal,0.9990696839586631
8708,normal,normal,0.9758168318043711
8709,attack,attack,0.010541351621742228
8710,normal,normal,0.9979168195955821
8711,attack,attack,0.0004100593202666442
8712,attack,attack,0.021759132880930964
8713,attack,normal,0.9462020224054722
8714,normal,normal,0.9884093657117008
8715,attack,normal,0.9261698404057153
8716,attack,normal,0.9993343771012534
8717,normal,normal,0.9882395177223798
8718,normal,normal,0.99942479630293
8719,normal,normal,0.9976048871588103
8720,attack,normal,0.9999999308812774
8721,attack,normal,0.9009708593950828
8722,attack,normal,0.9963494373812304
8723,attack,attack,0.0017933864188176072
8724,normal,normal,0.9898934383190355
8725,attack,attack,0.13465674821325507
8726,attack,normal,0.9999994443648067
8727,normal,normal,0.9884614441829962
8728,normal,normal,0.9640213770076417
8729,normal,normal,0.9936903767961494
8730,attack,normal,0.9994703882200477
8731,normal,normal,0.9906058555390918
8732,normal,normal,0.9831281034148062
8733,attack,attack,0.008653697070599322
8734,attack,normal,0.9415574475962912
8735,attack,normal,0.9904749675038723
8736,attack,attack,0.010606613442537513
8737,attack,attack,0.0017304202414092484
8738,normal,normal,0.9872717069739121
8739,attack,attack,1.0157076041218862e-07
8740,normal,normal,0.9907784407469906
8741,attack,attack,0.00802103080060664
8742,attack,attack,0.0016991781484589944
8743,attack,normal,0.9985135258425413
8744,attack,attack,4.7619526285226613e-05
8745,normal,normal,0.985761102456084
8746,attack,attack,0.002306399796706834
8747,attack,normal,0.8856261782192932
8748,attack,attack,8.43730046207341e-06
8749,normal,normal,0.9959547016298193
8750,normal,normal,0.9860517807959502
8751,attack,attack,4.22163478106368e-06
8752,normal,normal,0.9957973332026817
8753,normal,normal,0.996445799804462
8754,normal,normal,0.9977267858517274
8755,normal,normal,0.989985827462742
8756,normal,normal,0.9864644050731819
8757,normal,normal,0.986823966343007
8758,attack,attack,0.04732943531354261
8759,attack,attack,2.1549436134160973e-06
8760,attack,attack,0.0007500358176500364
8761,attack,attack,1.9061227769073634e-06
8762,attack,attack,0.00012141177735650272
8763,attack,normal,0.9842515627768479
8764,normal,normal,0.9961488375125553
8765,normal,attack,0.0056217312794490815
8766,normal,normal,0.9904082344133047
8767,attack,normal,0.8915992903678411
8768,normal,normal,0.9998766224055246
8769,attack,attack,0.0002899341334284495
8770,normal,normal,0.989118068770159
8771,normal,normal,0.9991610945540538
8772,attack,attack,0.0018764191544275222
8773,normal,normal,0.9940476754726183
8774,normal,normal,0.9974692634067305
8775,normal,attack,0.007308705739595816
8776,normal,normal,0.9899953576838596
8777,attack,attack,0.0007228615348686559
8778,normal,normal,0.943189910175063
8779,normal,normal,0.9995554259010104
8780,attack,attack,3.454053996421005e-05
8781,attack,attack,0.0003393684266595659
8782,attack,normal,0.803387204892366
8783,attack,attack,0.037445025853487544
8784,normal,normal,0.9860062149234136
8785,attack,attack,0.0007962935664328456
8786,normal,normal,0.9967383851724274
8787,normal,normal,0.9851081516720185
8788,attack,attack,6.393486465042954e-08
8789,attack,attack,0.0011220533470741266
8790,normal,normal,0.9972234346299901
8791,normal,normal,0.997449639199895
8792,attack,attack,1.185588449380677e-05
8793,normal,normal,0.9873820798080766
8794,normal,normal,0.9980682045317205
8795,normal,attack,0.049774186848905104
8796,normal,normal,0.9813498163080576
8797,attack,attack,0.0031097710880509974
8798,attack,attack,0.0003149960618565274
8799,normal,normal,0.9886602020371601
8800,attack,attack,0.0099215970971563
8801,normal,normal,0.9980564091637992
8802,attack,normal,0.99949509282677
8803,normal,normal,0.9972855188334637
8804,attack,attack,0.0077452147444498146
8805,normal,attack,7.506457817975125e-05
8806,attack,normal,0.9358507310273576
8807,attack,attack,0.0030366941327258034
8808,attack,normal,0.9999971251347707
8809,attack,normal,0.9999997756632989
8810,attack,attack,4.17427533353527e-07
8811,attack,attack,8.02895182651532e-07
8812,attack,attack,0.4085524235687416
8813,normal,normal,0.9999993175559342
8814,attack,normal,0.9341793362375542
8815,normal,normal,0.9908011174971194
8816,normal,normal,0.9972897692619669
8817,attack,normal,0.985255043550785
8818,attack,attack,0.0001751073829316553
8819,attack,attack,0.009817774730074563
8820,attack,normal,0.9996384912728733
8821,attack,attack,6.58599700734845e-05
8822,normal,normal,0.9977415243557122
8823,normal,normal,0.9867948008173553
8824,attack,attack,0.07322784465982901
8825,attack,attack,0.00015068240727339377
8826,attack,attack,0.0017281097145804578
8827,attack,normal,0.8311714437153601
8828,normal,normal,0.9813959434901073
8829,attack,normal,0.9952753285702824
8830,attack,normal,0.8253585175434692
8831,normal,normal,0.9979797461248879
8832,normal,normal,0.9969721168236942
8833,normal,normal,0.9904068670692258
8834,normal,normal,0.9982581282443929
8835,attack,attack,1.394060359566679e-05
8836,attack,attack,0.0006768394793208706
8837,attack,attack,1.804115994179243e-06
8838,attack,attack,0.028310949706011713
8839,attack,attack,3.877586041825743e-06
8840,normal,normal,0.99466279637726
8841,normal,attack,0.08823601526435086
8842,attack,attack,0.0005788151129122516
8843,attack,normal,0.991056459377478
8844,normal,normal,0.9963621426431924
8845,attack,attack,0.00018880407358454895
8846,attack,normal,0.9999961130853094
8847,attack,attack,0.0004564635498752592
8848,normal,normal,0.9998677164945204
8849,attack,normal,0.8701642784694945
8850,normal,normal,0.9934246706285973
8851,attack,normal,0.525924660177872
8852,normal,normal,0.8444956293075236
8853,normal,normal,0.9867174051805744
8854,attack,attack,0.0032852627675553545
8855,normal,attack,0.004433390634708598
8856,attack,normal,0.9110679051193814
8857,normal,normal,0.8987827884354765
8858,attack,attack,0.35228032132184556
8859,attack,attack,0.00020440092814324367
8860,attack,attack,4.2628764840388945e-05
8861,attack,normal,0.9881014507659455
8862,attack,attack,6.460286300600408e-05
8863,attack,attack,0.08509826394422774
8864,attack,normal,0.6626427031883578
8865,attack,normal,0.999003745969071
8866,attack,attack,0.04631126500794467
8867,attack,attack,0.01727824705481029
8868,attack,attack,0.0010627276894671041
8869,attack,attack,0.008430270924735275
8870,normal,normal,0.9947523113916914
8871,attack,normal,0.9990255702991131
8872,attack,normal,0.5042338011534296
8873,attack,attack,0.00579528662574564
8874,normal,normal,0.9746456736639391
8875,normal,attack,0.005197373511217199
8876,attack,attack,0.011406552395400168
8877,attack,normal,0.9900569583250215
8878,normal,normal,0.9831176603698949
8879,attack,attack,0.001145632083393902
8880,normal,normal,0.636809108545856
8881,attack,attack,4.121840061044993e-07
8882,normal,normal,0.9940376837603294
8883,attack,attack,0.009720391756540499
8884,normal,normal,0.9961630150195298
8885,attack,normal,0.9982761006872449
8886,normal,attack,0.018433456521009594
8887,attack,attack,0.0011541094152574371
8888,attack,normal,0.621702570179136
8889,attack,normal,0.9339169120325028
8890,attack,attack,4.910220112095218e-07
8891,attack,attack,0.001403042771178813
8892,attack,attack,1.936459870169386e-06
8893,attack,normal,0.9335263101667355
8894,attack,attack,0.0017625179377056314
8895,normal,normal,0.9874265729047917
8896,attack,normal,0.9831304330907769
8897,attack,attack,6.335086503866147e-06
8898,attack,attack,0.06043053890443835
8899,normal,normal,0.9963292310808695
8900,attack,attack,0.007756047883632097
8901,attack,attack,0.14706453309362816
8902,attack,attack,0.0009420441001434912
8903,normal,attack,0.12770306389821234
8904,normal,normal,0.9982965781681075
8905,normal,normal,0.9977013384421055
8906,normal,normal,0.9948555884225905
8907,attack,normal,0.9364213887783314
8908,attack,normal,0.9542054350917916
8909,attack,attack,0.0001777195391245608
8910,normal,normal,0.9973864619961976
8911,normal,normal,0.992458865872456
8912,attack,normal,0.9959052592933585
8913,normal,normal,0.9979651288263591
8914,normal,normal,0.9997948942049213
8915,normal,normal,0.98458503072737
8916,attack,attack,0.24686804495376755
8917,normal,normal,0.9903024141492525
8918,attack,attack,0.0037223078559368737
8919,normal,normal,0.9865729118957263
8920,normal,normal,0.9758121085684941
8921,attack,attack,6.505116423435001e-08
8922,normal,normal,0.9881947011343051
8923,normal,normal,0.9938628489518072
8924,attack,normal,0.9985976183534385
8925,attack,normal,0.9972192372718156
8926,normal,normal,0.987274369370534
8927,normal,normal,0.9998031033683988
8928,attack,attack,4.8969507959606345e-08
8929,attack,normal,0.9881125125062125
8930,normal,normal,0.9801453629214558
8931,attack,attack,0.0002438468924511058
8932,attack,normal,0.9341794420519655
8933,attack,attack,4.447434419102896e-06
8934,attack,normal,0.9987845144282967
8935,normal,normal,0.9946204581729636
8936,attack,attack,2.3732374321046253e-08
8937,normal,normal,0.9957919437305787
8938,attack,normal,0.889883868364139
8939,normal,normal,0.9998127068641463
8940,attack,normal,0.9982146917002162
8941,normal,normal,0.9944285289206565
8942,attack,normal,0.9985727951164682
8943,normal,normal,0.9855407154158146
8944,normal,normal,0.9994328892454944
8945,attack,normal,0.5896759871861631
8946,normal,normal,0.9884178092362069
8947,attack,attack,0.00047578635880381935
8948,attack,attack,0.30667323892303266
8949,attack,attack,0.05945950645179775
8950,normal,normal,0.9906611571551408
8951,attack,attack,0.027228226297061675
8952,attack,attack,0.002759600677078493
8953,attack,attack,0.021678788410256132
8954,normal,normal,0.9894119243551721
8955,normal,attack,0.004177669679387565
8956,normal,normal,0.9793614936093409
8957,normal,normal,0.9940895539879415
8958,attack,attack,0.0034813249705405976
8959,normal,normal,0.9973383041290154
8960,normal,normal,0.9847520656608754
8961,attack,normal,0.9982950572152559
8962,normal,normal,0.8175902479439335
8963,attack,attack,0.02532987719406791
8964,normal,normal,0.9905029913817051
8965,normal,normal,0.9971950052212115
8966,attack,attack,0.0010962416891319383
8967,normal,normal,0.9970484139420789
8968,attack,normal,0.9968432258423425
8969,attack,attack,3.673551099869539e-07
8970,attack,attack,6.637617117777181e-06
8971,attack,normal,0.9497875939130678
8972,normal,normal,0.9321997703126089
8973,attack,attack,1.1035648110634734e-07
8974,normal,normal,0.9885256010566998
8975,attack,attack,0.0017091526243689585
8976,normal,normal,0.9727812126252617
8977,normal,normal,0.9977444220157882
8978,attack,attack,2.6937726855183263e-07
8979,attack,attack,0.0008563965183165774
8980,attack,attack,0.00010424070852748234
8981,attack,attack,0.000666870065865694
8982,attack,normal,0.5795634601052874
8983,attack,normal,0.9999996452316495
8984,normal,normal,0.9604760928689536
8985,attack,attack,0.029286805116234757
8986,normal,normal,0.9898340913932495
8987,attack,attack,0.21546588964718696
8988,normal,normal,0.990368367475562
8989,attack,attack,0.00018947937023169257
8990,attack,normal,0.999999708376021
8991,attack,attack,0.0022968011123621008
8992,attack,normal,0.9952292699843411
8993,attack,normal,0.7815697108279999
8994,attack,normal,0.9999999338371203
8995,attack,normal,0.9988450457667741
8996,attack,attack,0.03630956242504599
8997,attack,attack,4.466034127254687e-06
8998,normal,normal,0.998039602531395
8999,normal,normal,0.9739627483649526
9000,attack,normal,0.512175038978955
9001,normal,normal,0.995604640851149
9002,normal,normal,0.9902021662626272
9003,attack,attack,0.019300974682627037
9004,attack,attack,0.0280819507638527
9005,normal,normal,0.9997205247448113
9006,normal,normal,0.9865482553210966
9007,attack,normal,0.874913411857682
9008,attack,attack,0.00022227049408020925
9009,attack,attack,0.0019325055192298919
9010,normal,attack,0.0044333976262793005
9011,attack,normal,0.9999998261554643
9012,attack,normal,0.9987770942517378
9013,attack,attack,0.04355934661801731
9014,normal,normal,0.9873459204471378
9015,attack,attack,0.027650708608954827
9016,normal,normal,0.9979621070149522
9017,attack,normal,0.9948916595423162
9018,attack,attack,4.021655312278257e-07
9019,normal,normal,0.990802749415572
9020,attack,attack,4.965515887671593e-07
9021,normal,normal,0.9967964688103096
9022,attack,attack,0.00239408537311164
9023,normal,normal,0.9909010760990834
9024,normal,normal,0.9979304073438152
9025,attack,attack,0.010658114300841352
9026,normal,normal,0.9877214630144139
9027,attack,attack,0.013093551197511417
9028,normal,normal,0.9872764035495801
9029,normal,normal,0.9995655938718316
9030,attack,attack,0.0009539136160159245
9031,normal,normal,0.9992910050336712
9032,attack,attack,0.07756960311560421
9033,normal,normal,0.9833710596115758
9034,normal,normal,0.9979670972792073
9035,normal,normal,0.9993327546078012
9036,normal,normal,0.9957555372739829
9037,attack,attack,0.06979050513377293
9038,attack,normal,0.9999995731658772
9039,attack,attack,0.00011418260774070021
9040,normal,normal,0.9872738556862959
9041,normal,normal,0.9990692593218902
9042,attack,normal,0.9359912304749459
9043,attack,attack,0.016130713227302137
9044,attack,attack,1.7925169352752974e-05
9045,normal,normal,0.9436298253060816
9046,normal,normal,0.9832579917965383
9047,attack,attack,0.02243936956145496
9048,attack,normal,0.9338847940712764
9049,attack,normal,0.9976196328113284
9050,normal,normal,0.9415386197530782
9051,normal,normal,0.993810215322069
9052,attack,attack,3.0277432504053742e-05
9053,normal,normal,0.9972871557746129
9054,attack,attack,0.019073409150378078
9055,attack,attack,0.023688804627619717
9056,attack,attack,0.00011281672784565577
9057,attack,attack,0.0015795040477211797
9058,attack,attack,0.01416021582363786
9059,normal,normal,0.9857050619670191
9060,attack,attack,0.00010994017865343193
9061,attack,normal,0.8058874980469869
9062,attack,attack,3.170130711879847e-06
9063,attack,attack,0.012415485051644574
9064,normal,normal,0.9972992133643154
9065,attack,attack,0.0032193518966050633
9066,attack,attack,0.02872338086347465
9067,attack,normal,0.9311013243640869
9068,attack,normal,0.9340362484828784
9069,attack,attack,2.5047928832402813e-07
9070,attack,attack,0.0009672805122003805
9071,attack,attack,0.40015957219591514
9072,attack,attack,0.0012757496728204379
9073,attack,normal,0.9990407805932481
9074,normal,normal,0.99184759040196
9075,normal,normal,0.9962146719766788
9076,attack,attack,0.0018221192049781417
9077,normal,normal,0.9760182062027882
9078,attack,normal,0.9967263631434657
9079,attack,attack,0.014137446427549123
9080,normal,normal,0.9989432778984112
9081,normal,normal,0.988172404689189
9082,attack,attack,3.054265669082445e-05
9083,attack,attack,0.042851709407269976
9084,attack,attack,0.00024322143025422147
9085,attack,attack,0.00014790728042081698
9086,normal,normal,0.9952749174047073
9087,attack,attack,0.1047893802139158
9088,attack,normal,0.778342955662122
9089,normal,normal,0.9821010484392388
9090,attack,attack,0.00014609789223319678
9091,attack,attack,0.0011534059173108273
9092,attack,normal,0.995665233817565
9093,normal,normal,0.9962094100007748
9094,normal,normal,0.9899903487925326
9095,normal,normal,0.9996837509987934
9096,normal,attack,0.005142909359803003
9097,attack,normal,0.9912453164387489
9098,attack,normal,0.9908217732268687
9099,attack,attack,0.0010253830264869775
9100,normal,normal,0.9905097458899996
9101,normal,normal,0.9862203934173936
9102,normal,normal,0.9980154766303891
9103,normal,normal,0.9808009285554145
9104,attack,attack,0.023157559075768618
9105,attack,normal,0.8548765867492696
9106,normal,normal,0.9901038933271245
9107,attack,normal,0.9782073773226193
9108,normal,attack,0.005681225694937483
9109,normal,normal,0.987215336034178
9110,normal,normal,0.9905551827728489
9111,attack,normal,0.9999990708087746
9112,normal,normal,0.999233518108861
9113,normal,normal,0.9965493831046435
9114,normal,normal,0.9888949443841146
9115,attack,normal,0.6273593907796041
9116,attack,attack,0.0007035982750707442
9117,normal,normal,0.9963731720011225
9118,attack,attack,0.0013790515283494148
9119,attack,normal,0.9989881044456244
9120,attack,normal,0.8763748941357697
9121,normal,normal,0.9968876934411972
9122,normal,normal,0.9911683863460968
9123,normal,normal,0.9998176363483589
9124,normal,normal,0.9980343497210905
9125,normal,normal,0.9966559200810624
9126,attack,attack,0.05230444464957987
9127,normal,normal,0.9893203272757399
9128,normal,normal,0.9961360264995291
9129,attack,normal,0.978037886226988
9130,attack,attack,0.01796192145054692
9131,attack,attack,0.026943148849663052
9132,normal,normal,0.989782091653949
9133,attack,normal,0.9975469984050188
9134,attack,attack,0.03419072587727003
9135,normal,normal,0.993892012195667
9136,normal,normal,0.9907860632038884
9137,normal,normal,0.9887964671386358
9138,attack,normal,0.8852314617189371
9139,attack,normal,0.819027299353589
9140,normal,normal,0.9968437385928363
9141,attack,attack,0.45978274052669554
9142,attack,attack,0.0007636354647454646
9143,attack,attack,9.690310396587896e-05
9144,normal,normal,0.988416112054687
9145,attack,attack,1.0509736114191274e-06
9146,normal,normal,0.9981261982136269
9147,attack,attack,0.03387380103164232
9148,normal,normal,0.9894468826465096
9149,attack,attack,0.03375927623002203
9150,attack,attack,0.012465619887538137
9151,attack,normal,0.9948812539030473
9152,attack,normal,0.99521224826025
9153,normal,normal,0.9866887114086159
9154,attack,normal,0.9956562334033453
9155,normal,normal,0.9971948407209313
9156,attack,normal,0.9908671664849658
9157,attack,normal,0.8566090784004409
9158,attack,attack,0.03385464486082056
9159,attack,normal,0.7657254578503521
9160,attack,attack,0.011407195207775724
9161,normal,normal,0.9936266780761698
9162,attack,normal,0.9959900929798668
9163,attack,attack,0.0012246060530377502
9164,attack,attack,4.249120334851254e-06
9165,normal,normal,0.9896522764482524
9166,attack,attack,0.001084397240653045
9167,normal,normal,0.9901037543604673
9168,normal,normal,0.9901031418720774
9169,attack,attack,0.11124436869035549
9170,normal,attack,0.34797111302669625
9171,attack,attack,0.04933016126163215
9172,attack,attack,0.07648788897088836
9173,attack,attack,0.0030192307802308195
9174,normal,normal,0.9897875167992161
9175,attack,attack,0.035350202509842645
9176,attack,attack,5.833668980459774e-07
9177,normal,normal,0.9953518639441774
9178,attack,attack,1.0116737882440655e-06
9179,normal,normal,0.997997194310851
9180,normal,normal,0.9995536843237276
9181,normal,normal,0.9970881046641736
9182,attack,attack,0.02818771936509788
9183,attack,attack,0.00024072561138367804
9184,attack,attack,0.002555382682854192
9185,normal,normal,0.9995828772977569
9186,attack,attack,0.0009614362774892893
9187,attack,attack,4.123604176003671e-05
9188,attack,attack,0.024923969265944007
9189,normal,normal,0.9868265637164633
9190,attack,attack,4.4169066304242857e-07
9191,attack,normal,0.991592081468411
9192,normal,normal,0.9998568576061199
9193,attack,normal,0.9420011527661257
9194,normal,normal,0.9959992716668832
9195,attack,normal,0.9861412409257757
9196,attack,normal,0.9906743689401968
9197,attack,attack,0.02643522738569342
9198,attack,attack,0.0009370300718181736
9199,attack,attack,0.05711043419367569
9200,attack,attack,0.04257317470729352
9201,normal,attack,0.0005349601849143366
9202,attack,normal,0.9986140611175028
9203,normal,normal,0.9874267040838199
9204,normal,normal,0.9870972794777995
9205,normal,normal,0.9892307466603532
9206,attack,attack,0.003140124845388333
9207,attack,normal,0.9912786661615921
9208,normal,normal,0.9856672889279673
9209,attack,attack,0.00016849181576663528
9210,normal,normal,0.9903045532380325
9211,attack,attack,9.131904384350896e-08
9212,attack,normal,0.9219336048132449
9213,attack,normal,0.9655565465363851
9214,attack,attack,3.493656184967098e-07
9215,normal,normal,0.9906015003661461
9216,attack,normal,0.9849517757100648
9217,normal,normal,0.9986425744560393
9218,attack,attack,4.834296338664381e-07
9219,attack,normal,0.999010948130214
9220,normal,normal,0.9971978317733295
9221,attack,attack,3.052372624043931e-07
9222,attack,normal,0.9983217781243904
9223,normal,normal,0.985968925890244
9224,normal,normal,0.9997307735206169
9225,attack,normal,0.9999942625426799
9226,normal,normal,0.9880491212441409
9227,normal,normal,0.9974240434236566
9228,attack,attack,5.206233840983536e-07
9229,attack,normal,0.724894607455843
9230,attack,normal,0.981990633139543
9231,attack,normal,0.95296036820864
9232,attack,attack,0.011115717211192526
9233,normal,normal,0.9929233682484641
9234,attack,normal,0.9999999358983377
9235,attack,attack,0.018207339083650863
9236,normal,normal,0.9977745207911672
9237,attack,attack,0.016473106921209714
9238,normal,normal,0.9876436078593339
9239,normal,normal,0.9995798707342527
9240,attack,attack,0.002978134754902244
9241,attack,attack,0.04801462073479882
9242,attack,normal,0.9376151184827405
9243,attack,normal,0.9912939921138568
9244,attack,attack,2.4449441665091027e-07
9245,attack,normal,0.995464356429094
9246,attack,normal,0.9749866730669134
9247,attack,attack,0.0012449164221267537
9248,normal,normal,0.9803836648183557
9249,attack,normal,0.9574574661881544
9250,attack,attack,0.038338838576119263
9251,attack,attack,0.001060246347791329
9252,attack,normal,0.9999999181544306
9253,normal,attack,0.10427398486991907
9254,attack,attack,1.1629257330307057e-07
9255,normal,normal,0.987255192658783
9256,attack,normal,0.6644375652224451
9257,attack,attack,0.001430127776909545
9258,normal,normal,0.9976308947890341
9259,normal,normal,0.9999052365342749
9260,attack,normal,0.996598732932907
9261,attack,attack,0.0012970006378689304
9262,normal,normal,0.9998598721288928
9263,normal,normal,0.9868286755421981
9264,normal,normal,0.9953377640478382
9265,attack,attack,1.5789362279704803e-07
9266,normal,normal,0.9951858222552555
9267,attack,normal,0.9894967001662319
9268,attack,normal,0.6595963718333004
9269,normal,normal,0.9895711989994634
9270,normal,normal,0.9962769945740079
9271,normal,normal,0.9874085091340944
9272,attack,normal,0.7775725952284965
9273,attack,normal,0.9981926499650736
9274,normal,normal,0.9998725693306818
9275,attack,normal,0.9907318020063806
9276,normal,normal,0.9732956123565085
9277,normal,normal,0.9975326161535406
9278,attack,attack,0.0401756057665958
9279,normal,normal,0.9990426516726015
9280,normal,normal,0.9125251640965215
9281,normal,normal,0.985919350175697
9282,attack,attack,6.636776654906364e-07
9283,attack,attack,0.001997787200384868
9284,attack,attack,3.517456255167275e-08
9285,attack,normal,0.9989350363661749
9286,attack,attack,0.07950166229952108
9287,attack,attack,0.4164514300328028
9288,attack,normal,0.9882867797641556
9289,attack,attack,0.0003315198009466067
9290,normal,normal,0.999681774905612
9291,normal,normal,0.9978139791647496
9292,normal,normal,0.9979144088718472
9293,attack,attack,0.17461033178842103
9294,attack,attack,6.579767246382864e-07
9295,attack,normal,0.999999930698034
9296,normal,normal,0.9964766068727445
9297,attack,normal,0.9989573394345936
9298,attack,normal,0.9864654482026992
9299,normal,normal,0.997706370735218
9300,attack,normal,0.7704405890881914
9301,normal,attack,0.29876211546303233
9302,attack,normal,0.9945021166410497
9303,normal,normal,0.9889646307859712
9304,normal,normal,0.7835517986550924
9305,attack,attack,0.005280288053219744
9306,attack,attack,0.008609266190244177
9307,attack,attack,0.002968073740820049
9308,attack,normal,0.9978496523257214
9309,normal,normal,0.9977724953320418
9310,normal,normal,0.9956541179001916
9311,normal,normal,0.9961852639956003
9312,attack,attack,0.002125131737687184
9313,attack,normal,0.6208144234017892
9314,attack,attack,0.001141271962920646
9315,attack,attack,0.002327173027418374
9316,normal,normal,0.9618519668730131
9317,normal,normal,0.9968855049514493
9318,normal,normal,0.9979036260977471
9319,attack,attack,4.722316214190369e-07
9320,attack,normal,0.9364825609840136
9321,attack,attack,0.0013911804499235037
9322,attack,attack,0.05377248130992143
9323,normal,normal,0.9980102491962665
9324,normal,normal,0.9967454601744389
9325,attack,attack,5.8761900948621237e-08
9326,normal,normal,0.9999994682995372
9327,normal,normal,0.9875928420444136
9328,attack,normal,0.9606342642921799
9329,normal,attack,0.00405537413210991
9330,attack,attack,0.0001963136297557033
9331,attack,attack,0.0053222412207619
9332,attack,normal,0.9980318121294042
9333,normal,normal,0.9988975990769839
9334,attack,attack,2.371707822219311e-06
9335,attack,normal,0.9999999361209729
9336,normal,normal,0.89876631049401
9337,normal,normal,0.9897793466865447
9338,normal,attack,0.00011837070092618896
9339,attack,attack,0.004820947734660643
9340,attack,normal,0.9985548549966237
9341,attack,attack,0.0002214916347360869
9342,attack,attack,6.242762773914244e-08
9343,normal,normal,0.9700398823855609
9344,attack,attack,0.00028994832263307303
9345,attack,attack,0.006054891708215861
9346,attack,normal,0.9999996174964108
9347,attack,attack,7.698405431691277e-07
9348,normal,normal,0.9957988396906866
9349,attack,attack,1.8968407671495823e-08
9350,attack,attack,0.0024021497442056772
9351,normal,normal,0.9887666306493593
9352,attack,attack,0.0007697532470599431
9353,normal,normal,0.9896534827694476
9354,attack,attack,4.4999940803958515e-05
9355,normal,attack,0.0037094735429855836
9356,attack,attack,0.10471160007440085
9357,normal,normal,0.9672433538133419
9358,normal,normal,0.9747507674063965
9359,normal,normal,0.9822844537963856
9360,attack,attack,2.842327697919825e-05
9361,normal,normal,0.9863404811037781
9362,attack,normal,0.8021248089130516
9363,attack,attack,1.1997969103067151e-05
9364,normal,attack,2.1186977445142171e-07
9365,normal,normal,0.9958110800339393
9366,normal,normal,0.9982798934532991
9367,normal,normal,0.9892499762741208
9368,attack,normal,0.9945982981013166
9369,normal,normal,0.9965567106913656
9370,normal,normal,0.833078632944136
9371,normal,normal,0.9908473068342385
9372,normal,normal,0.9917795984481036
9373,attack,normal,0.8314040219676659
9374,normal,attack,0.005457974936701187
9375,normal,normal,0.9661369017546805
9376,normal,normal,0.9895186362036331
9377,normal,normal,0.9872015532708429
9378,attack,normal,0.9968603066993698
9379,attack,normal,0.9992752147825366
9380,attack,normal,0.5672660176835104
9381,attack,normal,0.989948628028085
9382,normal,normal,0.9976430235027628
9383,attack,attack,0.011839036445138694
9384,attack,normal,0.691019003977227
9385,attack,normal,0.9999964776305764
9386,attack,attack,7.586657688923686e-05
9387,normal,normal,0.9949637180960429
9388,normal,normal,0.9973079554523747
9389,normal,normal,0.985204448600532
9390,attack,normal,0.9364248545245926
9391,normal,normal,0.987774341737144
9392,attack,attack,6.8168565862128236e-06
9393,normal,normal,0.9960983015995662
9394,normal,normal,0.9932793620601668
9395,normal,normal,0.9867922632188286
9396,attack,attack,0.0008144727947139503
9397,attack,normal,0.9943897496851527
9398,attack,normal,0.9597753306805547
9399,normal,normal,0.9818307152051563
9400,attack,attack,0.39065282970431997
9401,normal,normal,0.9903566674352805
9402,attack,attack,0.0024586096077840345
9403,attack,attack,0.0004038431253030123
9404,normal,normal,0.9958663447273212
9405,normal,normal,0.9965689912884844
9406,attack,normal,0.9986118549175623
9407,normal,normal,0.99248316843891
9408,normal,normal,0.982248840682853
9409,normal,normal,0.9977282486395588
9410,normal,normal,0.999738219859706
9411,normal,normal,0.9899661835208919
9412,normal,normal,0.9913499208318969
9413,attack,attack,8.884604512045777e-05
9414,normal,normal,0.9979761348100454
9415,normal,normal,0.9998492787247809
9416,normal,normal,0.9915472930641973
9417,attack,attack,0.016048154700265722
9418,attack,attack,0.0006557865846365769
9419,attack,normal,0.9888833949059305
9420,attack,normal,0.9999974616182706
9421,normal,normal,0.9930180179965278
9422,attack,normal,0.9461542714759211
9423,attack,normal,0.9999981156844026
9424,attack,normal,0.9987522319044864
9425,attack,attack,6.506657592724664e-07
9426,normal,attack,0.00514291543834162
9427,normal,attack,0.004316325649941884
9428,attack,attack,3.6577633123213363e-07
9429,normal,normal,0.9960930998882569
9430,attack,attack,2.183559806161226e-07
9431,normal,normal,0.9951297350821692
9432,normal,normal,0.971376025795587
9433,attack,normal,0.6381821021739652
9434,normal,normal,0.9981545959240476
9435,attack,normal,0.7770944003011038
9436,normal,normal,0.9971826948883653
9437,attack,attack,4.6253365331097503e-07
9438,attack,normal,0.9965947585092834
9439,attack,attack,0.01799508873535724
9440,attack,normal,0.9999998788519697
9441,normal,normal,0.9944737870499536
9442,attack,attack,0.001574454793744965
9443,attack,attack,0.38579065156332565
9444,attack,attack,1.3424088434530448e-05
9445,normal,normal,0.989331190938257
9446,attack,attack,4.549288837519895e-07
9447,attack,attack,0.18484998492449634
9448,attack,attack,0.10481576408387586
9449,attack,attack,0.17157907178513318
9450,attack,attack,0.4074286710345765
9451,normal,attack,0.32449007478428793
9452,attack,attack,0.026899767120566218
9453,normal,normal,0.9992476274710939
9454,normal,normal,0.9969500404815131
9455,normal,normal,0.9974439268966808
9456,attack,attack,3.234928351105633e-07
9457,normal,normal,0.9978123040663782
9458,attack,normal,0.936483550327073
9459,attack,normal,0.9342382862954544
9460,normal,normal,0.986620160550862
9461,attack,normal,0.9974675309273496
9462,attack,attack,0.01562644247893111
9463,attack,attack,4.149835706292693e-07
9464,attack,attack,0.36858435023361413
9465,normal,normal,0.9898946006048549
9466,attack,attack,0.411676565453989
9467,attack,normal,0.9974329336075607
9468,normal,normal,0.9980206033848589
9469,attack,normal,0.9980328799496421
9470,attack,attack,0.0013422235347415052
9471,normal,normal,0.9297433187485689
9472,attack,attack,0.007909242127782502
9473,normal,normal,0.984430863189184
9474,normal,normal,0.9993164877271796
9475,normal,normal,0.9969733842452163
9476,normal,normal,0.9898832715161633
9477,attack,attack,6.890000734346601e-07
9478,normal,normal,0.9980193051555735
9479,attack,attack,0.0287769796485928
9480,normal,normal,0.9894837730832772
9481,attack,attack,9.388551594958884e-05
9482,normal,normal,0.9906207401745575
9483,normal,attack,0.001340485481707775
9484,normal,normal,0.9869203508248208
9485,normal,normal,0.9852268971822898
9486,attack,normal,0.8238595973685214
9487,normal,normal,0.9884197205100086
9488,attack,normal,0.9388682340738747
9489,attack,attack,6.692830095630585e-05
9490,attack,attack,0.004414204675100883
9491,normal,normal,0.9972953662326051
9492,normal,normal,0.9989507674542798
9493,normal,normal,0.9569712199692033
9494,attack,normal,0.9954660525503735
9495,attack,attack,7.907901960951663e-05
9496,attack,attack,0.002222159730465145
9497,attack,normal,0.8184518079073356
9498,normal,normal,0.9975690667953263
9499,normal,attack,8.587678327378592e-09
9500,normal,normal,0.9980280814570709
9501,attack,attack,0.0459308268900824
9502,attack,attack,0.0024290234420532666
9503,normal,normal,0.9576402624202611
9504,attack,attack,0.017319780075515705
9505,attack,normal,0.7034793146447698
9506,normal,normal,0.9972476270671341
9507,attack,normal,0.9956007676363091
9508,normal,normal,0.99645149178968
9509,attack,attack,0.03570656514975699
9510,normal,normal,0.9957728424232392
9511,attack,normal,0.999999928183843
9512,attack,normal,0.9999999684016999
9513,attack,attack,0.006334306586343053
9514,attack,attack,0.0002977810103494039
9515,normal,normal,0.9999983614634417
9516,normal,normal,0.9911916309526269
9517,attack,attack,0.017222205421372677
9518,normal,normal,0.9814784722998416
9519,normal,normal,0.9964443973670062
9520,attack,attack,4.1154025914946895e-06
9521,attack,attack,0.0015167559082741252
9522,attack,normal,0.9584182252831299
9523,normal,normal,0.9950771947527925
9524,normal,normal,0.9975640072622262
9525,normal,normal,0.9944178040104663
9526,attack,attack,0.005666083421889604
9527,attack,attack,0.0009260046116745646
9528,attack,attack,0.006056573416804292
9529,normal,normal,0.9702317158739213
9530,normal,normal,0.9975936411392041
9531,normal,normal,0.9966343700275098
9532,normal,normal,0.9972253738506975
9533,normal,normal,0.9997470801769732
9534,normal,normal,0.9979391138147916
9535,normal,normal,0.9915436815668915
9536,normal,normal,0.9846378405755553
9537,normal,normal,0.9902551444214038
9538,attack,attack,0.0025243032747606473
9539,attack,attack,7.117225383242037e-07
9540,normal,normal,0.9999731376622196
9541,attack,normal,0.8989139294169808
9542,normal,normal,0.9496910681624817
9543,normal,normal,0.9945898120006766
9544,normal,normal,0.9728030361490468
9545,attack,attack,0.08559102374664386
9546,attack,attack,0.00012110272513128536
9547,attack,attack,6.057723181018877e-07
9548,attack,normal,0.5046745729592228
9549,attack,normal,0.9834859314430139
9550,attack,attack,0.0010227270439155261
9551,attack,attack,1.9198586076960284e-07
9552,normal,normal,0.9974372651655218
9553,normal,normal,0.9864596143905876
9554,attack,normal,0.9534365383500467
9555,normal,normal,0.7945163892936918
9556,normal,normal,0.9834588025554869
9557,attack,attack,0.00026262674426729007
9558,attack,normal,0.9999999707290892
9559,attack,attack,3.966327629339686e-06
9560,normal,normal,0.9880104528381013
9561,normal,normal,0.9906876249142333
9562,attack,normal,0.9990393529895778
9563,attack,attack,0.0011987664387549566
9564,attack,attack,4.4867283819243655e-07
9565,attack,attack,6.287060225732994e-07
9566,normal,normal,0.9987809974469263
9567,attack,attack,0.00020874162210289773
9568,attack,normal,0.9957231573176218
9569,attack,attack,0.0013408585084291975
9570,attack,attack,0.0002674554464222884
9571,normal,normal,0.9895689614001454
9572,normal,normal,0.9754367422812303
9573,normal,normal,0.9897855226391747
9574,normal,normal,0.993404885394269
9575,normal,normal,0.8754090085344085
9576,attack,attack,2.547468035488706e-05
9577,normal,normal,0.9964766373980468
9578,normal,normal,0.9890903822034995
9579,attack,normal,0.9317253530858093
9580,normal,normal,0.9961381025409275
9581,attack,normal,0.9965174348194334
9582,attack,normal,0.9975562132660046
9583,normal,normal,0.9907000265704256
9584,normal,normal,0.9977071084114165
9585,attack,attack,0.0001560966023181908
9586,normal,normal,0.9997537032585413
9587,normal,normal,0.9977155844246582
9588,normal,normal,0.9982148747263851
9589,normal,normal,0.9933979902997937
9590,attack,attack,4.9260083411666366e-08
9591,attack,attack,0.3119867760624206
9592,normal,normal,0.9975263233069619
9593,normal,normal,0.991454547578839
9594,normal,normal,0.9366191679148015
9595,normal,normal,0.9974844913873804
9596,attack,attack,0.03925199910368282
9597,attack,normal,0.9955640430099545
9598,attack,attack,0.0004032037192446129
9599,normal,attack,0.004311938792059019
9600,normal,normal,0.9921381866691017
9601,attack,attack,6.810602323913062e-06
9602,normal,normal,0.9962723567355565
9603,normal,normal,0.9907039850536585
9604,attack,normal,0.9989835417095727
9605,attack,attack,0.07639123049326185
9606,attack,normal,0.9999963118216846
9607,normal,normal,0.9861236373849571
9608,attack,normal,0.9986531235312517
9609,normal,normal,0.9996428479851993
9610,attack,attack,0.00034878166561758627
9611,attack,attack,1.4155740347803427e-06
9612,normal,normal,0.9997371783141807
9613,attack,attack,0.002470367889120084
9614,normal,normal,0.842576968623863
9615,attack,normal,0.9999999351051065
9616,attack,attack,6.827660110187838e-05
9617,normal,attack,0.00443340127306413
9618,attack,attack,0.04760663869744062
9619,attack,attack,0.11197759825537855
9620,normal,normal,0.9904826679023034
9621,normal,normal,0.9895800389267312
9622,attack,attack,0.00869706236400586
9623,attack,normal,0.9985779516570389
9624,attack,attack,0.018619125866604337
9625,normal,normal,0.992762716904049
9626,attack,attack,2.6784237378759614e-07
9627,attack,normal,0.5986871440354161
9628,normal,attack,6.014893692750028e-09
9629,normal,normal,0.9914930685122165
9630,attack,attack,0.03684282542043041
9631,attack,normal,0.813230766524837
9632,normal,normal,0.9965847429922889
9633,attack,normal,0.8203620470165283
9634,normal,normal,0.9909081550272821
9635,attack,normal,0.7162941828448819
9636,normal,normal,0.995327003861892
9637,attack,attack,0.0032172987924682364
9638,normal,normal,0.9893228598716316
9639,normal,normal,0.9988579985500448
9640,normal,normal,0.9873860632923074
9641,normal,normal,0.9969388815604462
9642,normal,attack,0.010441239423698751
9643,normal,normal,0.9958913338305946
9644,attack,attack,7.283449781417744e-08
9645,normal,normal,0.9973971539800296
9646,attack,attack,0.0027403262069115478
9647,normal,normal,0.990504860690548
9648,attack,normal,0.9293841430326204
9649,attack,normal,0.7772324024229428
9650,attack,normal,0.9986816951427817
9651,normal,attack,0.005410618084291568
9652,normal,normal,0.9978474490794151
9653,normal,normal,0.9364800064720237
9654,attack,attack,0.03536076425445326
9655,attack,attack,0.00022542760386088395
9656,normal,normal,0.9980692257200264
9657,attack,attack,0.003880570786025229
9658,normal,normal,0.9856378999427339
9659,normal,attack,5.216815287692289e-05
9660,normal,attack,0.00568122588818945
9661,attack,attack,0.00016603622524914886
9662,attack,attack,0.012233173179032336
9663,normal,normal,0.9904660226503387
9664,attack,normal,0.9866623919705025
9665,attack,attack,0.23410267757904607
9666,normal,normal,0.9843673112452074
9667,attack,normal,0.9966447950939386
9668,attack,normal,0.9967570732764212
9669,attack,normal,0.95212486065078
9670,attack,attack,0.016761195799808636
9671,normal,normal,0.9881746951979515
9672,normal,attack,1.496570954878464e-08
9673,normal,normal,0.9866871532018139
9674,attack,attack,0.0002535816460050926
9675,normal,normal,0.9352084017837947
9676,attack,normal,0.9955886893565481
9677,attack,attack,0.03818217403238863
9678,attack,normal,0.9973922946688619
9679,attack,attack,0.008017772849701862
9680,normal,normal,0.9902931367980367
9681,normal,attack,0.06138525378578169
9682,normal,normal,0.965134143468039
9683,attack,attack,4.886689933942692e-07
9684,normal,normal,0.99738180062775
9685,normal,normal,0.9979798709235355
9686,attack,attack,0.025144268253911316
9687,normal,normal,0.9995271853614718
9688,normal,normal,0.942284703532077
9689,normal,normal,0.9972176459139332
9690,normal,normal,0.9998839278373973
9691,attack,normal,0.9987770560847153
9692,attack,attack,2.938890195233623e-07
9693,normal,normal,0.9958807333409578
9694,normal,normal,0.997443715019108
9695,normal,normal,0.9977418470815542
9696,normal,normal,0.997149423565746
9697,attack,attack,0.0014776758456005058
9698,attack,normal,0.998505141433236
9699,normal,normal,0.9372483308797633
9700,normal,normal,0.996477219702924
9701,normal,normal,0.9997547080432327
9702,normal,normal,0.9863400167631377
9703,attack,attack,0.0002458605376861425
9704,attack,attack,0.00023805051784682652
9705,attack,normal,0.9941982658137924
9706,normal,normal,0.9983529003930719
9707,attack,normal,0.9301193366176531
9708,attack,attack,0.2880687124347851
9709,normal,normal,0.5719394552435788
9710,attack,attack,0.0010991414509964408
9711,attack,attack,5.28131530989608e-05
9712,attack,attack,3.916289521794208e-05
9713,normal,normal,0.7702148090672143
9714,attack,attack,0.001562333307876282
9715,attack,attack,0.01680413392729848
9716,attack,attack,0.00020805227939055338
9717,attack,normal,0.9985483310676451
9718,attack,attack,0.0012717272516464754
9719,attack,attack,0.02657355067836158
9720,attack,attack,0.0001295743967675286
9721,attack,normal,0.9959673642072183
9722,normal,normal,0.9871236465934287
9723,normal,normal,0.9722810884536728
9724,normal,normal,0.98674081226358
9725,attack,normal,0.9985057892818336
9726,normal,normal,0.9908000693549973
9727,attack,normal,0.9983739112634197
9728,normal,normal,0.9874074406332165
9729,normal,attack,0.03196035420633872
9730,attack,attack,0.002180671806141556
9731,attack,normal,0.9989077824158068
9732,normal,normal,0.9953213194105089
9733,attack,attack,0.00021304007921670582
9734,attack,attack,5.689275501520389e-07
9735,attack,attack,0.0006942552063795456
9736,attack,normal,0.9989834090363213
9737,attack,normal,0.9977938292110116
9738,normal,normal,0.9928731763850976
9739,attack,attack,0.00010610718737046557
9740,normal,normal,0.9980263178902936
9741,attack,normal,0.9958294449874089
9742,normal,normal,0.9972405757845277
9743,attack,attack,0.00011163483143681846
9744,attack,normal,0.9985501640667132
9745,normal,normal,0.9943578429387311
9746,normal,normal,0.9964694890444962
9747,attack,normal,0.9987895473707941
9748,normal,normal,0.9998120222797164
9749,attack,attack,0.0007978599603900087
9750,attack,attack,0.0003739311766590754
9751,attack,attack,0.013624193715070326
9752,attack,attack,0.01795538521852132
9753,attack,normal,0.9923903022903295
9754,normal,normal,0.9904690068316422
9755,attack,normal,0.808794997967393
9756,attack,attack,0.0021806992772357135
9757,attack,normal,0.999999969955963
9758,attack,attack,0.0005727611770762213
9759,attack,normal,0.9411624667942412
9760,attack,normal,0.9957032113926374
9761,attack,attack,2.2909589192125419e-07
9762,normal,normal,0.9896949412617588
9763,attack,attack,0.0014750821440981533
9764,attack,attack,1.9875474863588024e-06
9765,attack,attack,0.001293938570189014
9766,attack,attack,3.147865835133634e-08
9767,attack,normal,0.999999663531119
9768,normal,normal,0.9977592691056802
9769,normal,normal,0.9888934453608406
9770,attack,normal,0.9722527502746102
9771,normal,normal,0.9909002007254561
9772,attack,attack,5.196043622198683e-07
9773,attack,normal,0.9926466884852804
9774,attack,attack,0.003104001481582063
9775,normal,normal,0.9974642972329577
9776,attack,normal,0.9355239589838616
9777,attack,attack,0.033245020386641046
9778,normal,normal,0.9927574722100546
9779,attack,normal,0.8663153909547026
9780,attack,attack,1.7256356589429163e-07
9781,attack,attack,0.3783726834886411
9782,normal,normal,0.9901873439988913
9783,normal,normal,0.943963719208713
9784,normal,normal,0.9978259888063192
9785,attack,attack,0.23864732769403826
9786,attack,normal,0.7854334997667933
9787,attack,attack,0.04968329297013462
9788,attack,attack,0.00024362499316073023
9789,attack,attack,0.0009030098943268412
9790,normal,normal,0.9974186815017122
9791,normal,normal,0.9902553281201596
9792,attack,attack,0.05349135168235118
9793,normal,normal,0.9958024266101463
9794,attack,attack,0.010064155187184995
9795,attack,attack,0.00012570527032090907
9796,attack,attack,0.2663518380357628
9797,attack,normal,0.9366201552740864
9798,attack,attack,0.00661244107810143
9799,normal,normal,0.9994743971444205
9800,normal,normal,0.9884241988174677
9801,attack,normal,0.716704081181712
9802,attack,attack,0.002544647124059776
9803,attack,normal,0.9854761655598895
9804,attack,normal,0.9348822282054968
9805,attack,normal,0.9995155000301141
9806,attack,attack,0.0018772203065264385
9807,normal,normal,0.9902064086159889
9808,normal,attack,0.013000361459486506
9809,attack,attack,0.004413391429338251
9810,attack,normal,0.9358495599189542
9811,normal,normal,0.9914892513191589
9812,normal,normal,0.9997580739399502
9813,normal,normal,0.9858834408556102
9814,attack,attack,1.1109582513412002e-08
9815,attack,normal,0.9992497462594825
9816,normal,normal,0.9991340391179016
9817,normal,normal,0.9973038228395462
9818,normal,normal,0.9957879186035674
9819,normal,normal,0.9899956692259592
9820,normal,normal,0.9616280259099095
9821,attack,attack,0.004433434959640901
9822,attack,attack,0.32115084360631185
9823,attack,normal,0.995320290998796
9824,normal,normal,0.9972677207549618
9825,normal,normal,0.9838214506955657
9826,attack,normal,0.9178451104532072
9827,normal,normal,0.9809203938211336
9828,attack,attack,0.0025124021522394987
9829,normal,normal,0.999858421556203
9830,attack,attack,0.006093663575856647
9831,normal,normal,0.9618989922593136
9832,attack,attack,0.00026994433356130384
9833,attack,normal,0.9983980860549269
9834,attack,attack,0.0002770787150849346
9835,normal,normal,0.9965782056984436
9836,attack,attack,0.0007851329508088255
9837,normal,normal,0.9977671174713069
9838,attack,attack,0.0012352835483804953
9839,normal,normal,0.9974818661667122
9840,attack,attack,1.6711851431842142e-06
9841,attack,normal,0.9703678060842984
9842,normal,normal,0.9867533506727855
9843,normal,normal,0.9876539681374376
9844,attack,attack,0.358252363206282
9845,attack,attack,0.13967151011797763
9846,normal,normal,0.9895636652566574
9847,normal,normal,0.999750472310863
9848,normal,normal,0.9908040512127485
9849,attack,attack,2.8444500721673888e-08
9850,attack,normal,0.7120739100398488
9851,normal,normal,0.9997653410343502
9852,attack,attack,0.0017466997050894146
9853,normal,normal,0.9978768546425193
9854,normal,normal,0.9908998995737422
9855,normal,normal,0.9977847264046026
9856,normal,normal,0.9990080902538082
9857,attack,attack,0.00010779975337827051
9858,attack,attack,0.0791892225914625
9859,attack,attack,0.0008346450003676532
9860,normal,normal,0.9957084747700977
9861,attack,attack,0.004530709033871469
9862,normal,normal,0.9900375861681242
9863,normal,attack,0.006716305790522093
9864,normal,normal,0.9980917206891604
9865,attack,attack,4.199764787832618e-07
9866,attack,attack,1.3133201502400288e-06
9867,attack,attack,2.966331533302248e-07
9868,normal,normal,0.9959590728419819
9869,normal,normal,0.9990082608949414
9870,attack,normal,0.813692782014726
9871,normal,normal,0.9931217783260958
9872,normal,normal,0.9887142112713267
9873,attack,normal,0.9909238023860738
9874,attack,attack,0.0020597442404224667
9875,normal,normal,0.9970323098374789
9876,normal,normal,0.9699536013994303
9877,attack,normal,0.7757131525289852
9878,normal,normal,0.9872739377169713
9879,normal,attack,0.46131923495252647
9880,normal,normal,0.9935618347234636
9881,attack,attack,0.00022604442818015938
9882,attack,attack,0.0025385435409933806
9883,normal,normal,0.9962114326786687
9884,normal,normal,0.9999995559641972
9885,attack,attack,0.025608314606931044
9886,normal,normal,0.8654043227207858
9887,normal,normal,0.9887777828384955
9888,attack,attack,0.001330850318056075
9889,normal,normal,0.9858225197819953
9890,normal,normal,0.9908633280867277
9891,normal,normal,0.9975198766028825
9892,normal,normal,0.9964638545823904
9893,normal,normal,0.9975669479411367
9894,attack,attack,0.0001392527550552791
9895,normal,normal,0.997546044596584
9896,attack,normal,0.9999991445776738
9897,normal,normal,0.7675807949682739
9898,normal,normal,0.9881387313547558
9899,normal,normal,0.9885298213643884
9900,normal,normal,0.996708425788087
9901,attack,normal,0.9985433226578004
9902,normal,normal,0.9907040190616622
9903,attack,attack,0.006656325809895118
9904,attack,attack,0.0025941371466690196
9905,attack,attack,0.10507752044718696
9906,normal,normal,0.9939160920832024
9907,attack,attack,0.0001664953507649906
9908,attack,attack,0.0045187058089966444
9909,attack,attack,5.424076849122208e-07
9910,normal,normal,0.9975519390184417
9911,attack,attack,0.00015481441506672955
9912,normal,normal,0.9864995490019162
9913,attack,attack,0.034296492805616995
9914,attack,attack,2.6143590935005026e-07
9915,attack,attack,2.062194929197123e-07
9916,attack,normal,0.9988718006743115
9917,attack,attack,0.015628069498586132
9918,normal,normal,0.9979448680036074
9919,attack,attack,0.0009311078270787373
9920,attack,attack,0.0012291282673638432
9921,normal,normal,0.9968286794271226
9922,normal,normal,0.9991447991957985
9923,attack,normal,0.9994990988833741
9924,normal,normal,0.9939606793409156
9925,normal,attack,0.0063541460023063935
9926,normal,normal,0.9813559940998063
9927,attack,normal,0.9986882629477848
9928,attack,attack,0.0007068213145828663
9929,normal,normal,0.9911614780434534
9930,normal,normal,0.9941999511463053
9931,attack,normal,0.9999999152567859
9932,attack,normal,0.7149276571029126
9933,normal,normal,0.9973166256755202
9934,attack,attack,1.243568878392114e-07
9935,attack,normal,0.998102017270141
9936,normal,normal,0.9974352914657926
9937,attack,normal,0.9956389013028594
9938,attack,attack,2.917393911680141e-05
9939,attack,normal,0.9389552337010978
9940,normal,normal,0.996781798810368
9941,attack,attack,0.00011770148745476006
9942,attack,normal,0.9798359609260144
9943,attack,normal,0.9999999251523732
9944,normal,normal,0.983440427050919
9945,normal,normal,0.9851611966254827
9946,attack,attack,8.831669013948796e-05
9947,attack,attack,0.012399475278378648
9948,attack,attack,0.018378197899516543
9949,attack,normal,0.9353538406145163
9950,normal,normal,0.8572012951549812
9951,attack,normal,0.933584692200884
9952,attack,attack,0.040628320909807565
9953,normal,normal,0.991256175661753
9954,attack,attack,0.09188367768893706
9955,attack,attack,0.0255944998948969
9956,attack,attack,0.061601395074476886
9957,attack,attack,0.02201263952400856
9958,attack,normal,0.9316508715233984
9959,normal,normal,0.9907996281406092
9960,attack,attack,9.881196339557546e-05
9961,attack,normal,0.9530979543535208
9962,normal,normal,0.9886436805984764
9963,normal,normal,0.9210023666906827
9964,normal,normal,0.9704123754131486
9965,normal,normal,0.9878741715180999
9966,normal,normal,0.987981608326168
9967,attack,normal,0.9960308805273015
9968,attack,attack,0.0008118212519552426
9969,normal,normal,0.991248041660328
9970,attack,attack,1.1565797164752517e-07
9971,normal,normal,0.9961286286293772
9972,attack,attack,0.0015787016120992828
9973,normal,normal,0.9995271690942247
9974,normal,normal,0.9925703099880531
9975,normal,normal,0.997683304824951
9976,normal,normal,0.9893463342185951
9977,normal,normal,0.9980372826667633
9978,attack,attack,0.0019941796966749968
9979,normal,normal,0.9898740260596861
9980,normal,normal,0.997792737088947
9981,attack,attack,0.001120019958196068
9982,attack,normal,0.7864632591365653
9983,normal,normal,0.9976116222226262
9984,normal,normal,0.999579869888354
9985,normal,normal,0.9966480445009841
9986,attack,normal,0.9990550104565726
9987,normal,normal,0.9899983221827368
9988,attack,normal,0.9935274177027581
9989,attack,attack,0.01785693347416246
9990,attack,attack,0.00011704356686776024
9991,attack,normal,0.9999944175444346
9992,attack,attack,0.0039216019439925745
9993,attack,normal,0.9334221955073175
9994,attack,attack,0.03882249355857249
9995,normal,normal,0.9893501014460265
9996,normal,normal,0.9977587594549936
9997,attack,attack,0.00030475377986614204
9998,normal,normal,0.9899800936699148
9999,attack,normal,0.9999999169293134
10000,normal,attack,0.049032763461364655
10001,normal,normal,0.9970741178408232
10002,normal,attack,0.006716307975948408
10003,normal,normal,0.9842377800594936
10004,attack,normal,0.9460899713779038
10005,attack,attack,0.04412567727583658
10006,attack,normal,0.9266729954036614
10007,attack,attack,8.961570369748414e-05
10008,normal,normal,0.9815844681870363
10009,attack,attack,0.011313930050517377
10010,attack,attack,0.03654135323462068
10011,attack,normal,0.988138005137676
10012,attack,attack,0.0007690309344669274
10013,attack,attack,0.035853759764835826
10014,attack,attack,3.879266261352527e-08
10015,attack,attack,0.0021609036731044507
10016,attack,attack,2.980293678034616e-07
10017,attack,attack,0.002598555892945916
10018,normal,normal,0.9993220714568768
10019,attack,attack,0.02995474348913164
10020,attack,normal,0.9990254553397268
10021,attack,attack,7.215124805980117e-08
10022,normal,normal,0.9916096411715057
10023,normal,normal,0.9960051397203631
10024,normal,normal,0.9925009399790181
10025,attack,normal,0.7233029829606031
10026,attack,attack,0.005744425789851657
10027,normal,attack,0.003495366744213978
10028,normal,normal,0.9997094536263754
10029,attack,attack,4.007403978018472e-07
10030,normal,normal,0.9886097859375027
10031,attack,attack,0.0008554973764904872
10032,attack,normal,0.9967930987961208
10033,attack,attack,0.022491205903712903
10034,normal,normal,0.9354681377840033
10035,attack,attack,0.03242418601812599
10036,normal,normal,0.9974293206605837
10037,normal,normal,0.9924443410487552
10038,normal,normal,0.9972138198947249
10039,attack,normal,0.9984676241423527
10040,attack,attack,0.06252942261952155
10041,normal,normal,0.9956827295572618
10042,attack,attack,0.06371552500005538
10043,attack,attack,4.148274671591545e-07
10044,attack,attack,5.031634608315639e-06
10045,normal,normal,0.9524782763935882
10046,attack,attack,0.0019118782582777795
10047,normal,normal,0.9876345832117691
10048,attack,attack,9.488092170971512e-05
10049,attack,attack,0.0037510185780718136
10050,normal,normal,0.9882934642100726
10051,attack,attack,0.0008159970090485428
10052,normal,normal,0.9781570010711057
10053,normal,attack,0.11389631075634235
10054,attack,attack,0.00017424707242018437
10055,normal,normal,0.9913760808433386
10056,attack,attack,0.023456561707252226
10057,normal,normal,0.9964656877264086
10058,attack,normal,0.9999998765435151
10059,attack,attack,2.402026237683716e-07
10060,attack,attack,0.0013720904235540602
10061,attack,normal,0.9990255204740588
10062,normal,normal,0.9979206086302448
10063,normal,normal,0.997991131513161
10064,normal,normal,0.9978526449255293
10065,normal,normal,0.9981916582953205
10066,normal,normal,0.9928515027025681
10067,normal,normal,0.9965375956827784
10068,normal,normal,0.99819741111726
10069,attack,normal,0.9981661809525156
10070,attack,attack,0.0008440929788867994
10071,normal,normal,0.9974388445085076
10072,attack,attack,2.8272735334877865e-07
10073,normal,normal,0.9901482638708257
10074,normal,normal,0.9998547809331287
10075,normal,normal,0.9746297363989211
10076,attack,attack,1.7224414602748743e-08
10077,attack,normal,0.8462379587613601
10078,normal,normal,0.9937626913417562
10079,attack,attack,0.000722194750648255
10080,normal,normal,0.9902511596523692
10081,attack,normal,0.9357344595678408
10082,attack,attack,0.0015019356628566739
10083,attack,normal,0.9974554891522357
10084,attack,attack,0.0003318565756379711
10085,normal,normal,0.9878058135215726
10086,normal,normal,0.9976861276295375
10087,normal,normal,0.9861811102773842
10088,attack,attack,2.1540697481035674e-06
10089,attack,normal,0.8112302055605559
10090,normal,normal,0.9118745773512583
10091,normal,normal,0.9896631350037931
10092,normal,normal,0.9967451203017966
10093,normal,normal,0.99778854809072
10094,normal,normal,0.9616560653427769
10095,attack,attack,3.3829480649519866e-07
10096,normal,normal,0.9953345167349819
10097,attack,attack,0.09543825396610509
10098,normal,normal,0.9900921691296762
10099,attack,attack,0.00011867195616034159
10100,attack,attack,0.003102634525123687
10101,normal,normal,0.9919500456293348
10102,normal,normal,0.9982171508039296
10103,normal,normal,0.9978416278085377
10104,attack,normal,0.8011085010982604
10105,attack,attack,0.02332207731477755
10106,attack,normal,0.9999998964552986
10107,attack,normal,0.9999999702772056
10108,attack,normal,0.9967661770869697
10109,attack,normal,0.9972528191429624
10110,normal,normal,0.9828192625291802
10111,attack,attack,0.0017430841069659522
10112,normal,normal,0.9895663631912008
10113,normal,normal,0.9877638282728605
10114,normal,normal,0.9964071462324223
10115,attack,normal,0.996843711271642
10116,normal,normal,0.9867384799207781
10117,normal,normal,0.999653456335697
10118,attack,attack,0.0017568317227455498
10119,normal,normal,0.9977882940627346
10120,attack,normal,0.9978412283386362
10121,attack,attack,0.00013415217506376122
10122,attack,attack,3.4558120051866857e-07
10123,attack,attack,0.008009673905752288
10124,attack,attack,1.1068598490166165e-06
10125,attack,attack,0.0012407215884002742
10126,attack,attack,0.00018055087838398718
10127,attack,attack,3.641496808056835e-07
10128,attack,attack,0.43570499042509886
10129,normal,normal,0.9968785366962939
10130,normal,normal,0.9879498553982613
10131,attack,attack,0.00550759273618904
10132,attack,normal,0.9969744993706945
10133,normal,normal,0.9981354795167384
10134,normal,normal,0.9899992450109052
10135,attack,normal,0.8834207955044631
10136,attack,attack,0.002906172421876711
10137,normal,normal,0.9980600030584553
10138,attack,normal,0.9955404815479151
10139,normal,attack,0.005681223457887457
10140,normal,normal,0.9906091951518413
10141,normal,normal,0.9979877473564414
10142,attack,attack,0.11975001665964526
10143,attack,attack,0.0018603924792085023
10144,attack,normal,0.9985920218349332
10145,normal,normal,0.9925932470457326
10146,normal,normal,0.8967069768999709
10147,normal,normal,0.9974194137918415
10148,attack,attack,0.1454445581492002
10149,attack,normal,0.9999998165007472
10150,normal,normal,0.9862556231397992
10151,attack,normal,0.9999999086698185
10152,normal,normal,0.9976282863178556
10153,normal,normal,0.9894613734566075
10154,normal,normal,0.9817199293167171
10155,attack,attack,0.0030099588821112253
10156,normal,normal,0.9995704728835433
10157,normal,normal,0.9887944882654802
10158,attack,normal,0.9999999360568695
10159,normal,normal,0.9998773710284522
10160,normal,normal,0.995697479703966
10161,attack,normal,0.9833296655456716
10162,attack,normal,0.9960914779135976
10163,normal,normal,0.9959012707672126
10164,attack,attack,0.01195286007299995
10165,attack,attack,0.001530716613165471
10166,normal,normal,0.9908033631327586
10167,attack,normal,0.9979247504523685
10168,attack,normal,0.9987522387710344
10169,attack,attack,8.931004697133155e-05
10170,attack,attack,0.00026290825634097016
10171,normal,normal,0.9970214102960985
10172,attack,attack,3.6914650873795403e-07
10173,normal,normal,0.996225800408998
10174,attack,attack,0.31980060498477014
10175,normal,normal,0.9998868984867015
10176,normal,normal,0.7100888466687905
10177,attack,normal,0.998157484601634
10178,attack,normal,0.934567451244913
10179,attack,normal,0.6713116109956296
10180,attack,normal,0.9999986515176543
10181,normal,normal,0.9995144705301898
10182,attack,attack,0.08790811295612717
10183,attack,attack,0.0184250507397479
10184,normal,normal,0.9867371051374562
10185,normal,normal,0.9954610795763473
10186,attack,normal,0.9993767911941778
10187,normal,normal,0.9975952740780794
10188,attack,attack,0.04372160254178589
10189,normal,normal,0.995948702104228
10190,attack,attack,5.9798701140435125e-05
10191,normal,normal,0.9884192312400154
10192,attack,attack,0.0013923875863064113
10193,normal,normal,0.9971374322596745
10194,attack,normal,0.9999999387475071
10195,attack,attack,6.308727283320384e-07
10196,attack,attack,0.0004069588126477173
10197,normal,attack,4.5316164081133064e-05
10198,normal,normal,0.9955968394740833
10199,attack,attack,0.002200724404926694
10200,attack,normal,0.9999998440351358
10201,attack,normal,0.8259518825831665
10202,attack,normal,0.9931501496020448
10203,attack,attack,0.00026604409139921757
10204,normal,normal,0.9890065149712055
10205,attack,normal,0.9988781679023024
10206,attack,attack,0.002443856934177439
10207,normal,normal,0.9976720701401806
10208,attack,normal,0.9989810271940925
10209,normal,normal,0.9998449482652538
10210,normal,normal,0.9905268151610814
10211,attack,attack,1.4395801045809571e-05
10212,normal,normal,0.9561345260903444
10213,attack,attack,0.2726021564333708
10214,attack,normal,0.6856150330393641
10215,normal,normal,0.9962325881999892
10216,attack,attack,0.33540351793962553
10217,attack,attack,0.00018587858961792135
10218,attack,attack,0.0003503192410774928
10219,normal,normal,0.9970851540641559
10220,normal,normal,0.9333000825993859
10221,normal,normal,0.995520518848939
10222,attack,attack,0.00019507049278698257
10223,normal,normal,0.9896528921268488
10224,attack,attack,0.022023237200407133
10225,attack,normal,0.9987770944188769
10226,normal,normal,0.8225247989405993
10227,attack,normal,0.9376186515534473
10228,normal,normal,0.9939309478182289
10229,attack,normal,0.8660339930343218
10230,attack,normal,0.9722781327227292
10231,attack,attack,0.04082780263244488
10232,attack,normal,0.7004383781277679
10233,normal,normal,0.993410210463661
10234,normal,normal,0.9791504682275327
10235,normal,normal,0.9858024704361908
10236,attack,normal,0.9357314399312273
10237,attack,attack,0.26193297829949475
10238,normal,normal,0.9861620152101351
10239,attack,attack,0.38044456362848206
10240,normal,normal,0.9958906067029775
10241,normal,attack,0.0054106136380456665
10242,attack,attack,0.45798413367736246
10243,normal,normal,0.9965705891017649
10244,attack,attack,0.0008961472050418142
10245,attack,attack,0.0012819438821005528
10246,attack,normal,0.8510029652704425
10247,normal,normal,0.9971869719728703
10248,normal,normal,0.9979981865738288
10249,attack,attack,0.002268403353427383
10250,normal,normal,0.9934898328033895
10251,attack,attack,0.06941538684617589
10252,attack,normal,0.9896710320116837
10253,normal,normal,0.9970300312415136
10254,attack,attack,0.00019701354198603668
10255,attack,attack,9.813260858799637e-05
10256,attack,attack,0.001005215643732422
10257,attack,attack,0.00139112018355804
10258,attack,normal,0.9969657312388261
10259,normal,normal,0.9955759787746864
10260,normal,normal,0.9966381655591705
10261,normal,normal,0.9872302852223162
10262,attack,normal,0.9771395468013899
10263,normal,normal,0.9864559142410276
10264,normal,normal,0.9906890422650984
10265,attack,attack,0.015993105747799944
10266,normal,normal,0.9880988267715913
10267,normal,normal,0.9890625308387472
10268,attack,normal,0.9987962024502665
10269,normal,normal,0.9970570558214059
10270,attack,attack,0.006298196492814395
10271,normal,normal,0.9410190952452543
10272,normal,normal,0.9405167259145637
10273,attack,normal,0.5247502747118914
10274,normal,attack,0.005197366838012181
10275,attack,normal,0.8568587956936576
10276,attack,attack,0.00011054611131167336
10277,normal,normal,0.999751047132313
10278,attack,attack,0.0008345098339866075
10279,normal,normal,0.9933756863075429
10280,attack,attack,4.6102076339248785e-07
10281,attack,attack,0.4641924189622365
10282,normal,normal,0.999999937336337
10283,normal,normal,0.9892379000605532
10284,attack,attack,0.0005332667231464032
10285,attack,attack,4.891753403615868e-06
10286,attack,attack,0.0008239704422865522
10287,attack,normal,0.989925409576434
10288,normal,normal,0.9919144825901177
10289,attack,attack,0.0004905798741798963
10290,attack,attack,4.04797548128418e-08
10291,normal,normal,0.9959610021877249
10292,attack,attack,0.003008358611418079
10293,attack,attack,0.04471760414640188
10294,attack,normal,0.9330423048368114
10295,attack,attack,0.000304941468613651
10296,attack,normal,0.9953383586561687
10297,attack,normal,0.9993927706313915
10298,normal,normal,0.9977967963303989
10299,normal,normal,0.9970751217365349
10300,attack,normal,0.9891335006701977
10301,normal,normal,0.7870477142042079
10302,normal,normal,0.9979303166028383
10303,normal,normal,0.9388434871472002
10304,attack,normal,0.7840595036954027
10305,normal,attack,0.005142924068178447
10306,attack,attack,0.0012442837552558415
10307,attack,attack,0.020577853490967704
10308,normal,normal,0.9970313466429239
10309,attack,attack,0.4700966006945751
10310,normal,normal,0.995248683448448
10311,normal,normal,0.9681939297981427
10312,normal,normal,0.9964728380343874
10313,attack,attack,0.018358405715189992
10314,normal,normal,0.9907999815483185
10315,attack,attack,0.1182976147669535
10316,normal,normal,0.9945531779338236
10317,normal,normal,0.9997564086509659
10318,attack,attack,0.022746352226770197
10319,normal,normal,0.99711455777357
10320,normal,normal,0.9766568641138325
10321,normal,normal,0.9936687881358965
10322,normal,normal,0.9915228662380204
10323,attack,attack,0.05440415100735389
10324,attack,attack,0.04497705521768966
10325,attack,attack,0.0007284495528843343
10326,attack,normal,0.9868823293521206
10327,normal,normal,0.9994535140852946
10328,attack,normal,0.9988073166486644
10329,normal,normal,0.9940654557087228
10330,attack,normal,0.9994582355539695
10331,normal,normal,0.9337008820322799
10332,normal,normal,0.9900923014326781
10333,attack,normal,0.9328661376466066
10334,normal,normal,0.9899991160543806
10335,attack,attack,6.266177499076779e-07
10336,normal,attack,0.004642990486724464
10337,normal,normal,0.9979607745280404
10338,attack,attack,0.03464895801521788
10339,normal,normal,0.9990063586104664
10340,normal,normal,0.9973321656500143
10341,normal,attack,0.0034953666250545803
10342,normal,normal,0.9950363969742791
10343,attack,attack,0.03277857335161593
10344,attack,attack,0.3965000451115627
10345,attack,attack,4.669884551424153e-07
10346,attack,attack,0.0013737979318809862
10347,normal,normal,0.9936815573301575
10348,normal,normal,0.9977896999195969
10349,attack,attack,0.006763511785522119
10350,normal,normal,0.9980243511100594
10351,normal,normal,0.9996214244400722
10352,attack,attack,0.299290369749555
10353,attack,normal,0.9969571926777697
10354,attack,normal,0.9987142498492619
10355,normal,normal,0.8539639310051002
10356,attack,attack,6.252032104425471e-08
10357,normal,normal,0.9979059487457522
10358,attack,attack,0.14854691353197738
10359,normal,normal,0.9988988399129428
10360,attack,normal,0.935212041008816
10361,normal,normal,0.9972795223198625
10362,normal,normal,0.9977668375928268
10363,attack,attack,8.318510853856665e-05
10364,attack,normal,0.998777055875785
10365,attack,normal,0.9937595027239423
10366,normal,normal,0.9964828800282413
10367,normal,normal,0.9870444993782305
10368,normal,normal,0.9970585863985129
10369,attack,attack,0.003005696306087053
10370,normal,normal,0.9947820195782983
10371,attack,attack,3.221104376847626e-05
10372,normal,normal,0.9893399377001277
10373,attack,normal,0.9996014060187773
10374,attack,attack,2.581873232624035e-07
10375,normal,attack,0.005927995605797675
10376,normal,normal,0.9758237871311507
10377,normal,normal,0.9920805691579718
10378,attack,attack,0.0003218498180237428
10379,normal,normal,0.9345679330289614
10380,attack,normal,0.6493878443856161
10381,attack,attack,0.00031290955120384515
10382,normal,normal,0.9625216424626213
10383,normal,normal,0.9931572729368574
10384,attack,attack,4.748284648502607e-08
10385,normal,normal,0.6249963063421142
10386,attack,attack,0.017455720731450335
10387,attack,attack,0.0020388421753193765
10388,attack,normal,0.9354107430990332
10389,attack,attack,0.04094162202496405
10390,attack,normal,0.9961357341732401
10391,normal,normal,0.9796471834155763
10392,normal,normal,0.9689889466982113
10393,normal,normal,0.9916048331508651
10394,attack,normal,0.9987291810098475
10395,attack,attack,4.950722791414564e-06
10396,normal,normal,0.9912994491540951
10397,normal,normal,0.9562620463858056
10398,attack,normal,0.9254572311054727
10399,normal,normal,0.9965083643250164
10400,attack,attack,0.008553145183106963
10401,attack,attack,4.2046238643716325e-07
10402,normal,normal,0.99778330395908
10403,attack,attack,0.0034270004083570864
10404,normal,normal,0.9958225998450162
10405,normal,normal,0.9962695279866534
10406,attack,attack,0.014490950352036853
10407,normal,normal,0.8644226456545112
10408,normal,normal,0.9360440376183679
10409,normal,normal,0.9950057437475347
10410,attack,attack,3.6918141629521727e-07
10411,normal,normal,0.9893506590742995
10412,attack,normal,0.9999999353656188
10413,normal,normal,0.9973226172580597
10414,attack,normal,0.9957826512930378
10415,normal,normal,0.9963647426290483
10416,normal,normal,0.9978722381248105
10417,normal,normal,0.9979487223915448
10418,attack,attack,5.3933443383981604e-08
10419,normal,normal,0.9925315989930663
10420,attack,attack,1.4805042329162792e-07
10421,normal,normal,0.992540399295238
10422,normal,attack,0.0037505918442747913
10423,normal,normal,0.9960664697543369
10424,normal,normal,0.9323777094444422
10425,normal,normal,0.9871548361799478
10426,attack,normal,0.9990543149976099
10427,attack,attack,0.00883479009660512
10428,normal,normal,0.9994898712069987
10429,normal,normal,0.9922433114963426
10430,attack,normal,0.9454179799426863
10431,normal,normal,0.9969648668162429
10432,attack,normal,0.9987290259095629
10433,normal,normal,0.9898462675017972
10434,normal,attack,0.005410615585022647
10435,normal,normal,0.9868274260379766
10436,attack,attack,0.009470953469419827
10437,attack,attack,0.0013074772861661923
10438,normal,normal,0.995981323547748
10439,attack,attack,0.48536829003952553
10440,attack,normal,0.9999980114137107
10441,attack,normal,0.9335250377503875
10442,normal,normal,0.9013046729623795
10443,normal,normal,0.9933573443580699
10444,attack,normal,0.9987524943422594
10445,normal,normal,0.9968505546456474
10446,normal,normal,0.9976521328289548
10447,normal,attack,0.01050630849949501
10448,attack,normal,0.9936676627643356
10449,normal,normal,0.9979172749466417
10450,attack,normal,0.9987576691669424
10451,normal,normal,0.9996002974493773
10452,attack,attack,0.0008648502850213149
10453,normal,normal,0.9872630914128443
10454,normal,normal,0.9978247098867312
10455,normal,normal,0.9901034271546686
10456,normal,normal,0.9931831623377544
10457,normal,attack,0.0050034801207340975
10458,normal,normal,0.9862839419689596
10459,normal,normal,0.9998516241148582
10460,normal,normal,0.9847457909766043
10461,normal,normal,0.9991496726550843
10462,attack,attack,9.551694212525219e-08
10463,normal,normal,0.9974153979844644
10464,normal,normal,0.9977915700029879
10465,normal,normal,0.9906566012255319
10466,normal,normal,0.9961336792293443
10467,attack,normal,0.9999960673665003
10468,attack,normal,0.9999999713853206
10469,attack,attack,0.0011693362285655766
10470,attack,attack,5.012876388371033e-07
10471,attack,attack,5.373623197444623e-07
10472,attack,normal,0.9973113311844037
10473,attack,normal,0.9758347571961729
10474,attack,attack,3.620131795272372e-08
10475,attack,attack,0.0001633861605669037
10476,attack,normal,0.6588762986768587
10477,normal,normal,0.9974106542771596
10478,attack,attack,0.22335858637658015
10479,attack,attack,2.029309170139306e-06
10480,normal,normal,0.989892062628572
10481,normal,normal,0.9923960838962784
10482,attack,attack,0.010074386370796908
10483,attack,normal,0.9999999241650275
10484,normal,normal,0.9908176793897965
10485,attack,normal,0.9981495389377598
10486,attack,normal,0.9971497891821487
10487,normal,normal,0.9950831371752362
10488,normal,normal,0.9905092150460415
10489,attack,attack,0.00127950759015614
10490,normal,normal,0.9978538046583005
10491,normal,normal,0.9911443067162652
10492,attack,attack,0.03096960529247243
10493,normal,normal,0.9923689721858466
10494,attack,attack,0.0008186442640133381
10495,normal,normal,0.9915771739650251
10496,attack,attack,0.04800243756399226
10497,normal,normal,0.9996892811201115
10498,attack,attack,0.00013630571784459955
10499,attack,attack,1.272055096402449e-06
10500,normal,normal,0.9998740791651377
10501,attack,attack,5.107355014188986e-05
10502,attack,attack,0.00037977535694936937
10503,normal,normal,0.9970170059041344
10504,attack,attack,0.001455090610584764
10505,normal,normal,0.999404478847564
10506,normal,normal,0.9968413716716186
10507,normal,normal,0.9997854705281738
10508,attack,attack,0.0003475388195227264
10509,normal,normal,0.998049623998533
10510,attack,attack,4.73213917543965e-08
10511,normal,normal,0.9860582870931389
10512,attack,attack,0.04370502112572922
10513,attack,attack,0.0002958427768350447
10514,attack,normal,0.9988946942679452
10515,attack,attack,0.00020130722320436454
10516,normal,normal,0.9996968629407468
10517,attack,normal,0.909406615677088
10518,normal,normal,0.9963667840214988
10519,normal,normal,0.9979943024044466
10520,attack,attack,0.0024015375382627434
10521,normal,normal,0.996567738067879
10522,attack,attack,2.5744664097157014e-07
10523,normal,normal,0.9394506753895423
10524,normal,normal,0.9878554336908992
10525,attack,attack,5.791938468462947e-05
10526,normal,normal,0.9884076877187236
10527,attack,normal,0.8135090761036227
10528,attack,normal,0.9959689250969906
10529,attack,normal,0.8347955187780234
10530,normal,normal,0.9863499683233702
10531,attack,attack,0.01494821537002864
10532,attack,attack,5.407609264810298e-07
10533,normal,normal,0.9957382488422737
10534,attack,attack,0.00015401014392206534
10535,normal,normal,0.9980621488373964
10536,normal,normal,0.9904123386317124
10537,normal,normal,0.9622571716681061
10538,normal,normal,0.9922538101204881
10539,attack,attack,1.0435684053249999e-05
10540,normal,normal,0.986237155325094
10541,normal,normal,0.9970785406937086
10542,attack,attack,4.2879548972027486e-07
10543,normal,normal,0.9865831106269457
10544,normal,normal,0.9949120900957573
10545,attack,normal,0.9354681377840033
10546,attack,attack,0.0008080437552314021
10547,normal,normal,0.9977933585669985
10548,normal,normal,0.9972129291532487
10549,normal,attack,0.0060400294024221205
10550,attack,attack,0.020015500290517307
10551,attack,attack,0.040363125126950304
10552,normal,normal,0.9927775906191676
10553,normal,normal,0.9905587734597437
10554,normal,normal,0.9904061468196386
10555,attack,normal,0.9975840879446288
10556,attack,normal,0.9988087483153011
10557,attack,attack,0.0007834296457568197
10558,normal,normal,0.9886557815620086
10559,normal,normal,0.9977884255325101
10560,attack,attack,0.04786286117821714
10561,normal,normal,0.9969572243097239
10562,attack,attack,0.001258521375259625
10563,normal,normal,0.9968542928932803
10564,attack,attack,4.314170874805439e-06
10565,normal,normal,0.997597081929135
10566,normal,normal,0.9893498203401462
10567,normal,normal,0.9929293995459118
10568,normal,normal,0.9971606521107248
10569,attack,normal,0.9989845491382985
10570,attack,attack,0.0021475117758564485
10571,normal,normal,0.993262161044979
10572,attack,normal,0.5624286208063854
10573,normal,normal,0.9995470060413838
10574,attack,attack,0.0009241766529713895
10575,attack,attack,0.0018447809045417049
10576,attack,normal,0.9973859764109413
10577,normal,normal,0.9889253484174679
10578,attack,normal,0.9323814819855109
10579,attack,normal,0.9986086956667194
10580,normal,normal,0.9971118010963287
10581,normal,normal,0.9907078465958497
10582,attack,attack,0.0001887599563237263
10583,attack,attack,6.01177342300774e-06
10584,normal,normal,0.9970420017591142
10585,attack,attack,0.010278590518028301
10586,attack,attack,0.0487397119877879
10587,attack,attack,0.02446977354158787
10588,attack,normal,0.9923285664636637
10589,normal,normal,0.9944914738803395
10590,normal,normal,0.9970803346762069
10591,attack,attack,6.131429454392021e-07
10592,attack,normal,0.9953490425634353
10593,attack,normal,0.9588010404752243
10594,attack,attack,1.7961805273710418e-08
10595,normal,normal,0.9932151057016624
10596,normal,normal,0.9998327760749037
10597,normal,normal,0.9892379433709745
10598,normal,normal,0.9976768940623533
10599,attack,attack,0.0003153336913876077
10600,attack,attack,6.059729457927848e-08
10601,attack,attack,0.0021853647587420032
10602,attack,normal,0.9996380767890765
10603,normal,normal,0.9892377429638186
10604,normal,normal,0.9974137925870376
10605,attack,normal,0.9926114554401417
10606,normal,normal,0.9977535887827215
10607,attack,attack,0.001326469149655142
10608,attack,normal,0.9864808423067104
10609,normal,normal,0.9862825741272755
10610,attack,normal,0.9986705307897972
10611,attack,normal,0.8991970977129724
10612,normal,attack,0.1385060557743353
10613,normal,normal,0.9894462036242055
10614,normal,normal,0.9874076843172657
10615,attack,attack,0.01902532132211077
10616,attack,attack,6.950764939493007e-05
10617,attack,normal,0.8933575656100243
10618,normal,normal,0.9920317166435513
10619,attack,attack,0.00020038710529182688
10620,attack,attack,0.0008239704422865522
10621,normal,attack,3.017836199920033e-08
10622,attack,normal,0.8226660267866832
10623,attack,attack,0.00045994183856034086
10624,attack,attack,0.002146876481983681
10625,attack,normal,0.9931202042240892
10626,attack,normal,0.9979212320417301
10627,normal,normal,0.9974514041970369
10628,normal,normal,0.6081360609448142
10629,attack,attack,0.0014271616027149655
10630,normal,normal,0.9950829323979544
10631,attack,attack,0.022273687488315642
10632,attack,attack,0.040585935382961645
10633,normal,normal,0.9996673625004167
10634,normal,normal,0.9870571003299146
10635,normal,normal,0.9998015168282209
10636,attack,attack,3.443673545904481e-08
10637,attack,attack,6.605024322296139e-05
10638,attack,attack,0.0013167671640564327
10639,attack,normal,0.9815544555874239
10640,normal,normal,0.9980731267434868
10641,attack,attack,0.002847609801682667
10642,attack,attack,4.1671301863805533e-07
10643,normal,normal,0.996736523455277
10644,attack,normal,0.8255025281935156
10645,attack,attack,0.0015743214453529252
10646,attack,normal,0.9386119970973668
10647,normal,normal,0.9974981129223968
10648,attack,attack,0.00014716164791952563
10649,attack,attack,9.802560787624629e-08
10650,attack,normal,0.9974306536483639
10651,attack,attack,0.0010226148809288891
10652,normal,normal,0.9908282953770824
10653,attack,normal,0.9975651197888691
10654,normal,normal,0.9975095667478793
10655,normal,attack,0.4548060067166419
10656,normal,normal,0.9288730034956154
10657,attack,attack,0.06359456659409755
10658,normal,attack,0.003734756273996048
10659,normal,normal,0.9977422887095639
10660,normal,normal,0.987226911316188
10661,normal,normal,0.9903080049053117
10662,attack,attack,6.074893986386111e-08
10663,attack,attack,0.09747085209830975
10664,attack,attack,0.012018436797686322
10665,normal,normal,0.9945020328266521
10666,attack,normal,0.6950048528765064
10667,normal,normal,0.9933645884608738
10668,attack,normal,0.933380793813461
10669,normal,normal,0.9899887681674193
10670,normal,normal,0.989570561644531
10671,normal,attack,0.05470572931949377
10672,attack,attack,0.030327557773385697
10673,normal,normal,0.985440126225681
10674,normal,normal,0.9998154897202446
10675,attack,normal,0.9896908470158321
10676,normal,normal,0.9977640282796167
10677,normal,normal,0.9812699582430946
10678,normal,normal,0.9569356006705337
10679,normal,normal,0.9986673014427536
10680,attack,attack,2.699798629605578e-06
10681,attack,attack,0.0008617440884815078
10682,attack,attack,0.01064335514585266
10683,normal,normal,0.9977796716721566
10684,attack,attack,0.002385840578690267
10685,attack,attack,0.00044978891038113724
10686,attack,attack,0.013933869262872387
10687,attack,attack,0.20644343856805214
10688,attack,attack,0.015691665354297047
10689,normal,normal,0.9923785689201096
10690,attack,normal,0.9990254705132335
10691,normal,normal,0.9884723506489468
10692,normal,normal,0.868731074937539
10693,normal,normal,0.9971212714819067
10694,attack,attack,0.009387380309841828
10695,normal,normal,0.9871362435531457
10696,attack,normal,0.6542025059276362
10697,normal,normal,0.9871420143178421
10698,attack,attack,5.6074923992582e-07
10699,normal,normal,0.9895710187913099
10700,attack,attack,0.18237321480925484
10701,normal,normal,0.9903740379311005
10702,attack,attack,0.0019087911987193914
10703,normal,normal,0.9919765930165261
10704,attack,attack,0.0008381591128875084
10705,attack,attack,0.001517619373263943
10706,normal,normal,0.9865484848546912
10707,attack,attack,0.0022552597094777707
10708,attack,attack,0.005570879681914418
10709,normal,normal,0.9981107743784489
10710,attack,attack,3.611691787476701e-08
10711,attack,attack,7.795912851732196e-05
10712,attack,attack,0.009232219660861768
10713,normal,normal,0.9873733854770598
10714,normal,attack,0.0035699238886102843
10715,normal,attack,0.0021634366171219793
10716,attack,attack,0.3799086376016878
10717,attack,attack,1.088338652459871e-08
10718,attack,attack,0.05949566066311608
10719,attack,attack,8.334489998625732e-07
10720,normal,normal,0.9980130275969301
10721,attack,attack,1.4446037629884707e-06
10722,normal,normal,0.9958426951856103
10723,normal,attack,0.016785878034826555
10724,normal,normal,0.9867276933980724
10725,attack,attack,1.2592376888503645e-07
10726,attack,normal,0.9990399272808324
10727,attack,attack,1.8434526698732054e-07
10728,normal,normal,0.9904390461118848
10729,normal,normal,0.9765979480371704
10730,normal,normal,0.9998666859444705
10731,attack,attack,0.0020351735704990065
10732,attack,attack,0.0010361019593019742
10733,normal,normal,0.9954106649663619
10734,normal,normal,0.9956216441513168
10735,normal,normal,0.9970969323227319
10736,attack,normal,0.9903423272719488
10737,attack,normal,0.9987451431676557
10738,normal,normal,0.9899038030769435
10739,attack,attack,0.0005178498360909464
10740,attack,attack,0.008947300961615624
10741,normal,normal,0.9927082276331936
10742,attack,normal,0.9153397561694665
10743,normal,normal,0.9934917955790378
10744,attack,normal,0.9989596769152294
10745,attack,normal,0.9779958279148014
10746,normal,normal,0.8099914423710495
10747,attack,attack,0.00031336889876007516
10748,attack,attack,0.00018015129517896545
10749,normal,normal,0.9934520452430324
10750,attack,attack,0.00019571683117272352
10751,normal,normal,0.9079763959286155
10752,normal,normal,0.9967680465621799
10753,attack,normal,0.9976913337093921
10754,attack,attack,0.007634654509497991
10755,normal,normal,0.9969741809361877
10756,normal,attack,0.1329448538909861
10757,attack,normal,0.9985558313268968
10758,attack,attack,0.00147412515027286
10759,normal,normal,0.9935493294408732
10760,attack,normal,0.9974684501503781
10761,normal,normal,0.9901580279704683
10762,attack,normal,0.9733530006491959
10763,normal,normal,0.9899887688455352
10764,attack,normal,0.692266830360677
10765,normal,normal,0.9484510045719359
10766,attack,normal,0.9994371458303128
10767,normal,normal,0.9881114168803011
10768,attack,normal,0.9999999711852724
10769,normal,normal,0.9941626307708642
10770,attack,normal,0.9936230368091403
10771,normal,normal,0.9506690661617051
10772,attack,normal,0.5789502248149127
10773,attack,attack,2.400461316191192e-07
10774,attack,attack,0.014187806395442213
10775,normal,normal,0.9998383776603644
10776,attack,attack,0.0017702936215437265
10777,normal,normal,0.9977858895982044
10778,normal,normal,0.981082203946374
10779,attack,normal,0.9364835523619707
10780,normal,normal,0.9952588090364317
10781,normal,normal,0.990829381931321
10782,normal,normal,0.9973595497269153
10783,normal,normal,0.9880486243682243
10784,normal,normal,0.9979102327857108
10785,attack,attack,0.1584553118471025
10786,attack,normal,0.8666727168659245
10787,normal,normal,0.9874370622253763
10788,attack,attack,0.001886590059221976
10789,attack,attack,2.1641213896107295e-06
10790,attack,attack,0.0012327871549816705
10791,normal,normal,0.996015762877772
10792,attack,normal,0.8837320716664038
10793,normal,normal,0.9882311361206502
10794,normal,normal,0.9980460118177544
10795,attack,normal,0.9999999125113427
10796,normal,normal,0.9852044924834783
10797,normal,normal,0.9996617741754374
10798,attack,attack,1.9096991631050357e-07
10799,attack,attack,4.470015961149833e-05
10800,attack,attack,0.001147466377631737
10801,attack,attack,0.060015317853190704
10802,attack,attack,0.00041316940515515196
10803,normal,normal,0.9906389235912466
10804,attack,attack,0.00010885255893953059
10805,normal,normal,0.9905056519059198
10806,attack,attack,0.06621712225715595
10807,attack,normal,0.9999999703976941
10808,normal,normal,0.9998168428258222
10809,attack,attack,0.002586198807931319
10810,normal,normal,0.9932139538760297
10811,attack,normal,0.9989801208495982
10812,attack,normal,0.9849525879067345
10813,attack,normal,0.9984395796319364
10814,normal,normal,0.9920063763972126
10815,normal,normal,0.9868407546324394
10816,normal,normal,0.9968140129314471
10817,normal,attack,0.3764330171224692
10818,attack,attack,8.2227994246727e-08
10819,normal,normal,0.9892931014233297
10820,attack,attack,0.0008926430875509751
10821,attack,attack,0.0351039880784709
10822,normal,normal,0.973661092776915
10823,attack,attack,0.006036995821515402
10824,attack,normal,0.9985888849565348
10825,attack,attack,0.015979115374009426
10826,attack,attack,0.0002500745914472767
10827,normal,attack,0.31919238314321224
10828,normal,normal,0.9972700960912123
10829,attack,attack,6.942212940040692e-07
10830,normal,normal,0.9965000444650616
10831,normal,normal,0.986773242713212
10832,attack,normal,0.9486193035090761
10833,attack,attack,0.032443590008040986
10834,attack,normal,0.9975808169575306
10835,normal,normal,0.9864272888625567
10836,attack,attack,0.0003639572764548632
10837,normal,normal,0.991592102140709
10838,attack,attack,0.010394217566046735
10839,normal,normal,0.9953914820684854
10840,attack,attack,0.05201232479472729
10841,normal,normal,0.9888542409045042
10842,attack,normal,0.9988174352507019
10843,attack,normal,0.9974090506078405
10844,normal,normal,0.9968293726852486
10845,attack,attack,0.00037026982831103576
10846,attack,attack,0.00016624705558878982
10847,attack,normal,0.9989993280185345
10848,attack,normal,0.9532237888166132
10849,normal,normal,0.9865705630978803
10850,attack,attack,4.954607719765681e-07
10851,normal,normal,0.999041503304607
10852,attack,attack,0.0012038269756785651
10853,normal,normal,0.9987467055527514
10854,normal,normal,0.9894382313496796
10855,normal,normal,0.9950181356252762
10856,attack,normal,0.9366227373311136
10857,normal,normal,0.9448778961081973
10858,attack,attack,2.510414195280655e-07
10859,normal,normal,0.9899995357213182
10860,attack,normal,0.9984600771022334
10861,attack,normal,0.9900341387973545
10862,normal,normal,0.9876165890488221
10863,normal,normal,0.997031874994707
10864,attack,normal,0.9223314801841754
10865,normal,normal,0.9945742806703428
10866,attack,normal,0.9985805520206233
10867,normal,normal,0.9969758891892173
10868,normal,attack,0.017139022422868105
10869,normal,normal,0.9909010266448477
10870,normal,normal,0.5778808258015141
10871,attack,normal,0.9999999215146665
10872,attack,attack,0.00015755022003155903
10873,normal,attack,0.005438391111654389
10874,normal,normal,0.9873827709469315
10875,normal,normal,0.9981420238552049
10876,normal,normal,0.6384983449692403
10877,attack,attack,0.00012830751774028815
10878,attack,normal,0.9999999218697969
10879,normal,normal,0.9894672315034442
10880,normal,normal,0.9899974471906581
10881,attack,normal,0.9999999253498382
10882,normal,normal,0.9969953049020273
10883,normal,normal,0.9730037143002357
10884,attack,attack,0.0011864709325984896
10885,attack,normal,0.7073679449052331
10886,attack,attack,0.012622853108862731
10887,attack,normal,0.9910456287527986
10888,attack,attack,0.0014675896942793708
10889,normal,normal,0.9893252326345874
10890,normal,normal,0.9940759454295787
10891,attack,normal,0.9973884145225276
10892,attack,normal,0.998786032659585
10893,attack,normal,0.9952968939681355
10894,attack,attack,0.0027283186557234347
10895,attack,attack,5.993649318802436e-08
10896,normal,normal,0.9977738544052757
10897,attack,attack,3.226120158800059e-07
10898,normal,normal,0.9980873799801033
10899,normal,attack,0.017000033428569396
10900,attack,attack,0.36119569625585557
10901,attack,attack,0.03783580648218335
10902,normal,normal,0.9893016754748062
10903,attack,attack,2.5989647915451435e-06
10904,normal,normal,0.9901507339940298
10905,normal,attack,0.004489422113242958
10906,attack,normal,0.6869300269954574
10907,normal,normal,0.9977999430874044
10908,attack,normal,0.9987335183925669
10909,attack,attack,0.001224405626328583
10910,normal,normal,0.996758076475187
10911,attack,normal,0.9063011645475341
10912,attack,attack,2.0015268715312795e-05
10913,attack,attack,0.0005162827111926714
10914,normal,normal,0.9889553349053548
10915,attack,attack,1.588884781225874e-07
10916,normal,normal,0.9980174958950498
10917,normal,normal,0.9924964353822506
10918,attack,normal,0.991922163404526
10919,attack,attack,6.03676779679729e-05
10920,normal,normal,0.9977594436534244
10921,attack,attack,0.005324254696287427
10922,normal,normal,0.9788972673308075
10923,attack,attack,0.017505484866054244
10924,attack,attack,0.00015110224389385093
10925,attack,attack,0.014392887753023035
10926,normal,normal,0.9977536518960822
10927,normal,attack,0.004846462114160554
10928,normal,normal,0.9979339233150897
10929,normal,normal,0.9964569699428979
10930,attack,normal,0.9753879363246574
10931,normal,normal,0.9967924951351661
10932,attack,attack,9.512984149428712e-08
10933,normal,normal,0.9970979161284785
10934,normal,normal,0.8990847188650313
10935,normal,attack,0.42545912003407915
10936,attack,normal,0.9797269612872557
10937,attack,attack,0.0016875826472126172
10938,normal,normal,0.9994707332260389
10939,attack,attack,0.051302035637010676
10940,normal,normal,0.9975690650565711
10941,attack,attack,0.00015799802648206672
10942,normal,normal,0.9997733837827277
10943,normal,normal,0.9750639010842922
10944,attack,normal,0.99891222912416
10945,normal,normal,0.9941930446737892
10946,normal,normal,0.9999715213009934
10947,normal,normal,0.997602268645505
10948,attack,attack,0.044453907988604796
10949,attack,attack,9.13813401229435e-05
10950,attack,attack,9.792850847997521e-05
10951,normal,normal,0.9877338362918676
10952,attack,attack,4.07889668593889e-06
10953,normal,normal,0.9934374407322917
10954,attack,normal,0.882544360267598
10955,attack,attack,0.001993743560492293
10956,attack,normal,0.9987713879112876
10957,normal,normal,0.9976767360639196
10958,attack,attack,0.12227024982739879
10959,attack,normal,0.9966806399855024
10960,attack,attack,4.722081634384769e-09
10961,attack,normal,0.9937687783500436
10962,normal,normal,0.992231133644272
10963,attack,normal,0.9962492113943869
10964,attack,normal,0.7085317762172435
10965,normal,attack,0.0025547304119783332
10966,normal,normal,0.9997808795362841
10967,attack,attack,1.4931096087289151e-06
10968,normal,normal,0.9994286060567419
10969,attack,attack,1.4213298576303277e-06
10970,attack,normal,0.999999971385484
10971,normal,normal,0.9972917412778732
10972,normal,normal,0.9845752270846588
10973,attack,attack,0.00026923038830908565
10974,attack,normal,0.5396143889857906
10975,normal,normal,0.9854492841068376
10976,attack,normal,0.7960806082862927
10977,attack,normal,0.9354107389652387
10978,normal,normal,0.9966968754570475
10979,normal,normal,0.9960423151236576
10980,normal,normal,0.9998237148199228
10981,attack,attack,0.0011919651983893715
10982,normal,normal,0.9976195946629584
10983,attack,normal,0.9995616812212916
10984,attack,normal,0.9345674679808738
10985,normal,normal,0.9872749892313335
10986,attack,attack,0.3849028719371437
10987,normal,normal,0.9979883787397757
10988,attack,attack,0.15426261794146942
10989,attack,attack,0.003112827107583001
10990,attack,normal,0.8100170935484026
10991,normal,normal,0.9977533519509225
10992,attack,attack,0.09072037176695692
10993,normal,normal,0.9877933043071204
10994,attack,attack,0.0005771276138814772
10995,attack,attack,0.002626225839377288
10996,attack,normal,0.9999999999999973
10997,attack,attack,0.00018722817192808703
10998,normal,normal,0.9806903659335353
10999,attack,normal,0.9988110899760617
11000,attack,attack,0.25460506095181007
11001,normal,normal,0.9729547797984993
11002,attack,attack,0.4652759985655981
11003,normal,normal,0.9971819499782427
11004,attack,normal,0.9955260145185639
11005,attack,attack,0.017463135113003906
11006,normal,normal,0.9980737067924143
11007,attack,normal,0.7527210157268636
11008,attack,normal,0.9968727290932704
11009,normal,attack,0.001617887309990295
11010,attack,normal,0.9999998968916775
11011,attack,normal,0.720628920775608
11012,attack,normal,0.9006986702688986
11013,attack,normal,0.9988435859322328
11014,normal,normal,0.9880445585755481
11015,normal,normal,0.9962984551342725
11016,normal,attack,0.006532726893498138
11017,normal,normal,0.996621273564091
11018,attack,attack,0.00012392515542138533
11019,attack,normal,0.9778318168890499
11020,normal,normal,0.7724136294945583
11021,attack,normal,0.7140430548415698
11022,attack,normal,0.9912903136787776
11023,attack,normal,0.9781905429321912
11024,normal,normal,0.9978054779605289
11025,normal,normal,0.9948242011809912
11026,normal,attack,0.00541062466161857
11027,attack,attack,0.0012001412656788924
11028,attack,attack,0.001676491705843205
11029,normal,normal,0.7712728280333556
11030,attack,normal,0.9359912345741306
11031,normal,normal,0.9979665044501405
11032,normal,attack,0.0034953622486344205
11033,attack,attack,2.9335709902598284e-05
11034,attack,attack,0.000132645672632402
11035,normal,normal,0.9965389540477254
11036,attack,normal,0.9059032748011593
11037,normal,normal,0.9897902002192194
11038,normal,normal,0.9973631833059907
11039,attack,normal,0.999999971084315
11040,normal,normal,0.9871406681358686
11041,attack,normal,0.9459247985693661
11042,attack,attack,0.00031337545393641397
11043,attack,attack,5.148885481565398e-07
11044,normal,normal,0.9969278930094811
11045,attack,normal,0.9956831764674675
11046,attack,normal,0.9443379544364289
11047,attack,attack,3.0665130753144956e-06
11048,normal,normal,0.9974639336445442
11049,normal,normal,0.9978860880624569
11050,attack,attack,1.9170468676000158e-05
11051,attack,attack,0.0237352514010155
11052,normal,normal,0.995942081561877
11053,attack,normal,0.9996130987422238
11054,normal,normal,0.9899951256686682
11055,attack,normal,0.998719107305574
11056,attack,attack,0.0009670804048799274
11057,attack,attack,0.001042799620003353
11058,attack,attack,0.06296291742731303
11059,attack,attack,0.003668127599826687
11060,attack,attack,0.13104004178857231
11061,attack,attack,0.004802585094170931
11062,attack,attack,0.0097153695620123
11063,normal,normal,0.9936169866442354
11064,attack,attack,4.985515448797469e-07
11065,normal,normal,0.9977598780329835
11066,attack,attack,0.0019420300218134727
11067,attack,normal,0.9999997368776001
11068,normal,normal,0.9907961587144205
11069,attack,normal,0.9425188596954017
11070,normal,normal,0.9437001987366808
11071,normal,normal,0.9879896069163393
11072,attack,attack,0.00013018254786751655
11073,normal,normal,0.9864967905051142
11074,normal,normal,0.9921254967361709
11075,normal,normal,0.984155917264778
11076,attack,normal,0.9999981121812569
11077,normal,normal,0.6386629311131767
11078,normal,normal,0.9871019515409533
11079,attack,normal,0.9999999252795344
11080,attack,normal,0.9995671742457777
11081,attack,attack,0.0349844586890557
11082,normal,normal,0.9964896668792872
11083,attack,normal,0.9960958577400534
11084,attack,attack,0.0019001715079335387
11085,attack,attack,0.0007991500166602442
11086,attack,normal,0.9974442141865857
11087,attack,normal,0.9951497641994569
11088,attack,normal,0.9973463829274064
11089,normal,normal,0.9970139853369239
11090,normal,normal,0.9896797290921954
11091,normal,normal,0.9669877861195046
11092,attack,normal,0.8378673953349106
11093,normal,normal,0.9632422630602184
11094,attack,attack,1.1509956836941159e-05
11095,normal,normal,0.9908999134276956
11096,normal,normal,0.9901837799202954
11097,attack,attack,0.0014335628788682895
11098,attack,normal,0.9999985166828294
11099,attack,normal,0.9935205694598743
11100,normal,normal,0.9976007119149185
11101,attack,normal,0.9987860325766255
11102,normal,normal,0.9877009528066283
11103,attack,attack,0.0022870023890196175
11104,attack,attack,0.02664872465109106
11105,attack,attack,5.594605737176907e-08
11106,attack,normal,0.9975446943180335
11107,normal,normal,0.9964966448838015
11108,attack,attack,0.0028388349753200293
11109,attack,attack,0.02038320809209906
11110,normal,normal,0.9904066508977413
11111,attack,attack,6.194824911878381e-05
11112,normal,normal,0.9962429757727989
11113,attack,attack,0.007958804994063004
11114,attack,attack,0.00011931210788934917
11115,normal,normal,0.9479061871365748
11116,normal,normal,0.9873214778527599
11117,normal,normal,0.9899446978620015
11118,normal,normal,0.9970454121678874
11119,attack,attack,3.839560406690113e-06
11120,normal,normal,0.9972996125812913
11121,attack,normal,0.9904549289299587
11122,normal,normal,0.9951502667848676
11123,attack,normal,0.8101044094258607
11124,attack,attack,0.0007459595068632675
11125,attack,attack,1.0097161469330233e-07
11126,attack,attack,0.4389762828073719
11127,normal,normal,0.9981105757535509
11128,normal,normal,0.9904545179390409
11129,normal,normal,0.9988477482617121
11130,attack,normal,0.9354733450428504
11131,attack,attack,0.013086949318360361
11132,attack,attack,0.0020605670342594123
11133,normal,normal,0.9863260658548395
11134,normal,normal,0.9997635814489917
11135,attack,normal,0.9976805921060078
11136,attack,attack,0.0048396316871187174
11137,attack,attack,0.001829199631312189
11138,normal,normal,0.9880274626150886
11139,attack,normal,0.9999999704443088
11140,normal,normal,0.9992621054046092
11141,normal,normal,0.9974049486432852
11142,attack,normal,0.9865669101527897
11143,attack,normal,0.9340362505906586
11144,attack,attack,0.0005737193202882951
11145,normal,attack,0.17815578694706038
11146,normal,normal,0.9967788231119854
11147,attack,attack,0.0014599283546771113
11148,attack,normal,0.994908060353729
11149,normal,normal,0.9701725120733797
11150,attack,normal,0.9372449536005716
11151,attack,attack,0.0011322347369865538
11152,attack,normal,0.9813320772561767
11153,normal,normal,0.9974673242090133
11154,attack,normal,0.9944435676139459
11155,normal,attack,0.016526504789876634
11156,normal,normal,0.9973381078116818
11157,attack,attack,0.0002526290755128638
11158,attack,normal,0.9989757574108514
11159,attack,attack,0.005010790017458593
11160,attack,normal,0.6712029080972702
11161,normal,normal,0.9872422008626824
11162,attack,normal,0.9987191071305199
11163,attack,attack,0.000124968301464969
11164,attack,normal,0.9287984906659056
11165,normal,normal,0.9933813278862301
11166,normal,normal,0.9907560438162808
11167,attack,attack,0.0003120591567098017
11168,attack,normal,0.9360475918481307
11169,normal,normal,0.995499301555785
11170,attack,attack,0.0018457642807961283
11171,attack,attack,0.0009039247360173434
11172,normal,normal,0.9995802646576204
11173,attack,normal,0.8381014700281366
11174,normal,normal,0.9974104065328931
11175,attack,normal,0.9987950702321273
11176,normal,normal,0.9964812932798568
11177,attack,normal,0.9976856002542892
11178,normal,normal,0.9986258686004876
11179,attack,attack,0.0001282876725570151
11180,attack,attack,0.020670183692477914
11181,attack,attack,0.014911329256238285
11182,normal,normal,0.9890602436047402
11183,normal,normal,0.9902824445526918
11184,attack,attack,1.591743646691283e-05
11185,attack,attack,3.8415682122021044e-07
11186,attack,attack,0.0011571274616231238
11187,attack,normal,0.9988949826882414
11188,normal,normal,0.9997100032955978
11189,normal,normal,0.9960294125758028
11190,attack,attack,0.0018357344975028682
11191,attack,attack,0.024442129661429116
11192,normal,normal,0.9978934050670616
11193,attack,normal,0.9323221103148349
11194,attack,attack,0.0431335331201324
11195,normal,normal,0.9790773142806378
11196,normal,normal,0.9969683441780415
11197,normal,normal,0.9976383720755535
11198,attack,attack,0.002180216064509056
11199,normal,normal,0.9872714346531585
11200,attack,normal,0.9976202043596194
11201,attack,attack,0.0014649501311964884
11202,attack,normal,0.9999995533848242
11203,attack,attack,1.5450675768050075e-05
11204,attack,normal,0.8454162517186578
11205,attack,attack,1.0347678014425869e-07
11206,normal,normal,0.9880936721485146
11207,normal,normal,0.9858100715200814
11208,attack,attack,1.68518825319346e-08
11209,attack,attack,0.0007634927946886902
11210,normal,normal,0.9906018429748144
11211,normal,normal,0.9888867476943465
11212,normal,normal,0.9946894717263396
11213,attack,normal,0.7166411262575171
11214,attack,normal,0.9645918134798492
11215,normal,normal,0.9903090205607811
11216,normal,normal,0.9366191914235225
11217,normal,normal,0.9948144630328959
11218,attack,normal,0.9918815084437086
11219,attack,attack,0.0344323616080538
11220,attack,normal,0.999999972692368
11221,attack,attack,2.0875449674427874e-06
11222,attack,attack,0.05647392467387191
11223,attack,normal,0.9999999361178972
11224,normal,normal,0.997675121200048
11225,attack,normal,0.6959920499120612
11226,normal,normal,0.9906937615476643
11227,normal,normal,0.9973668411744637
11228,attack,attack,0.0003815619240220716
11229,attack,attack,0.0060334840383553376
11230,attack,attack,0.0003560460491079868
11231,normal,attack,0.003821378382643197
11232,attack,normal,0.9999994999557831
11233,attack,attack,0.0359913809101017
11234,attack,attack,0.0324416303883723
11235,attack,attack,5.167441917195948e-08
11236,attack,attack,1.6910115758792697e-06
11237,normal,normal,0.9814804537314442
11238,normal,normal,0.9975549597667728
11239,normal,normal,0.9953275643441227
11240,attack,normal,0.9203227886598353
11241,attack,normal,0.9974975093670401
11242,normal,normal,0.996952845211482
11243,attack,attack,3.952894965227196e-08
11244,normal,normal,0.9976320274189132
11245,attack,normal,0.6462385903475529
11246,attack,normal,0.9990109481978185
11247,attack,normal,0.9525585994226825
11248,attack,normal,0.9987850499781148
11249,normal,normal,0.9862683517906581
11250,attack,attack,1.4902992502445813e-05
11251,attack,normal,0.9999998763012574
11252,attack,normal,0.9988174352102938
11253,attack,attack,0.33280162692450654
11254,attack,attack,0.0002377040558021911
11255,attack,attack,0.0006872188627137834
11256,normal,normal,0.8742325594349122
11257,normal,attack,0.006532726671471903
11258,normal,normal,0.9725910520272868
11259,normal,normal,0.9903050262628063
11260,normal,normal,0.9961392125380267
11261,attack,attack,0.0005927760086105848
11262,normal,normal,0.9972120512377947
11263,attack,attack,0.0008383213283996092
11264,normal,normal,0.9971357058043352
11265,normal,normal,0.9969923927527058
11266,attack,attack,0.09133158075074305
11267,attack,attack,0.00013165492548717681
11268,attack,attack,0.05646340503091997
11269,attack,normal,0.8790276439219762
11270,normal,normal,0.9963250920603404
11271,attack,attack,0.000978106644618567
11272,normal,normal,0.9978125048317659
11273,attack,attack,3.8059973467938347e-07
11274,normal,normal,0.9747191906622459
11275,normal,attack,0.026288626542882203
11276,normal,normal,0.9938375051137301
11277,normal,normal,0.9878701297021554
11278,attack,attack,2.3662161310164505e-07
11279,attack,attack,5.5857627314062234e-08
11280,attack,normal,0.9999099114392644
11281,attack,attack,0.0016083217311020801
11282,attack,attack,5.020197992387143e-05
11283,normal,normal,0.9973092758084648
11284,attack,attack,0.0002076675639226203
11285,attack,attack,0.00019196077329916426
11286,normal,attack,3.65468954436614e-08
11287,attack,attack,0.0006150329143852351
11288,normal,normal,0.9973352302925955
11289,normal,normal,0.9978584301847078
11290,attack,attack,0.0017679522324914453
11291,attack,normal,0.7461234595358516
11292,attack,attack,0.013450184831819595
11293,attack,attack,9.523876743018196e-08
11294,attack,normal,0.9341804151552536
11295,attack,normal,0.9366227495155544
11296,normal,normal,0.9997919407583767
11297,normal,normal,0.9967576601121461
11298,normal,normal,0.9898895541164756
11299,normal,normal,0.9897761627863988
11300,normal,normal,0.9908002014314972
11301,attack,normal,0.9969651698744698
11302,attack,normal,0.9989078132773306
11303,attack,attack,0.0026224027984875875
11304,attack,attack,0.00014222049275173932
11305,attack,normal,0.807091211827644
11306,attack,normal,0.999999971449525
11307,attack,normal,0.7203734569858764
11308,attack,attack,4.4841896127305915e-06
11309,normal,normal,0.9926932889559321
11310,attack,attack,0.025817289005692922
11311,normal,normal,0.9998025345751256
11312,normal,normal,0.9978611278335758
11313,attack,attack,5.633730246717355e-07
11314,attack,attack,9.094372379081981e-06
11315,attack,normal,0.9987906921325336
11316,normal,normal,0.9980118715185924
11317,normal,attack,0.005457387472979282
11318,normal,normal,0.9947642355976376
11319,attack,normal,0.9999997568634851
11320,attack,normal,0.9567027786217723
11321,attack,attack,0.00010702229262729543
11322,attack,attack,0.19701687395427261
11323,normal,normal,0.996391337178908
11324,attack,attack,0.0012569224012789046
11325,attack,normal,0.7707105792442881
11326,normal,normal,0.9880707949016347
11327,attack,attack,0.029989136489153356
11328,attack,attack,0.0005576835088108768
11329,attack,attack,0.00027118588610037625
11330,attack,attack,1.1241231540014993e-06
11331,normal,normal,0.9890409610921667
11332,attack,attack,1.7323557146660193e-07
11333,attack,attack,0.3741173342492082
11334,normal,normal,0.9974406956574597
11335,attack,attack,0.0021072678054007113
11336,normal,normal,0.984437543083852
11337,attack,attack,0.00012145247946437729
11338,attack,attack,0.049732409284402666
11339,normal,normal,0.9916409568520207
11340,normal,normal,0.984360952019384
11341,attack,attack,3.009769090888769e-08
11342,attack,attack,0.11006123263562888
11343,attack,attack,8.492023533550337e-08
11344,normal,normal,0.9905069841131215
11345,normal,normal,0.9894545016286932
11346,normal,normal,0.7966532836792498
11347,attack,attack,0.01316183438798885
11348,attack,normal,0.9789975054231932
11349,normal,normal,0.9964911794497373
11350,attack,attack,6.47582601508953e-05
11351,normal,normal,0.9997243465789082
11352,normal,normal,0.9878913462482708
11353,normal,normal,0.9997793502408635
11354,attack,attack,3.9938767133700963e-07
11355,attack,attack,0.12979887579770882
11356,attack,attack,0.28108199259760236
11357,normal,normal,0.9971445935418751
11358,attack,attack,0.0005721548323017027
11359,normal,normal,0.994097487962754
11360,normal,normal,0.9966199996017557
11361,normal,normal,0.9866871946121789
11362,attack,attack,0.0004589812500292976
11363,attack,normal,0.9999998720021752
11364,attack,attack,0.0009644427710928958
11365,attack,normal,0.9960320888903402
11366,normal,normal,0.9036470050868736
11367,normal,normal,0.9980506854436857
11368,normal,normal,0.989787541204563
11369,attack,normal,0.9783934285612444
11370,attack,attack,0.01522248573509025
11371,normal,normal,0.9874362684527738
11372,normal,normal,0.9329834985889978
11373,normal,normal,0.9908494764898599
11374,normal,normal,0.9921931458097903
11375,attack,attack,0.0014550449434143518
11376,normal,normal,0.9382316733253496
11377,attack,attack,0.024307062477515226
11378,attack,normal,0.933916905698532
11379,attack,normal,0.9986331300976563
11380,attack,normal,0.9355239828708448
11381,attack,attack,4.258822560722524e-08
11382,normal,normal,0.9837987638393076
11383,attack,normal,0.7333466222821932
11384,attack,attack,9.963986634836575e-08
11385,attack,normal,0.9987279858791928
11386,normal,normal,0.9834162732659799
11387,attack,normal,0.9975263011057361
11388,normal,normal,0.9878718030470391
11389,normal,normal,0.999999772143531
11390,attack,attack,0.005828043042074303
11391,attack,attack,0.01023356180401222
11392,normal,normal,0.9888633660720173
11393,normal,attack,0.006489274615782877
11394,attack,attack,4.5099171579966995e-06
11395,normal,normal,0.7626722825769116
11396,attack,attack,4.0643811167588825e-05
11397,normal,normal,0.9976937785916147
11398,attack,attack,1.0935595448456e-05
11399,normal,normal,0.9832681142951378
11400,normal,normal,0.999474397352456
11401,normal,normal,0.9870713185854432
11402,normal,normal,0.9975367865423983
11403,normal,normal,0.9996694619122173
11404,normal,normal,0.9888945452009045
11405,attack,normal,0.9969896793853529
11406,normal,normal,0.9980709505292107
11407,attack,normal,0.9999995904045401
11408,normal,normal,0.9962003928041671
11409,attack,normal,0.813289850256174
11410,attack,normal,0.7687996962471649
11411,normal,normal,0.9861653791789604
11412,normal,normal,0.9979245452271427
11413,normal,normal,0.9888950610407611
11414,attack,attack,0.04297238221460788
11415,attack,attack,0.0001847688318655781
11416,attack,attack,0.0006102102614635157
11417,normal,normal,0.997988277852395
11418,normal,normal,0.9912196412616527
11419,normal,attack,0.006936546444475251
11420,normal,normal,0.9899972361864983
11421,attack,normal,0.999295205199296
11422,normal,normal,0.9883385817540822
11423,attack,normal,0.9914531491099771
11424,normal,normal,0.9905055826283549
11425,attack,attack,0.00012668453731057254
11426,attack,attack,4.263699014318491e-08
11427,attack,attack,0.002871801280314921
11428,normal,normal,0.886845400743186
11429,normal,normal,0.9991207948448363
11430,attack,attack,0.4128589522505814
11431,normal,normal,0.9998393616875034
11432,normal,normal,0.9961323309107853
11433,normal,normal,0.9978985933011193
11434,normal,normal,0.9997917882635192
11435,attack,attack,0.0004922308676512775
11436,attack,attack,6.762372346322529e-09
11437,normal,normal,0.999601835689909
11438,normal,normal,0.993954302119023
11439,attack,attack,0.019759857806549767
11440,attack,attack,0.013067336825220849
11441,attack,attack,0.00933846920836881
11442,attack,attack,0.0026598964495989255
11443,attack,normal,0.9988936545825585
11444,attack,attack,0.001066612952302791
11445,attack,attack,3.8639544286493033e-07
11446,attack,attack,0.0014067959409529464
11447,normal,attack,0.00417766831653706
11448,normal,attack,0.008947378741753957
11449,attack,normal,0.9980714990673932
11450,normal,normal,0.9897877574559559
11451,attack,normal,0.9850821568472005
11452,normal,normal,0.9388425776381554
11453,normal,normal,0.9871225494224999
11454,attack,attack,0.0023285879909428946
11455,normal,normal,0.9978615495463126
11456,attack,attack,0.0004665566330622387
11457,attack,attack,2.0686713141302975e-06
11458,attack,normal,0.9508642167724141
11459,normal,normal,0.987696330785322
11460,normal,normal,0.9975517221008471
11461,normal,normal,0.9878074083983385
11462,normal,normal,0.990782249181113
11463,normal,normal,0.9999264768545607
11464,attack,normal,0.9855819181291594
11465,attack,attack,0.001116271300323316
11466,attack,attack,0.001524559295457153
11467,normal,normal,0.9909774799692526
11468,attack,normal,0.9987011285385587
11469,attack,attack,0.0011895657209827226
11470,normal,normal,0.980678379905555
11471,normal,normal,0.9906045750042952
11472,attack,normal,0.934885892805609
11473,attack,attack,0.00517019956498314
11474,attack,attack,0.001965958480845721
11475,normal,attack,0.005802129886592799
11476,attack,attack,0.004501712788564302
11477,normal,normal,0.9946294385061922
11478,normal,normal,0.9975206555153329
11479,attack,normal,0.935467133714598
11480,normal,normal,0.9874127354300944
11481,normal,normal,0.9949218515652273
11482,normal,normal,0.8935235495473268
11483,attack,normal,0.8687806815020546
11484,normal,normal,0.987425232797084
11485,attack,normal,0.9393547273915918
11486,normal,normal,0.9973647748419893
11487,attack,attack,0.008299111651903895
11488,attack,attack,0.008388076066662193
11489,attack,attack,0.00032454202899919604
11490,normal,attack,0.18678275145310896
11491,attack,attack,0.0006159748931071948
11492,normal,normal,0.9997006201662619
11493,attack,attack,0.15724346582762214
11494,attack,attack,0.010292769156487505
11495,attack,attack,0.000380490036206688
11496,attack,attack,0.0009121769594025901
11497,normal,normal,0.9971250423712082
11498,normal,normal,0.9971951091396872
11499,attack,attack,0.0035000363536913113
11500,attack,attack,0.005062489051879664
11501,attack,attack,9.655068960876117e-05
11502,attack,normal,0.799511851087418
11503,normal,normal,0.9972805029045452
11504,normal,normal,0.9998571934155641
11505,normal,normal,0.9850790336990427
11506,normal,normal,0.9970653990202986
11507,normal,attack,0.006489274395223809
11508,attack,attack,0.0009867489059545576
11509,normal,normal,0.9975637572056196
11510,attack,attack,4.183743476984652e-07
11511,attack,attack,0.00026795089251301584
11512,normal,normal,0.9882909729786049
11513,attack,attack,0.0040881566837254885
11514,attack,normal,0.997854617062589
11515,attack,normal,0.9996018624821595
11516,attack,attack,0.0014929226044813905
11517,attack,attack,0.0030170365961591805
11518,normal,normal,0.9934596220813469
11519,normal,normal,0.9973642808855064
11520,attack,attack,0.0009940150696916136
11521,attack,attack,0.0018281443002308756
11522,attack,attack,0.0061139933882864905
11523,normal,normal,0.9977456778219819
11524,attack,normal,0.6787769282891063
11525,normal,normal,0.995280182823456
11526,normal,normal,0.9998780440188928
11527,normal,attack,0.006532718517015652
11528,attack,attack,0.009073566299210007
11529,attack,normal,0.8317762926207507
11530,normal,normal,0.9911948594082999
11531,attack,normal,0.8333572807896247
11532,attack,normal,0.9971565293396848
11533,normal,normal,0.9980085619780116
11534,attack,normal,0.9986087765237686
11535,normal,normal,0.9916191127361217
11536,normal,normal,0.981518061023311
11537,attack,attack,0.05224202369481798
11538,normal,normal,0.9864572505885321
11539,normal,normal,0.9851169090192752
11540,attack,normal,0.6538789379470488
11541,normal,normal,0.9925358492833579
11542,normal,attack,0.27462350365902605
11543,attack,attack,3.1996145874495903e-07
11544,attack,normal,0.7382227138790317
11545,attack,attack,0.0009184291483244131
11546,attack,attack,0.011822962695554518
11547,attack,normal,0.9371105303724703
11548,attack,normal,0.9203607688268933
11549,normal,normal,0.9972304775722726
11550,attack,attack,0.030803556092663102
11551,normal,normal,0.9979413291081253
11552,normal,normal,0.9881484035712633
11553,normal,normal,0.9947590679992535
11554,normal,normal,0.9731725098625178
11555,normal,normal,0.9980932233439209
11556,attack,attack,0.013580913157111437
11557,attack,attack,3.213763864194352e-07
11558,normal,normal,0.9744780172846502
11559,normal,attack,0.32487431431455216
11560,normal,normal,0.9980968222768711
11561,attack,attack,0.0019773470321888596
11562,attack,normal,0.9999996387796554
11563,normal,normal,0.9903084817033656
11564,normal,normal,0.9978648835906877
11565,attack,normal,0.999037247690895
11566,attack,attack,7.638349194069364e-05
11567,normal,normal,0.9936395221163252
11568,attack,normal,0.7103592368984798
11569,attack,attack,0.024876818052233175
11570,attack,attack,0.0027056797549510716
11571,attack,attack,3.6283500674981665e-08
11572,normal,normal,0.9966731369841666
11573,normal,normal,0.9927536352172738
11574,attack,normal,0.9598325713313454
11575,attack,normal,0.8910203544368189
11576,attack,normal,0.5241284755845176
11577,attack,attack,0.005208265136556602
11578,attack,attack,0.0002615144148363364
11579,attack,attack,0.0010354703193090798
11580,attack,normal,0.9970670489377305
11581,attack,attack,0.09495980523861788
11582,normal,normal,0.9901757177518469
11583,normal,normal,0.9958656792839325
11584,normal,normal,0.9776201261475522
11585,attack,normal,0.9509094789180365
11586,attack,attack,0.020746107859962275
11587,normal,normal,0.9999993716396156
11588,attack,normal,0.9987191072180471
11589,attack,attack,0.03841795020699467
11590,normal,normal,0.9888038869487584
11591,attack,attack,0.02303820870925128
11592,attack,attack,0.00031610950104859424
11593,attack,attack,8.838730742423095e-05
11594,normal,normal,0.9990674701141421
11595,attack,attack,0.01032649449280548
11596,attack,normal,0.937618647551538
11597,normal,normal,0.9875607835626125
11598,normal,normal,0.9871001798918062
11599,attack,attack,0.0013963492396273486
11600,normal,normal,0.9965550821493162
11601,normal,normal,0.9905442043606822
11602,normal,normal,0.9968922027209355
11603,normal,normal,0.990397728937099
11604,normal,normal,0.9934849100954474
11605,normal,normal,0.9991899909462713
11606,attack,normal,0.9962513932083568
11607,attack,attack,1.4022338884082712e-05
11608,normal,normal,0.9961473387775167
11609,attack,attack,0.010959138042288735
11610,normal,normal,0.9796468455111006
11611,normal,normal,0.9954540325758803
11612,normal,normal,0.9993492433379934
11613,attack,attack,0.004556040863713776
11614,attack,normal,0.7236679686813394
11615,attack,attack,0.0014719099331626344
11616,attack,attack,8.414442589532338e-05
11617,normal,normal,0.987633647808863
11618,normal,normal,0.9963610934291539
11619,normal,normal,0.9987278805196644
11620,normal,normal,0.9940385083146918
11621,attack,normal,0.9988837063276602
11622,attack,attack,0.0001533340505515737
11623,attack,attack,0.0004835492709214303
11624,normal,normal,0.9962688035284902
11625,attack,normal,0.9999999140348949
11626,normal,attack,0.01729576529270413
11627,normal,normal,0.9939697660231205
11628,attack,attack,0.0020948464051851346
11629,attack,attack,5.357441389876898e-07
11630,attack,normal,0.9301617992224268
11631,normal,normal,0.9956664876427358
11632,normal,normal,0.9965427878427469
11633,attack,attack,0.0009710778573699796
11634,attack,attack,0.002393194632883921
11635,normal,normal,0.9944240588430726
11636,normal,normal,0.996231456841289
11637,normal,normal,0.9328660133825436
11638,normal,normal,0.9868214798642582
11639,attack,attack,3.1278022204642443e-07
11640,normal,normal,0.9819440094653344
11641,normal,normal,0.9998310118462868
11642,attack,attack,0.0711839577737243
11643,attack,normal,0.999999849815521
11644,attack,normal,0.9990550103919772
11645,normal,normal,0.9388760946174031
11646,attack,normal,0.9999971586947224
11647,attack,attack,0.013349779879091073
11648,attack,normal,0.9328661483590159
11649,attack,attack,0.0011106317027878656
11650,attack,normal,0.9669333290730099
11651,attack,attack,0.22912835560808284
11652,attack,attack,1.0703426738373756e-07
11653,attack,attack,0.00023216924333836823
11654,attack,attack,1.0154860126984396e-06
11655,normal,normal,0.9333770624050134
11656,attack,attack,0.01897823970706835
11657,attack,attack,0.0002524578177504294
11658,attack,normal,0.7498741801552316
11659,attack,normal,0.999999848160944
11660,attack,attack,8.057805696688584e-07
11661,attack,attack,0.022079884173831905
11662,attack,attack,0.062231730003775035
11663,normal,normal,0.9896442107690763
11664,normal,normal,0.9993293597501853
11665,attack,normal,0.6176801244248571
11666,normal,normal,0.9881832082068197
11667,attack,attack,1.3991313764795912e-07
11668,normal,normal,0.9863057100490575
11669,normal,normal,0.9955114190382592
11670,normal,normal,0.9947073798680074
11671,normal,normal,0.5637499393123665
11672,attack,attack,0.0015587993156783904
11673,normal,attack,0.0052978267956667125
11674,attack,normal,0.9971250623416819
11675,attack,normal,0.9843840804833658
11676,normal,normal,0.9905025900665145
11677,attack,attack,0.0014847879099405658
11678,normal,normal,0.9907073476304409
11679,attack,attack,0.4573111269235684
11680,normal,normal,0.9948444789591927
11681,attack,normal,0.8136385783224416
11682,attack,normal,0.9955115084521999
11683,attack,normal,0.663555914202303
11684,normal,normal,0.9880467063458609
11685,attack,attack,2.3587716930994e-07
11686,attack,normal,0.9938494937192344
11687,normal,normal,0.9902878700014027
11688,attack,normal,0.9999997809244345
11689,attack,attack,0.009645161401868978
11690,normal,normal,0.9998376744967441
11691,attack,attack,0.37372230605564705
11692,attack,attack,0.013013232250113225
11693,attack,attack,0.12165159559236026
11694,attack,normal,0.9980169144888837
11695,normal,normal,0.93584811351065
11696,attack,attack,0.0002887433097706557
11697,normal,normal,0.9943398500240543
11698,attack,attack,1.6833855686067846e-06
11699,normal,normal,0.9874338237789697
11700,normal,normal,0.9996968629718486
11701,attack,attack,0.003637826914098087
11702,attack,attack,0.001107815959906147
11703,normal,normal,0.9976784972755154
11704,normal,normal,0.9979326682071105
11705,normal,normal,0.9999996528758334
11706,normal,normal,0.9354671576211816
11707,attack,attack,0.00014644935861930563
11708,normal,attack,0.1521984305984005
11709,attack,attack,6.676124150968942e-05
11710,normal,normal,0.9958957619359866
11711,normal,normal,0.9652425468371236
11712,normal,normal,0.9966239511483258
11713,normal,normal,0.9905980420172052
11714,normal,normal,0.9993155919348735
11715,attack,normal,0.9978032621018258
11716,normal,normal,0.9948536386939095
11717,attack,attack,9.969105258720051e-08
11718,attack,attack,3.7738758667457635e-07
11719,normal,normal,0.99372315316309
11720,normal,normal,0.9973706138223739
11721,attack,normal,0.5998537911196709
11722,attack,normal,0.9898645636062244
11723,attack,normal,0.9908211790790434
11724,attack,attack,0.029521136687915006
11725,attack,attack,0.05734238482362897
11726,attack,attack,0.04313279325881931
11727,normal,normal,0.9877200667313301
11728,normal,normal,0.9998779255971019
11729,attack,attack,0.016411233227691516
11730,normal,attack,0.08837868418997682
11731,normal,normal,0.9989256016983653
11732,attack,normal,0.9431130940852216
11733,normal,normal,0.8962981368628092
11734,normal,normal,0.9890826959025494
11735,normal,normal,0.9292576042515063
11736,attack,attack,4.503418227601221e-07
11737,normal,normal,0.9972520558615247
11738,attack,attack,3.658031998394322e-06
11739,normal,normal,0.9997269527979206
11740,attack,attack,0.0014512354387829695
11741,normal,normal,0.5114498888460765
11742,attack,normal,0.9986373004658133
11743,normal,normal,0.9995479536815324
11744,attack,attack,0.0011033458829270966
11745,normal,normal,0.9916136358345992
11746,normal,normal,0.9947578355393634
11747,normal,normal,0.993219659967318
11748,attack,normal,0.9990100176208276
11749,normal,normal,0.9956829793587522
11750,attack,attack,4.5168406119867655e-07
11751,normal,normal,0.9901014729825268
11752,normal,normal,0.997234983669775
11753,attack,attack,0.00016350021520244591
11754,normal,normal,0.9861405090463335
11755,normal,normal,0.9970428095385633
11756,attack,normal,0.9993822551048213
11757,attack,attack,0.04619415845217517
11758,attack,attack,0.002657839025318362
11759,normal,normal,0.9960503256434324
11760,attack,attack,1.1818086622199837e-05
11761,normal,normal,0.9981824655873985
11762,attack,attack,0.003574687102617511
11763,normal,normal,0.9745461200592621
11764,attack,attack,0.0012234955038786229
11765,attack,attack,0.010134389041880621
11766,attack,attack,0.34125951131810783
11767,attack,attack,0.004028406240569078
11768,normal,normal,0.9955554364745222
11769,attack,normal,0.9969119152410975
11770,normal,normal,0.9994644528561589
11771,attack,attack,1.732117824621608e-07
11772,normal,normal,0.9977021427331394
11773,normal,normal,0.9966762398955529
11774,normal,normal,0.9908682224944523
11775,attack,normal,0.5306765650617843
11776,normal,normal,0.9938657429349419
11777,normal,normal,0.9892384445376141
11778,attack,attack,0.03716100387548441
11779,normal,normal,0.9993892797025876
11780,attack,attack,0.00010495857854819912
11781,attack,attack,0.0053545799372069465
11782,attack,normal,0.9376186335448542
11783,attack,attack,0.008725706210437303
11784,normal,normal,0.985206169478799
11785,attack,attack,0.008425663882774546
11786,attack,normal,0.9992998560741219
11787,attack,attack,0.001333269068112112
11788,attack,normal,0.9999996794712752
11789,normal,normal,0.9942175530859552
11790,normal,normal,0.9916693659353354
11791,attack,attack,6.00232186809966e-07
11792,attack,normal,0.7327733644732016
11793,normal,normal,0.9871429323089086
11794,attack,attack,0.00014380675561669447
11795,attack,attack,0.0002536948346636615
11796,attack,attack,0.00018253520025397917
11797,normal,normal,0.9919584725024867
11798,normal,normal,0.9969864990625373
11799,normal,normal,0.996589974785012
11800,attack,attack,0.0013836878118937857
11801,attack,attack,5.473463097288664e-07
11802,attack,normal,0.9777827019817582
11803,attack,attack,0.0009461235720523648
11804,attack,attack,0.0013132111698468164
11805,normal,normal,0.9981332804118139
11806,normal,normal,0.9963598691786124
11807,attack,normal,0.9947417283498391
11808,normal,normal,0.9949107737670673
11809,normal,normal,0.9865521516556088
11810,normal,normal,0.997092399534599
11811,normal,normal,0.9885263212737533
11812,normal,normal,0.9861917132929044
11813,attack,normal,0.9974869932321802
11814,normal,normal,0.9967810039258163
11815,normal,normal,0.9981025637803993
11816,normal,normal,0.9905093244779675
11817,attack,attack,0.13979014584668156
11818,attack,attack,7.215871406444249e-05
11819,normal,normal,0.9901032697039874
11820,attack,attack,0.009808884822029802
11821,normal,normal,0.9990475559119705
11822,normal,normal,0.9970145946139347
11823,normal,normal,0.9871277879873904
11824,attack,normal,0.9999942625377433
11825,normal,attack,0.005790983328330101
11826,normal,normal,0.9977456884526331
11827,attack,attack,0.0008938635371691681
11828,normal,normal,0.9893893670939315
11829,normal,normal,0.9977907220005897
11830,normal,normal,0.9969890020309436
11831,attack,normal,0.9972842634663573
11832,attack,attack,0.07842047961092122
11833,attack,normal,0.9989293713037277
11834,normal,normal,0.9906073231076411
11835,normal,normal,0.9775268403196735
11836,attack,normal,0.9957490029414641
11837,attack,normal,0.9636400985485299
11838,normal,normal,0.8878017269683415
11839,normal,normal,0.9924240578812524
11840,attack,normal,0.8314463583179336
11841,normal,normal,0.9978660531982972
11842,normal,normal,0.9904055453984318
11843,attack,attack,7.778218004609946e-05
11844,attack,normal,0.986106073507325
11845,attack,attack,0.0010223245293354477
11846,attack,attack,0.007317060741969884
11847,normal,normal,0.9882470748969356
11848,attack,normal,0.9989800685635449
11849,attack,attack,1.9427086542065588e-07
11850,attack,attack,0.0008524875463391838
11851,normal,normal,0.9952722911326178
11852,attack,normal,0.9999999707287548
11853,normal,normal,0.9997273147398816
11854,attack,attack,0.014127610157889684
11855,normal,normal,0.9054137029869395
11856,normal,normal,0.9832626512262884
11857,attack,attack,0.0008664579747103731
11858,normal,normal,0.996578985078396
11859,attack,attack,0.023783906684411018
11860,normal,attack,0.005353922898193034
11861,attack,attack,0.013562848747229668
11862,normal,normal,0.9901358256920179
11863,normal,normal,0.9925239534545479
11864,attack,attack,0.0020054222275912043
11865,normal,normal,0.9963236125763103
11866,attack,attack,0.024445531745767773
11867,normal,normal,0.9972501452953385
11868,normal,normal,0.9850048623963272
11869,attack,attack,0.015328832853593453
11870,attack,attack,1.3868616371647524e-07
11871,attack,attack,0.41392700179061
11872,attack,attack,0.001187411177850545
11873,attack,attack,0.018153634221579264
11874,attack,attack,0.0013566062914820603
11875,attack,attack,0.00023002195433234566
11876,attack,attack,0.018083194212534064
11877,attack,attack,0.0015497672572493402
11878,normal,attack,0.035767583648176685
11879,normal,attack,0.03154388252363941
11880,attack,attack,9.382574570994457e-08
11881,normal,normal,0.9984727943485371
11882,attack,normal,0.9983173071957325
11883,attack,attack,0.11270979548477089
11884,attack,attack,0.005866669109487087
11885,attack,attack,0.0012934983250237602
11886,normal,normal,0.993154056120742
11887,normal,normal,0.9992467741755536
11888,attack,attack,0.010238224341483545
11889,normal,normal,0.9614420429865042
11890,attack,attack,1.7193128586832743e-05
11891,attack,normal,0.9953337396327958
11892,attack,normal,0.9987446218088754
11893,normal,normal,0.9869918337679652
11894,normal,normal,0.9996071066790639
11895,normal,normal,0.9997478722251872
11896,attack,normal,0.9024169201059766
11897,normal,normal,0.9890104265983658
11898,normal,normal,0.9927387073005987
11899,normal,normal,0.997755899483723
11900,attack,normal,0.7125259071105102
11901,attack,normal,0.9964188623316026
11902,attack,attack,0.0001065068269776243
11903,normal,normal,0.9619451470594798
11904,attack,normal,0.9844518363981024
11905,attack,attack,0.0008872291067106557
11906,attack,normal,0.9999999699262927
11907,normal,normal,0.9972954458110018
11908,normal,normal,0.9905886879984619
11909,normal,normal,0.9960435436151306
11910,attack,normal,0.9999997357248022
11911,normal,normal,0.9901385803851854
11912,attack,attack,0.00020079220687175213
11913,normal,normal,0.9999114200164688
11914,attack,normal,0.9819300964061783
11915,normal,normal,0.9936814436056085
11916,normal,normal,0.9972312611870369
11917,normal,normal,0.9345643731278283
11918,attack,attack,1.4651962196172824e-06
11919,normal,normal,0.9870350950029747
11920,attack,attack,2.3572655542438394e-05
11921,attack,normal,0.9999999151728282
11922,normal,normal,0.9890971079697758
11923,attack,attack,0.009392117098557959
11924,normal,normal,0.9998068153963235
11925,attack,attack,9.675328315720083e-08
11926,normal,normal,0.9828977110597387
11927,attack,attack,0.0010857168677342387
11928,normal,attack,0.36477043120577063
11929,attack,attack,0.08512891600750085
11930,attack,attack,0.00024446486400419285
11931,attack,attack,0.01504223132128561
11932,normal,normal,0.9980729051224414
11933,normal,normal,0.989228441845751
11934,attack,attack,0.02241640358014412
11935,attack,normal,0.9900711483813953
11936,normal,normal,0.9897871975947594
11937,normal,normal,0.9892617625690603
11938,normal,attack,0.016758890522042404
11939,attack,attack,0.000243016989044455
11940,normal,normal,0.9894113947372304
11941,attack,normal,0.9999999261121658
11942,attack,attack,0.0003336564713117627
11943,normal,normal,0.9979135750773223
11944,normal,normal,0.9973519453095928
11945,normal,normal,0.9874411374733431
11946,attack,normal,0.9989963637860906
11947,attack,normal,0.998012139984378
11948,normal,normal,0.9960342009314102
11949,normal,normal,0.9962011855236236
11950,attack,normal,0.7892868039688289
11951,attack,normal,0.998969312116561
11952,attack,attack,0.2866165754712059
11953,normal,normal,0.996760286916217
11954,attack,attack,0.00026175423330110294
11955,attack,normal,0.9352120472272617
11956,normal,normal,0.8760847944348257
11957,normal,normal,0.989678239970521
11958,normal,attack,0.0034953707631611266
11959,normal,normal,0.9895178831617307
11960,normal,normal,0.9972179366214504
11961,attack,normal,0.9955205080922155
11962,attack,attack,0.000790045306426668
11963,attack,normal,0.9483761115213621
11964,attack,attack,0.03975066981910381
11965,attack,attack,0.2936376261897827
11966,attack,attack,0.3154404893770007
11967,normal,normal,0.9994928737293778
11968,normal,attack,0.0064892716215125806
11969,normal,normal,0.9980897777533602
11970,normal,normal,0.9962505493749246
11971,normal,normal,0.99469706916432
11972,attack,attack,0.0012462448035654228
11973,attack,attack,0.018032806851122286
11974,attack,attack,2.655601747073727e-09
11975,attack,attack,9.40385625072976e-08
11976,normal,normal,0.9934272133387252
11977,normal,normal,0.9928494034179411
11978,normal,normal,0.997148686055205
11979,attack,attack,0.016148276331037645
11980,normal,normal,0.996982545311328
11981,attack,normal,0.9991575749607652
11982,attack,attack,0.0010926254182812589
11983,normal,normal,0.9995771061106998
11984,attack,normal,0.9978828543444032
11985,normal,normal,0.977895050054815
11986,normal,normal,0.996798636691343
11987,attack,normal,0.9985330209850523
11988,normal,normal,0.9891874256346124
11989,normal,normal,0.8362825715812164
11990,attack,attack,0.0201648572346796
11991,normal,normal,0.9975081823273165
11992,attack,normal,0.9999997470898421
11993,attack,attack,0.13322638108464857
11994,normal,normal,0.9903970683586196
11995,attack,normal,0.9335846900797011
11996,attack,normal,0.8763402042918129
11997,attack,attack,3.547747512685876e-09
11998,normal,normal,0.9903697225255929
11999,normal,normal,0.9872880568567349
12000,attack,attack,0.11856905905011574
12001,attack,attack,0.00018855782443028373
12002,normal,normal,0.9999998034121163
12003,attack,attack,0.3258338224661088
12004,normal,attack,0.0880988369720994
12005,attack,attack,0.0020640644095186065
12006,normal,normal,0.9976286919153384
12007,normal,normal,0.9982306993202802
12008,attack,normal,0.9480832294692189
12009,normal,normal,0.9977056876814072
12010,attack,attack,2.327858032220799e-06
12011,attack,normal,0.9958321358982736
12012,attack,normal,0.9994216573002593
12013,attack,attack,0.015761184523172555
12014,attack,attack,5.3004474673377463e-08
12015,attack,attack,0.019199805101151265
12016,attack,attack,0.000707637074254277
12017,attack,attack,0.0007874514215418274
12018,attack,attack,0.00010020795480144698
12019,attack,attack,0.388262687107593
12020,attack,attack,0.34946020896537744
12021,normal,normal,0.9931265546721425
12022,normal,normal,0.9937748346972625
12023,attack,attack,0.00811711316449596
12024,attack,attack,0.001267874894755993
12025,attack,normal,0.9982811923014897
12026,attack,attack,0.025703954392377694
12027,attack,normal,0.5599805373717283
12028,normal,normal,0.994859446973695
12029,normal,normal,0.9904084361123834
12030,normal,normal,0.9988661007264709
12031,attack,attack,0.000439884657530486
12032,attack,normal,0.9968278637759845
12033,normal,normal,0.9977824276307075
12034,attack,normal,0.9983448926023819
12035,attack,normal,0.8491146776235342
12036,normal,normal,0.9434487448790243
12037,normal,attack,0.0060400319852809995
12038,attack,attack,0.0013878061553928755
12039,normal,normal,0.9964520005659003
12040,normal,normal,0.9902673476383099
12041,attack,normal,0.7888582627392318
12042,attack,attack,0.006295819474856679
12043,normal,normal,0.9979416728019935
12044,attack,attack,0.0009790214568185275
12045,attack,normal,0.6373110849888942
12046,attack,attack,7.286185607321868e-05
12047,normal,normal,0.989765897197042
12048,attack,attack,6.869738452396435e-09
12049,normal,normal,0.9998138190239895
12050,normal,normal,0.9977628881229202
12051,normal,normal,0.9878207477523259
12052,normal,normal,0.9897843357777738
12053,attack,attack,0.01586898130681024
12054,attack,attack,2.473785323779627e-08
12055,normal,normal,0.9980875127528899
12056,normal,normal,0.9996974594163136
12057,attack,normal,0.8395188195973939
12058,normal,normal,0.9978412133878698
12059,normal,normal,0.9368781750151749
12060,normal,normal,0.9971472749056058
12061,normal,normal,0.9975465742762003
12062,attack,normal,0.5438454522062091
12063,attack,attack,5.2297861557318534e-05
12064,attack,normal,0.9987389718852436
12065,normal,normal,0.9928373941526816
12066,normal,normal,0.9975398060466966
12067,attack,attack,0.022592086873500564
12068,attack,attack,0.0015942238090420496
12069,attack,attack,0.0009190762521904832
12070,attack,attack,9.277814486501703e-05
12071,normal,normal,0.9366750239265271
12072,attack,attack,0.28538138608857716
12073,normal,normal,0.9964256503485127
12074,attack,attack,0.00013910239338539484
12075,normal,normal,0.9918520638486029
12076,attack,normal,0.9897383093889509
12077,attack,normal,0.9515379461989268
12078,attack,normal,0.6769564104560196
12079,normal,normal,0.9973320542016372
12080,normal,normal,0.9908986305267234
12081,normal,normal,0.9996817260186137
12082,attack,attack,0.0005033603984508615
12083,attack,attack,8.769450928817538e-05
12084,normal,normal,0.9832446228934626
12085,attack,attack,0.21430839580282324
12086,attack,normal,0.9999973397785438
12087,attack,attack,0.0027845626842183365
12088,normal,normal,0.9973988763524376
12089,normal,normal,0.9907078751308113
12090,normal,normal,0.9826257312692852
12091,attack,attack,0.004802581169966777
12092,attack,attack,0.0011133447634994551
12093,attack,normal,0.9999999235276326
12094,attack,normal,0.9382316733253496
12095,normal,normal,0.9998569753776718
12096,attack,normal,0.802242064158106
12097,attack,normal,0.9983464468494381
12098,attack,attack,0.046185905278338886
12099,attack,attack,0.4658224141935737
12100,normal,normal,0.9980631441936231
12101,attack,normal,0.9988120490030772
12102,normal,normal,0.9899915410713126
12103,attack,normal,0.9346094131534779
12104,normal,normal,0.9885806988434038
12105,normal,normal,0.9893501143677562
12106,normal,normal,0.9936119413339508
12107,attack,normal,0.729600474044433
12108,attack,normal,0.9986545267737368
12109,normal,normal,0.9949611952484747
12110,normal,normal,0.8721626561640285
12111,normal,normal,0.9998319448559068
12112,attack,normal,0.9999996208350564
12113,attack,normal,0.9511981275247946
12114,normal,normal,0.9677899277628708
12115,attack,normal,0.9955015709413882
12116,normal,normal,0.9908508037161409
12117,normal,normal,0.9977259160582055
12118,attack,attack,0.0001431268776947597
12119,attack,normal,0.9500374877015829
12120,normal,normal,0.9897771398484434
12121,normal,normal,0.990703234081859
12122,attack,attack,0.01227825368939698
12123,attack,normal,0.9352120555185217
12124,attack,attack,4.098137231742888e-05
12125,attack,attack,0.00023199291673972063
12126,attack,attack,0.0007362581854516334
12127,attack,attack,0.0026064446816329695
12128,normal,normal,0.9998612622274187
12129,normal,normal,0.9978971214684369
12130,attack,normal,0.9980144128343128
12131,normal,normal,0.9961489148034286
12132,attack,attack,2.3457278551642912e-05
12133,normal,normal,0.9997432952824303
12134,normal,normal,0.9971825726486419
12135,normal,normal,0.9814584844243371
12136,attack,normal,0.5732034601976272
12137,attack,attack,0.0007282628651047218
12138,normal,normal,0.9901007456605828
12139,normal,normal,0.9436427015232085
12140,attack,attack,0.0002046051572599459
12141,normal,normal,0.9348259142497849
12142,attack,normal,0.7072635011448234
12143,attack,attack,0.08663466271375628
12144,normal,normal,0.9888483942361068
12145,normal,normal,0.9971729105502892
12146,normal,normal,0.9990373985304382
12147,normal,normal,0.9907803948953393
12148,normal,normal,0.986680061586424
12149,normal,normal,0.9954607027653075
12150,normal,normal,0.9998801245305269
12151,normal,normal,0.9977294388771326
12152,normal,normal,0.99056357642343
12153,attack,normal,0.9892617738932966
12154,attack,attack,0.0010849278598831142
12155,attack,attack,1.87950539753321e-07
12156,attack,attack,0.0004131011258632879
12157,attack,normal,0.9995062801886633
12158,attack,normal,0.9521514339346958
12159,attack,normal,0.7815149081408378
12160,normal,normal,0.9967369738383172
12161,attack,normal,0.9990110494016254
12162,attack,attack,0.0056913203675767075
12163,normal,normal,0.9871030597446817
12164,normal,attack,0.08824721618060308
12165,normal,normal,0.9971769953432346
12166,normal,normal,0.9972329542698678
12167,attack,normal,0.9983430606593772
12168,attack,attack,0.15171136042314015
12169,attack,attack,4.120695879904444e-08
12170,attack,attack,0.027153664437606848
12171,attack,normal,0.9804878618766254
12172,attack,normal,0.9986133523991766
12173,normal,normal,0.9946113612142871
12174,normal,normal,0.9967012095528748
12175,attack,normal,0.865597739322459
12176,attack,attack,0.05261296849805776
12177,normal,normal,0.9978800934396445
12178,normal,normal,0.9871429492031135
12179,normal,normal,0.995899715836018
12180,normal,normal,0.9997803279136556
12181,attack,attack,0.007875762988901143
12182,normal,normal,0.999832776362629
12183,attack,attack,0.0002041343408257069
12184,attack,normal,0.560665276932364
12185,normal,normal,0.9894811185698653
12186,attack,attack,0.02826833177306168
12187,attack,attack,4.148408152203553e-08
12188,normal,normal,0.9876177899460539
12189,attack,attack,7.985263449719869e-07
12190,attack,normal,0.932199889233653
12191,attack,attack,0.02612646455842148
12192,attack,normal,0.9982992967619602
12193,normal,normal,0.998083240074208
12194,normal,normal,0.9978891779708665
12195,normal,normal,0.98521376034255
12196,attack,attack,0.002135510211642109
12197,normal,normal,0.9323219851168386
12198,attack,normal,0.9983623897055619
12199,attack,attack,0.0011965264645252098
12200,normal,normal,0.9966991800171658
12201,attack,attack,0.00020224205777732147
12202,normal,normal,0.9940080107310858
12203,attack,attack,0.001313421099067463
12204,normal,normal,0.9997737137061246
12205,normal,normal,0.9946786470471483
12206,attack,normal,0.7281486702328868
12207,attack,attack,0.007631241771638322
12208,normal,normal,0.9972796745102485
12209,attack,normal,0.9999998743345067
12210,attack,attack,0.0014405854040017614
12211,attack,normal,0.9986896705387391
12212,normal,normal,0.9880366184653309
12213,attack,attack,5.730589531743734e-06
12214,attack,attack,1.5391162984393226e-05
12215,attack,attack,0.0011004487857733988
12216,normal,attack,0.006329754634443009
12217,normal,normal,0.9863208398297897
12218,normal,normal,0.9897680673626
12219,attack,attack,8.622650073839057e-06
12220,attack,normal,0.801180063588899
12221,attack,attack,3.940265353147186e-07
12222,attack,normal,0.9890633274978909
12223,attack,attack,0.023524096988893798
12224,normal,normal,0.9754516808465769
12225,normal,normal,0.9960627692051671
12226,attack,attack,0.2438471523476241
12227,attack,attack,0.026500057403694904
12228,attack,normal,0.6618236655984006
12229,normal,normal,0.9965762714159938
12230,attack,normal,0.9373002484944838
12231,attack,attack,0.011629739909467479
12232,normal,normal,0.9968246760225303
12233,normal,normal,0.9978547727464953
12234,attack,normal,0.7439207806140005
12235,attack,normal,0.9990100177561637
12236,attack,attack,0.00110430925819398
12237,normal,normal,0.9887142484855609
12238,attack,attack,0.005405210523534577
12239,attack,attack,3.558689851534415e-06
12240,normal,normal,0.9958764217631614
12241,normal,normal,0.9968456559060964
12242,normal,normal,0.9341777490024112
12243,attack,normal,0.8584027746132725
12244,normal,normal,0.9989481163498557
12245,attack,attack,0.48741859257091597
12246,attack,attack,0.25021709717332014
12247,normal,normal,0.9938380029014945
12248,attack,attack,0.0007895935990955751
12249,normal,normal,0.9339102467648478
12250,attack,normal,0.9999999318416128
12251,normal,normal,0.999564494439705
12252,attack,attack,0.00019004116926670057
12253,normal,normal,0.9882067842767779
12254,attack,attack,0.020802234894684433
12255,normal,normal,0.9897876979158712
12256,attack,normal,0.956696657040295
12257,attack,attack,0.0030192036095363787
12258,normal,normal,0.9992744172629747
12259,normal,normal,0.9956725272493485
12260,attack,attack,0.04400624904216083
12261,normal,normal,0.9975650761398621
12262,attack,normal,0.9987446220662327
12263,attack,attack,0.00021614724053199927
12264,normal,normal,0.9863569088488136
12265,attack,attack,7.855983311384391e-07
12266,attack,normal,0.776426664358383
12267,attack,attack,0.0002534345849393488
12268,attack,normal,0.99565753579578
12269,attack,attack,7.342863312104984e-05
12270,attack,normal,0.7110584077001789
12271,attack,attack,0.018441938484454575
12272,attack,normal,0.8976589359913576
12273,attack,attack,0.38139115960842623
12274,attack,normal,0.858008921421626
12275,normal,normal,0.9998771576929163
12276,attack,normal,0.9992238127062576
12277,attack,attack,0.004367909724938829
12278,attack,attack,0.014425264063027137
12279,normal,attack,0.005142933048101985
12280,attack,attack,0.32811584546765565
12281,attack,normal,0.9999999264062082
12282,attack,attack,0.018112744666705757
12283,attack,attack,0.0016249296445295827
12284,attack,attack,4.215237396087494e-07
12285,attack,attack,0.0001461282735072639
12286,normal,normal,0.9895685744072177
12287,normal,normal,0.9934329193429928
12288,attack,attack,0.2601868234537695
12289,normal,normal,0.9723673708820169
12290,attack,attack,0.00014830859749149922
12291,attack,normal,0.9821745968745395
12292,normal,normal,0.9961183081773248
12293,normal,normal,0.994486413473585
12294,attack,normal,0.9341804193622495
12295,attack,attack,0.0015984174293103503
12296,attack,attack,0.00694897594706082
12297,attack,attack,6.923568868174735e-08
12298,normal,attack,0.0019386426546488822
12299,attack,normal,0.9335263122896502
12300,attack,normal,0.8814298739260044
12301,attack,normal,0.996381170802981
12302,attack,attack,0.00033732291335940236
12303,normal,normal,0.9930683269174091
12304,attack,attack,0.0002734826561946048
12305,attack,attack,0.004956838498877065
12306,normal,normal,0.9879204404679897
12307,normal,normal,0.9977414927086462
12308,attack,normal,0.9988272608196355
12309,attack,attack,0.0008349682528163904
12310,attack,attack,0.025157898860716135
12311,normal,normal,0.98649076450387
12312,normal,normal,0.9903925967602882
12313,attack,attack,0.013862777944434346
12314,attack,normal,0.9999999706771159
12315,normal,normal,0.9752777927641707
12316,attack,normal,0.9986464676601531
12317,attack,attack,0.00014654647611807495
12318,attack,attack,0.0011584811589760787
12319,attack,attack,6.409486223414294e-08
12320,normal,normal,0.9989945634958746
12321,normal,normal,0.9799490011901615
12322,normal,normal,0.9988725209998496
12323,normal,normal,0.9980695018520264
12324,attack,normal,0.9934703336643247
12325,attack,attack,3.7045462412474185e-05
12326,attack,attack,6.613772939294824e-08
12327,attack,attack,0.0017578241467828112
12328,attack,normal,0.9986320605268436
12329,attack,attack,0.0009272932389034699
12330,normal,normal,0.989350380228997
12331,attack,attack,4.7021786438965386e-07
12332,attack,attack,0.006170171050042113
12333,attack,normal,0.9999962584182724
12334,normal,attack,0.017288445659720045
12335,normal,normal,0.9908642990877726
12336,normal,normal,0.9611955922662472
12337,attack,normal,0.9346857034291811
12338,normal,normal,0.9960014983589346
12339,attack,normal,0.998325651010245
12340,normal,normal,0.996975382461769
12341,attack,normal,0.941423935968181
12342,attack,attack,0.09157364734718995
12343,attack,normal,0.9957838031930835
12344,attack,attack,0.0015719011618007608
12345,attack,normal,0.9969450999907651
12346,attack,attack,0.011019148782702366
12347,normal,normal,0.9885205973300926
12348,attack,attack,0.03284960115388268
12349,attack,attack,2.4305794241089707e-07
12350,normal,normal,0.9981341597673583
12351,attack,normal,0.9904240932129764
12352,attack,attack,0.0013712031549372049
12353,attack,normal,0.9979228115132581
12354,attack,normal,0.995420985758177
12355,attack,attack,0.03289530975718565
12356,normal,normal,0.9618569434242487
12357,normal,normal,0.9966278136542975
12358,attack,normal,0.9358507187046595
12359,attack,attack,0.053893200507895256
12360,attack,normal,0.9958010115744732
12361,attack,normal,0.987423071186086
12362,attack,attack,0.00022809473202494145
12363,normal,normal,0.9872214932847274
12364,attack,attack,0.0011930613845992503
12365,normal,normal,0.9973937339526263
12366,attack,normal,0.9983707937558364
12367,attack,attack,4.912901185112812e-07
12368,normal,normal,0.9864826674368761
12369,attack,normal,0.9975480139429709
12370,attack,attack,0.0011616277542930344
12371,attack,attack,0.12135322633019141
12372,normal,attack,0.0034953638663195907
12373,normal,normal,0.9902068129049202
12374,attack,normal,0.8027418211648616
12375,attack,attack,7.771138695655965e-05
12376,normal,normal,0.9999996960719966
12377,attack,attack,0.0007588218594267872
12378,normal,normal,0.9847100900116875
12379,attack,normal,0.9981994294808548
12380,attack,attack,1.6133217654933304e-07
12381,normal,normal,0.9879025476651561
12382,attack,normal,0.9934698187460859
12383,normal,normal,0.9855763856845227
12384,attack,attack,0.005720853723377452
12385,attack,normal,0.9956450218019308
12386,normal,normal,0.9969883420866723
12387,normal,normal,0.995229576940983
12388,normal,normal,0.9999019040578724
12389,normal,normal,0.9879681689360166
12390,attack,normal,0.9864937525907421
12391,normal,normal,0.9976569654192242
12392,attack,attack,0.339584509192312
12393,attack,attack,6.844159036107589e-07
12394,normal,normal,0.9951471941878253
12395,attack,attack,0.027227773239874197
12396,attack,attack,0.0009105338782880018
12397,attack,attack,0.0014242207575278195
12398,attack,normal,0.9351510646411045
12399,normal,normal,0.9896316784082229
12400,attack,attack,0.0002233588986509006
12401,attack,attack,5.666267562731643e-07
12402,attack,attack,8.677764938080114e-05
12403,normal,normal,0.9963644547557859
12404,attack,attack,0.0011657439213985533
12405,attack,attack,0.3388519171923267
12406,attack,normal,0.9898709707962106
12407,attack,attack,0.0002385784933362226
12408,normal,normal,0.9996240197945934
12409,attack,attack,5.891873940338342e-07
12410,attack,attack,0.020365506354930986
12411,attack,attack,0.009465435236203936
12412,attack,attack,3.324506605774176e-05
12413,normal,normal,0.9964174356319184
12414,normal,normal,0.997306615089027
12415,attack,normal,0.993137987494546
12416,attack,attack,0.005753800802912026
12417,attack,attack,0.0019878332774982336
12418,normal,normal,0.9981664632790265
12419,normal,attack,0.007693802607519916
12420,attack,attack,0.02909432623373811
12421,normal,normal,0.9973923268411747
12422,attack,normal,0.9309560127683345
12423,attack,attack,0.05039004194573207
12424,normal,normal,0.9970567971056895
12425,attack,attack,0.0036615280113718803
12426,attack,attack,4.421737965101396e-05
12427,normal,normal,0.9856396763451876
12428,attack,normal,0.9917276510256507
12429,normal,normal,0.9972759351881333
12430,normal,normal,0.9981479146637221
12431,attack,normal,0.9999999262544609
12432,normal,normal,0.9998393949099325
12433,normal,normal,0.9987419131170305
12434,attack,normal,0.9085759761322159
12435,attack,attack,8.766157266269046e-05
12436,normal,normal,0.999672654206991
12437,normal,normal,0.9962410735064527
12438,normal,normal,0.9968840809440014
12439,normal,normal,0.959345056241385
12440,attack,attack,0.00024462978718685477
12441,normal,attack,0.003495365126527474
12442,attack,normal,0.9154772775580543
12443,normal,normal,0.9989112456167114
12444,attack,attack,1.8672513812914547e-07
12445,attack,attack,0.013657101459141514
12446,normal,normal,0.9983126021343025
12447,normal,normal,0.9885114089090675
12448,attack,attack,0.001056610495314683
12449,normal,normal,0.9976576471436461
12450,normal,normal,0.9975773578727073
12451,normal,normal,0.9873558832829517
12452,attack,attack,3.2453016844328557e-06
12453,attack,attack,8.102710922756093e-07
12454,attack,attack,2.610586286016333e-05
12455,normal,normal,0.9966192979431435
12456,attack,normal,0.9950773533741423
12457,attack,attack,3.588068822310445e-05
12458,normal,normal,0.9364789411444867
12459,attack,attack,0.3454466865625842
12460,attack,attack,0.0014479908017283457
12461,attack,attack,0.08176825337190978
12462,attack,attack,0.0013359711265981044
12463,attack,attack,0.007356035648089884
12464,attack,attack,0.01539330206256296
12465,normal,normal,0.9942453023004892
12466,normal,normal,0.9745747415823817
12467,attack,attack,0.00028015303478365106
12468,normal,normal,0.9127842867421908
12469,attack,attack,2.6355782014755123e-06
12470,normal,normal,0.9837887702348612
12471,attack,attack,1.8204456882537655e-07
12472,attack,attack,0.022591473467592146
12473,attack,attack,5.304738028950307e-08
12474,normal,normal,0.9973429885165991
12475,normal,normal,0.9874348557550231
12476,attack,normal,0.9987123237527598
12477,normal,normal,0.990606025936878
12478,attack,attack,0.18528871923810303
12479,normal,normal,0.979686558671916
12480,normal,normal,0.9972246457629479
12481,normal,normal,0.9906076968536347
12482,attack,attack,0.0002746972406192021
12483,normal,normal,0.9976072644979185
12484,attack,attack,0.03350395224617306
12485,attack,normal,0.9990408788129741
12486,normal,normal,0.9898403995443066
12487,attack,normal,0.9712658875161805
12488,attack,attack,1.6611364021962001e-06
12489,attack,attack,3.4824426405128134e-07
12490,attack,attack,6.499382115301968e-08
12491,attack,normal,0.8852868777859351
12492,normal,normal,0.9950863727367699
12493,attack,attack,0.0980614031612138
12494,normal,attack,0.005681226081441414
12495,normal,normal,0.9736341465992353
12496,attack,attack,0.0005237122460633021
12497,attack,attack,0.012491548304108908
12498,normal,normal,0.9903089845150178
12499,attack,normal,0.9335262868146685
12500,attack,attack,6.252868532013082e-08
12501,attack,normal,0.9995738982259571
12502,attack,attack,0.00323085509977084
12503,attack,normal,0.998872262615315
12504,attack,attack,0.18636091763602772
12505,normal,normal,0.9974184017720108
12506,normal,normal,0.9894619577776321
12507,normal,normal,0.9982152698086415
12508,attack,normal,0.9999996818963349
12509,attack,attack,0.0010507534206696738
12510,normal,normal,0.9997986747325996
12511,normal,normal,0.9861723641450652
12512,normal,normal,0.992758496239552
12513,attack,attack,0.0010740126104293339
12514,normal,normal,0.9898929191040797
12515,normal,normal,0.9967444985001443
12516,normal,normal,0.9943091788703836
12517,normal,normal,0.9818322935890774
12518,normal,normal,0.9998445211286469
12519,attack,normal,0.5064423460301447
12520,normal,normal,0.9376151416466564
12521,attack,attack,0.01526024063478462
12522,normal,normal,0.9979592191570335
12523,normal,normal,0.9963442563824814
12524,normal,normal,0.998107529031277
12525,normal,normal,0.9902989990128581
12526,attack,normal,0.9554693348586447
12527,normal,normal,0.99747936827536
12528,attack,attack,0.002704136806428261
12529,attack,attack,0.002973494016485196
12530,attack,normal,0.5904122061945619
12531,attack,attack,0.30724746274239734
12532,normal,normal,0.9975990046305088
12533,attack,attack,1.1946068054420813e-06
12534,attack,attack,0.29905029718494114
12535,attack,normal,0.999999905842526
12536,attack,attack,0.0010967961969066237
12537,normal,normal,0.9991230832612565
12538,attack,normal,0.9821248683911357
12539,attack,attack,4.049771667863934e-05
12540,attack,normal,0.995119071212643
12541,attack,normal,0.6815201379503855
12542,attack,attack,0.00012731308796836829
12543,normal,normal,0.5459721985752327
12544,normal,normal,0.9971713629064267
12545,normal,normal,0.9943277008570565
12546,normal,normal,0.9995798697220475
12547,attack,attack,0.005882697460447266
12548,attack,normal,0.9999997296325736
12549,attack,attack,0.0014790844105819253
12550,normal,normal,0.9950331783720292
12551,normal,attack,0.005142911385981751
12552,attack,normal,0.7690753580381808
12553,attack,normal,0.9999997167718423
12554,attack,normal,0.9497503933526147
12555,attack,attack,0.27435772667679004
12556,normal,normal,0.9972796876565847
12557,normal,normal,0.9880473438328585
12558,attack,normal,0.9986509334580365
12559,attack,normal,0.978955445347713
12560,attack,normal,0.9999999686505964
12561,attack,attack,3.3016346271952267e-07
12562,normal,normal,0.9999907781090788
12563,normal,normal,0.9848015458358939
12564,attack,attack,0.0001174077081544667
12565,normal,normal,0.9971530552010708
12566,attack,attack,0.3352391113836265
12567,attack,normal,0.995555063992324
12568,attack,normal,0.9528531178074201
12569,attack,normal,0.9976927566864064
12570,attack,normal,0.8792105335142183
12571,normal,normal,0.9827352551975518
12572,attack,attack,0.00019529380955102702
12573,attack,normal,0.9947074102239832
12574,normal,normal,0.9973707989684154
12575,normal,attack,0.017751733533272664
12576,attack,attack,4.493624495435163e-06
12577,attack,attack,2.1328982143652145e-05
12578,normal,normal,0.9866183420085882
12579,attack,normal,0.937322801760682
12580,attack,normal,0.8877966345668272
12581,normal,normal,0.9996317332466869
12582,attack,normal,0.9972786313769341
12583,attack,attack,0.22152713706528324
12584,attack,attack,0.002325893344128033
12585,attack,attack,0.027026561161853355
12586,attack,attack,7.370415648261154e-07
12587,normal,normal,0.989719344018374
12588,attack,attack,0.0001089550981414249
12589,normal,normal,0.9913537161025373
12590,normal,normal,0.9972335511539153
12591,normal,normal,0.9835386354744032
12592,attack,normal,0.9999999253460148
12593,attack,normal,0.9958487190473188
12594,normal,normal,0.9850079403468804
12595,normal,normal,0.9892993663831603
12596,attack,attack,0.02440605527898694
12597,normal,normal,0.9991225982507106
12598,attack,normal,0.9812020350928704
12599,attack,attack,0.0002148401288018665
12600,attack,normal,0.6175689813583275
12601,attack,attack,0.0016329202321484053
12602,normal,normal,0.9980753834187956
12603,normal,normal,0.9753251920190827
12604,normal,normal,0.9219406952542496
12605,attack,attack,0.07827782350330226
12606,attack,attack,0.0010234465325755797
12607,attack,normal,0.7186834147315972
12608,attack,attack,0.00023585562235934558
12609,normal,normal,0.9822737462254368
12610,normal,normal,0.9974676771673282
12611,normal,normal,0.9980544280447763
12612,normal,normal,0.9871191034515499
12613,normal,normal,0.99050585341871
12614,normal,normal,0.9975190829244248
12615,normal,normal,0.9997149002091056
12616,attack,normal,0.9964343911920401
12617,normal,normal,0.9833436356430332
12618,attack,attack,0.0007119094818766264
12619,attack,attack,6.283214227716783e-07
12620,attack,normal,0.998256512795863
12621,attack,attack,0.0041001883365377936
12622,normal,normal,0.999878695943697
12623,attack,attack,0.00011476423697896983
12624,attack,normal,0.9999998384052037
12625,normal,normal,0.9975948487158707
12626,attack,normal,0.9988548729302995
12627,normal,normal,0.9316849062519282
12628,normal,normal,0.9010537395222357
12629,attack,attack,0.0001751201205782593
12630,attack,attack,0.1440573148874872
12631,attack,attack,2.598739348725089e-06
12632,attack,attack,0.00026444456715363034
12633,normal,normal,0.9980008147659096
12634,attack,attack,0.14483742892260265
12635,attack,attack,4.961259441109485e-08
12636,normal,normal,0.9958120700147585
12637,normal,normal,0.9930476616288004
12638,normal,normal,0.9881051579044976
12639,attack,attack,0.026620011930033535
12640,normal,normal,0.9906150408595107
12641,attack,attack,0.005233089571204871
12642,normal,normal,0.989782805327964
12643,normal,normal,0.9975742546887686
12644,normal,normal,0.9905837380265392
12645,normal,normal,0.9901020715836655
12646,attack,attack,0.04127652263729574
12647,attack,attack,0.00012321282614516566
12648,normal,normal,0.9972730131813666
12649,attack,normal,0.9999945636531667
12650,attack,attack,0.010006619662620012
12651,normal,normal,0.9943587774858621
12652,normal,normal,0.9797202206291165
12653,attack,normal,0.9999993057603879
12654,attack,attack,9.039057681851057e-05
12655,normal,normal,0.9877739698702901
12656,normal,normal,0.9923635955819102
12657,attack,attack,1.034836565679497e-06
12658,attack,attack,0.017448837911265593
12659,attack,normal,0.7293978241982928
12660,attack,normal,0.9428902604005265
12661,normal,normal,0.9959137146341669
12662,attack,normal,0.9994918131769173
12663,attack,normal,0.9358507392424884
12664,attack,attack,0.00012409202765121621
12665,normal,normal,0.9981448408037371
12666,normal,normal,0.9990111435925313
12667,attack,normal,0.9975067240125342
12668,attack,attack,3.857019878844213e-07
12669,normal,normal,0.7652539910127836
12670,attack,attack,0.005603502674979019
12671,attack,attack,0.012105672530105475
12672,normal,normal,0.9938916828157933
12673,attack,attack,0.0007297541900046127
12674,attack,normal,0.9999994379041657
12675,normal,normal,0.9970314452134417
12676,attack,attack,0.0003046149627025698
12677,normal,normal,0.9964821770474277
12678,attack,attack,0.00015100086574328973
12679,attack,attack,0.0029310355065549736
12680,attack,normal,0.9985155464435321
12681,attack,attack,6.479604063264574e-07
12682,normal,normal,0.9916850054337043
12683,attack,normal,0.998293992058467
12684,attack,attack,0.0015897674052381195
12685,normal,normal,0.9973817992833189
12686,attack,attack,0.0012935890500993372
12687,normal,normal,0.9973076065413807
12688,normal,attack,0.004055380391794302
12689,normal,normal,0.9905173639804663
12690,normal,normal,0.9994007284257722
12691,normal,normal,0.9980818276086668
12692,attack,attack,0.04724217200569178
12693,normal,normal,0.9992260522046624
12694,normal,normal,0.9953202832819756
12695,normal,normal,0.5373666203562957
12696,normal,normal,0.9996412823438023
12697,attack,attack,0.04604690472538134
12698,attack,attack,0.00020173731038188551
12699,normal,normal,0.983281969770659
12700,normal,normal,0.9550022911475523
12701,attack,normal,0.7360975997692785
12702,normal,normal,0.9968085886369549
12703,attack,normal,0.9933963620919715
12704,attack,normal,0.9992333641185374
12705,attack,normal,0.9999998642456105
12706,normal,normal,0.9964671648180283
12707,attack,normal,0.9999942622535691
12708,attack,attack,4.298068985276058e-06
12709,attack,attack,0.009414590690623085
12710,normal,normal,0.8891546950606254
12711,attack,normal,0.9999999318450472
12712,normal,normal,0.9364223790095182
12713,attack,attack,0.4212735797860548
12714,normal,normal,0.9976408316140364
12715,attack,attack,1.2689321727606102e-06
12716,normal,normal,0.9956736928930352
12717,attack,normal,0.7515434023080124
12718,attack,attack,0.021301184407457603
12719,normal,normal,0.9649701897298514
12720,attack,normal,0.9984996105054467
12721,attack,attack,0.0011305875971195332
12722,attack,normal,0.9973469215951954
12723,normal,attack,0.00240379057433156
12724,normal,normal,0.9939960819001833
12725,attack,attack,1.3641479968435294e-06
12726,normal,normal,0.9762936478809738
12727,attack,attack,0.020166985584103264
12728,normal,normal,0.9974813853839252
12729,normal,normal,0.9877713801766274
12730,attack,attack,0.00021386262897181194
12731,attack,attack,9.745876895357401e-05
12732,normal,attack,6.160260498814308e-08
12733,normal,normal,0.9874276591290893
12734,attack,attack,5.509085371797585e-07
12735,attack,normal,0.9080608657390784
12736,attack,attack,0.002679543067903888
12737,attack,normal,0.7810557166900081
12738,attack,normal,0.9853052516306628
12739,normal,normal,0.9609689860045258
12740,attack,attack,0.0013922794241098529
12741,attack,attack,4.53011003003932e-07
12742,normal,normal,0.9997204940007111
12743,attack,normal,0.988995624926484
12744,attack,attack,0.05660104973382975
12745,attack,attack,0.024870552377914273
12746,attack,normal,0.997603086018036
12747,attack,attack,6.602630560142762e-05
12748,attack,attack,0.0017384530592882673
12749,attack,attack,0.0010971210974698778
12750,attack,attack,5.885231520964277e-07
12751,normal,normal,0.9974513541431811
12752,normal,normal,0.9974011560367804
12753,attack,attack,0.014504655983868776
12754,attack,attack,0.005784880893557233
12755,attack,normal,0.9999996674371301
12756,attack,attack,0.0008721430785598265
12757,attack,attack,1.5385617711266338e-07
12758,normal,normal,0.9880170798974138
12759,attack,attack,0.006667005974894733
12760,normal,normal,0.9980510083830226
12761,normal,normal,0.9948506072076828
12762,normal,normal,0.9951082329318115
12763,normal,normal,0.997544036120952
12764,attack,attack,0.10596202135032366
12765,attack,normal,0.9371070038751198
12766,attack,normal,0.7646041176321763
12767,attack,attack,0.0002604632943972946
12768,attack,normal,0.9994262456777637
12769,attack,attack,1.698510560527421e-07
12770,attack,attack,0.32282513982529265
12771,normal,normal,0.9981082458060833
12772,normal,normal,0.9614904318228149
12773,normal,normal,0.9980554885110661
12774,attack,normal,0.5531852102280145
12775,attack,normal,0.943885951042767
12776,normal,normal,0.9869936075409022
12777,normal,attack,0.0034953708823206647
12778,attack,normal,0.9342372443091078
12779,normal,normal,0.9996700984428425
12780,normal,normal,0.9951989673444133
12781,attack,attack,0.0001510406195767761
12782,normal,normal,0.9908043095366635
12783,attack,attack,1.9987317252594667e-06
12784,normal,normal,0.99278026744944
12785,attack,attack,0.0001171134823184454
12786,normal,normal,0.989529371293767
12787,normal,normal,0.9899934445203727
12788,attack,attack,0.00046575647759192565
12789,attack,attack,0.0013172248442858078
12790,normal,normal,0.9879227556912129
12791,normal,normal,0.9899481103848529
12792,attack,attack,0.003216653962177754
12793,attack,attack,0.0032268598194535566
12794,attack,normal,0.9988617500491629
12795,attack,normal,0.9309734571978551
12796,normal,attack,0.0039849115696083985
12797,attack,normal,0.9999998213940114
12798,attack,normal,0.8150555311665755
12799,normal,normal,0.9865802433010147
12800,attack,attack,0.04942107061404048
12801,attack,attack,0.0268394364294582
12802,attack,attack,0.0005009400405446361
12803,attack,normal,0.9923494137712634
12804,attack,attack,1.4876796266779399e-08
12805,attack,normal,0.5492822934225953
12806,attack,attack,0.0001470813505003037
12807,attack,attack,0.0006463901586608818
12808,normal,attack,0.005457380839117832
12809,normal,normal,0.9908999585691836
12810,attack,normal,0.999999914111368
12811,attack,normal,0.7731201069116287
12812,attack,normal,0.9953624826523698
12813,normal,normal,0.9912418783139793
12814,attack,attack,4.119298725912881e-07
12815,normal,normal,0.9973824659259168
12816,attack,normal,0.9999937876541943
12817,normal,normal,0.997777593006373
12818,attack,attack,0.000542851312862804
12819,normal,normal,0.9929871832905486
12820,attack,attack,0.00010277371937415565
12821,normal,normal,0.9276321482019159
12822,normal,normal,0.9968534452034729
12823,normal,normal,0.9947055073424046
12824,normal,normal,0.9893224569986498
12825,attack,attack,0.00027294907142255936
12826,attack,attack,0.0008293671930800407
12827,attack,attack,4.243121990283364e-08
12828,attack,normal,0.8125238260303856
12829,normal,normal,0.9982158316951074
12830,attack,normal,0.9999999714871614
12831,normal,normal,0.9970587920508471
12832,attack,attack,0.0289545767745936
12833,attack,normal,0.9421427300551128
12834,normal,normal,0.9946152754724172
12835,attack,attack,0.0006977563944728876
12836,attack,attack,0.0031971279260790066
12837,normal,normal,0.9933194890910357
12838,attack,attack,0.015160578020140642
12839,attack,normal,0.9987145853822661
12840,normal,normal,0.9991304934838401
12841,attack,normal,0.5935329021632046
12842,attack,normal,0.9964062049755393
12843,attack,normal,0.7199370635591316
12844,normal,normal,0.9952596903735816
12845,attack,attack,0.02271043582642587
12846,normal,normal,0.9972747871996849
12847,attack,attack,0.02806431935863948
12848,attack,attack,0.0007765227810512662
12849,attack,attack,0.11277109015078514
12850,attack,attack,9.873364683725042e-08
12851,attack,attack,2.0118550695185838e-06
12852,attack,attack,0.374657999930759
12853,attack,attack,0.0005448260582298248
12854,attack,attack,0.01620635683247378
12855,attack,normal,0.9239376743988271
12856,attack,normal,0.5785393572142634
12857,normal,normal,0.9824202104348495
12858,attack,normal,0.936622741392594
12859,attack,attack,0.006118951896787563
12860,attack,attack,0.002103997367529735
12861,normal,normal,0.9980487231868679
12862,attack,attack,0.00021334440298049172
12863,attack,attack,0.0008664379381358907
12864,attack,attack,0.0007654260152250293
12865,attack,normal,0.6406135584361983
12866,normal,normal,0.9138806228625443
12867,attack,attack,0.0008537868521870206
12868,normal,normal,0.9339138151378656
12869,normal,normal,0.9948170340986976
12870,attack,normal,0.9272943879719101
12871,attack,normal,0.9984255809188985
12872,attack,attack,1.917802357127506e-07
12873,attack,normal,0.99654819211893
12874,normal,normal,0.9889979204035764
12875,attack,attack,2.040439425985947e-06
12876,normal,normal,0.9866249068685875
12877,attack,attack,0.001565921464836228
12878,attack,normal,0.6940909116848035
12879,normal,normal,0.9933350139439945
12880,attack,attack,0.021058843064417826
12881,normal,normal,0.9996820720786519
12882,attack,attack,7.004482900422946e-05
12883,attack,normal,0.94437045925028
12884,attack,normal,0.9999999169337166
12885,attack,attack,0.01581190018722914
12886,attack,normal,0.9380231465654076
12887,attack,attack,0.007398942987780518
12888,attack,attack,0.00032062241479460877
12889,normal,normal,0.9836881008335111
12890,normal,normal,0.9908962490638413
12891,attack,attack,5.895377653908687e-05
12892,normal,normal,0.9925614945448034
12893,attack,attack,5.477889318452651e-07
12894,normal,normal,0.9947147490328547
12895,normal,normal,0.9979224929641952
12896,attack,attack,0.001739291813623544
12897,attack,attack,0.08509059352628391
12898,normal,normal,0.997176985251445
12899,normal,normal,0.9942125182223365
12900,normal,normal,0.9882980622078714
12901,attack,attack,0.002025542245585199
12902,attack,normal,0.9226213942887254
12903,attack,normal,0.9981299559677772
12904,normal,normal,0.9895709209593653
12905,attack,attack,0.0003070554865274233
12906,normal,normal,0.9977549438167231
12907,normal,normal,0.9866631557813479
12908,normal,normal,0.9899952082444422
12909,normal,normal,0.9968774210306559
12910,normal,attack,0.0053158199428836525
12911,attack,attack,0.0015070606967896088
12912,attack,normal,0.9990540729309831
12913,attack,attack,0.18402318155166114
12914,attack,normal,0.9989727006775343
12915,normal,normal,0.990510010969485
12916,attack,attack,3.6029381688826843e-08
12917,attack,attack,1.5013212808788929e-06
12918,attack,attack,0.4930914373088554
12919,normal,normal,0.9757700390214366
12920,normal,normal,0.9825894724646888
12921,attack,attack,1.8092969361940346e-06
12922,attack,attack,0.0005109326028612683
12923,normal,normal,0.9864771786771733
12924,normal,normal,0.9855113376092861
12925,normal,normal,0.9894615831801366
12926,attack,attack,0.0512920551942416
12927,normal,normal,0.9974820280450324
12928,normal,normal,0.9862113649333574
12929,attack,normal,0.9507525935339002
12930,attack,normal,0.9355239350968704
12931,normal,normal,0.9872932425605582
12932,attack,attack,1.0430433457208847e-05
12933,normal,normal,0.9948878440891972
12934,normal,normal,0.9855261306301913
12935,normal,normal,0.9874089007214962
12936,attack,attack,0.001605988072855641
12937,attack,attack,0.002092540002978427
12938,normal,normal,0.9942151525138601
12939,normal,normal,0.9877908557942376
12940,attack,normal,0.9364823050746788
12941,attack,attack,0.00178781239073693
12942,attack,attack,0.016646970284435198
12943,normal,normal,0.9950495249626337
12944,attack,attack,0.00018382833799432592
12945,attack,attack,0.005852470089267524
12946,normal,normal,0.9998248413062152
12947,attack,attack,0.0012922749840566263
12948,normal,normal,0.9939641208307466
12949,attack,attack,0.01987244879287788
12950,normal,normal,0.9902026951123868
12951,attack,normal,0.9994953001787917
12952,attack,attack,0.002806960842244227
12953,normal,normal,0.9859240830329544
12954,attack,normal,0.9506489314932547
12955,attack,normal,0.9797241870142177
12956,attack,attack,0.24372024705024484
12957,attack,normal,0.7315675126057332
12958,attack,normal,0.9985549288519537
12959,attack,attack,0.03711567269765154
12960,normal,normal,0.9979226067179866
12961,attack,attack,9.706222675702094e-05
12962,normal,normal,0.9827463048265743
12963,attack,attack,2.6209994320658684e-09
12964,attack,attack,0.0001646935447585565
12965,attack,normal,0.9989293163455122
12966,attack,attack,0.0006387535013833988
12967,attack,attack,0.015299494479108161
12968,attack,attack,0.04496281243530165
12969,normal,attack,0.005197369062412907
12970,attack,attack,0.0017520870145680217
12971,attack,attack,4.662959299492367e-08
12972,attack,attack,0.0004795277262441758
12973,normal,normal,0.9981033475653784
12974,attack,attack,0.001363824472235031
12975,normal,normal,0.9847366711193751
12976,attack,attack,2.4229782905261677e-06
12977,normal,normal,0.9916454774870076
12978,attack,attack,0.01013377495794052
12979,normal,normal,0.9928050568925617
12980,attack,attack,0.00022610848318621926
12981,normal,normal,0.9960296416181076
12982,normal,normal,0.9940190072083367
12983,attack,attack,0.08271784877711821
12984,attack,attack,0.046571832943330664
12985,normal,normal,0.9973411130455149
12986,normal,normal,0.985749184833166
12987,attack,normal,0.6988154391486191
12988,attack,attack,0.1229543102307878
12989,normal,normal,0.9968566843145699
12990,attack,attack,0.00031139480305327204
12991,normal,normal,0.9923026600468119
12992,attack,normal,0.7622293714570051
12993,attack,attack,7.047081229885787e-07
12994,normal,normal,0.9969189849702281
12995,attack,attack,0.15016324948083645
12996,normal,normal,0.9963073850143968
12997,normal,normal,0.9998402381580488
12998,normal,normal,0.9899990978153297
12999,attack,normal,0.9893212720356341
13000,attack,attack,0.002202493605324553
13001,normal,normal,0.997369788265198
13002,attack,normal,0.9985770109000325
13003,attack,normal,0.9167678745588336
13004,attack,normal,0.9936488669979239
13005,normal,normal,0.9953073669149507
13006,attack,normal,0.9975461818931345
13007,attack,attack,0.030907976219069388
13008,attack,normal,0.936482484211314
13009,normal,normal,0.987038671296357
13010,normal,normal,0.9880731051535746
13011,normal,normal,0.9977239358768819
13012,attack,attack,0.1007647155211242
13013,attack,attack,0.00016259665424610305
13014,normal,normal,0.9988976078362705
13015,attack,attack,3.7221578166720825e-07
13016,attack,normal,0.9532710042107677
13017,attack,attack,0.015073826530274
13018,attack,attack,5.827059778827773e-07
13019,attack,attack,0.0028943741341335323
13020,attack,normal,0.9873254824719013
13021,attack,attack,0.008743576268661988
13022,attack,attack,0.016756528739400412
13023,attack,normal,0.9991338660843635
13024,attack,attack,0.00010421501632189531
13025,attack,normal,0.999077829541406
13026,attack,attack,2.3524372331495953e-07
13027,attack,attack,9.979950955566247e-05
13028,attack,attack,2.815746606215976e-07
13029,normal,normal,0.997935731321325
13030,normal,normal,0.9961894177195202
13031,attack,attack,0.031442152200666894
13032,normal,normal,0.9974049811728453
13033,normal,normal,0.9995719929356972
13034,attack,attack,0.44255071910679217
13035,attack,normal,0.7702848884556788
13036,normal,normal,0.9906757358833747
13037,attack,normal,0.9412890358447296
13038,normal,normal,0.9835861500511858
13039,attack,attack,0.23073377743518814
13040,attack,normal,0.8031631606641544
13041,attack,attack,7.210003982216461e-06
13042,normal,normal,0.9969083148304954
13043,attack,normal,0.995023781620454
13044,attack,attack,3.583456909856656e-05
13045,attack,normal,0.9999995459577479
13046,attack,attack,0.04491528813294408
13047,attack,normal,0.9947774784902121
13048,attack,attack,0.00027440310881822873
13049,normal,normal,0.9974710076864884
13050,normal,normal,0.9864521664465989
13051,normal,normal,0.9884294718170133
13052,attack,attack,0.00027667695997613803
13053,attack,attack,0.0007500335761243106
13054,attack,normal,0.9984855623986287
13055,attack,normal,0.9864205665338935
13056,normal,normal,0.9968429795738717
13057,normal,normal,0.9976440321580329
13058,attack,attack,4.8204299726518905e-08
13059,attack,normal,0.9341794155983774
13060,attack,normal,0.9878363970076609
13061,normal,normal,0.9940642324327061
13062,attack,attack,0.0042220623469028645
13063,attack,normal,0.8223571382879226
13064,normal,normal,0.9995039139979093
13065,normal,attack,0.005142917289487122
13066,attack,normal,0.700514590917809
13067,attack,attack,0.0010637863635817243
13068,normal,normal,0.9955791570007537
13069,normal,normal,0.9898684417627515
13070,normal,normal,0.9953005088971756
13071,attack,normal,0.9965431573842279
13072,attack,attack,0.04392052656194039
13073,attack,attack,0.00011701994879755796
13074,attack,normal,0.9987156696714097
13075,normal,normal,0.9870390491616285
13076,normal,normal,0.996328093956239
13077,attack,attack,0.0003270454790827202
13078,normal,normal,0.9962463379764506
13079,attack,normal,0.9985563601762294
13080,attack,normal,0.9989962096215231
13081,normal,normal,0.9966278013159812
13082,attack,attack,1.5314720439790746e-06
13083,attack,attack,0.00010666106998877927
13084,attack,normal,0.9525053060699018
13085,attack,attack,0.022335058991877346
13086,normal,normal,0.98551118972119
13087,normal,normal,0.9861278138534318
13088,normal,normal,0.9953934997874677
13089,normal,attack,1.388156841378438e-07
13090,attack,normal,0.8997906307882827
13091,attack,attack,0.02623903807530592
13092,normal,normal,0.9944140480518227
13093,attack,attack,0.05639367935568218
13094,attack,normal,0.7637201180116581
13095,normal,normal,0.997678619814492
13096,normal,normal,0.9949519738882089
13097,attack,attack,0.25780188589712033
13098,attack,attack,0.002774666414181554
13099,attack,attack,1.9729245967841057e-08
13100,normal,normal,0.9980301390586378
13101,attack,attack,0.0009380332368414814
13102,attack,normal,0.9966775242781384
13103,normal,normal,0.9958546092432868
13104,attack,normal,0.9414194579642844
13105,normal,normal,0.9865508869636593
13106,attack,normal,0.9505943058954277
13107,attack,attack,1.9722229598144043e-06
13108,attack,normal,0.9999999326241752
13109,normal,normal,0.9975933005834957
13110,attack,normal,0.9372449303084022
13111,attack,attack,0.0005775276367303299
13112,attack,normal,0.7151726148787658
13113,attack,attack,1.9398017534663743e-05
13114,normal,normal,0.9707984601660217
13115,attack,attack,0.00727008997401507
13116,attack,attack,1.569763628432525e-08
13117,attack,attack,0.00036734975990502903
13118,normal,normal,0.9905880530163147
13119,attack,normal,0.9999998662338753
13120,normal,normal,0.9870626392346687
13121,attack,normal,0.998929173363646
13122,normal,normal,0.9979380802955435
13123,normal,normal,0.9998160962479321
13124,normal,normal,0.9888050495990163
13125,normal,normal,0.9908042769786282
13126,normal,normal,0.9885494892195598
13127,attack,normal,0.9999944175396313
13128,attack,attack,0.0002802299646952529
13129,attack,attack,0.00021078392633423767
13130,attack,attack,0.014107065479878812
13131,normal,normal,0.9905372452463881
13132,attack,normal,0.9953285545324237
13133,attack,attack,0.04614332872233807
13134,attack,attack,0.00022297710695808563
13135,attack,normal,0.9999998300281421
13136,normal,normal,0.9930006445338488
13137,attack,attack,0.20124371532223495
13138,attack,attack,0.0012861759965434396
13139,attack,normal,0.9999999164292287
13140,attack,attack,0.0008378237890440334
13141,attack,attack,1.95290502358855e-05
13142,attack,attack,0.00031163673011211634
13143,attack,normal,0.9853761430694162
13144,normal,normal,0.9981976426730357
13145,normal,normal,0.6733578719620844
13146,attack,attack,3.835450367341236e-07
13147,normal,normal,0.9970346127067004
13148,attack,normal,0.9677373659684783
13149,normal,attack,0.0056217334932057925
13150,attack,attack,0.00024787369223522467
13151,attack,normal,0.9341192916806559
13152,attack,attack,0.020173378759537813
13153,normal,normal,0.9891197620043757
13154,normal,normal,0.9941006575821898
13155,attack,attack,0.0009232256233037333
13156,normal,normal,0.9946398165641709
13157,attack,attack,0.0130252115950836
13158,attack,attack,0.00126198800409511
13159,attack,attack,0.04127600828235059
13160,normal,normal,0.9945116633101201
13161,normal,normal,0.9872182060946667
13162,normal,normal,0.9901985259830128
13163,normal,normal,0.9968828989563991
13164,normal,normal,0.9951351344563001
13165,normal,normal,0.996490634290195
13166,attack,attack,0.005336201363163846
13167,attack,attack,0.05603918884140359
13168,attack,attack,0.05682152621429832
13169,attack,attack,9.056254670031431e-05
13170,normal,normal,0.9990859050774676
13171,normal,normal,0.9759824569256348
13172,attack,normal,0.9414364027300862
13173,attack,attack,0.0013132356407904119
13174,attack,normal,0.9999997241269931
13175,normal,normal,0.9891221524151519
13176,attack,attack,0.025713343893568306
13177,normal,normal,0.9883573569732739
13178,normal,normal,0.9980919813027234
13179,attack,attack,0.00011744098200661258
13180,attack,normal,0.934179256876642
13181,attack,normal,0.992746731651787
13182,normal,normal,0.9903973348808003
13183,normal,normal,0.994026921724966
13184,normal,normal,0.9963551361627245
13185,attack,normal,0.934827539368088
13186,normal,normal,0.9950144620705014
13187,normal,normal,0.9873511920127785
13188,normal,attack,0.004177669821709617
13189,normal,normal,0.999178270427891
13190,attack,attack,0.0012982639214954108
13191,normal,attack,0.00745591446307895
13192,attack,attack,9.818415497700334e-09
13193,attack,normal,0.9978425638939769
13194,normal,normal,0.9899793865204963
13195,attack,attack,0.007787551846259992
13196,attack,normal,0.9965048464845839
13197,normal,normal,0.9897158027465058
13198,normal,normal,0.995495428267992
13199,normal,normal,0.9977274639205705
13200,normal,normal,0.9851123946490354
13201,attack,attack,0.00014572509511818812
13202,normal,attack,0.08402906181708633
13203,normal,normal,0.9875510176032616
13204,attack,attack,2.906843465670753e-07
13205,normal,normal,0.9847404925449474
13206,attack,attack,0.0017364461135223675
13207,attack,attack,0.020051726343858423
13208,normal,normal,0.9973012287199607
13209,attack,attack,0.30073605698404327
13210,normal,normal,0.9870682552386232
13211,attack,attack,5.928662990100578e-07
13212,attack,normal,0.9950320072705227
13213,attack,attack,5.920400914249455e-06
13214,normal,normal,0.9899082683860129
13215,attack,attack,4.4710284913283254e-07
13216,attack,normal,0.6400309055633256
13217,normal,normal,0.9976701173743192
13218,attack,attack,3.550230490292776e-08
13219,attack,attack,0.0866302276569193
13220,attack,attack,0.0012144307204390336
13221,normal,normal,0.9974725904652765
13222,attack,attack,0.0010442794758061585
13223,normal,normal,0.9901784310603308
13224,normal,normal,0.9889128641046157
13225,attack,normal,0.9641896255137873
13226,normal,normal,0.9966867829532187
13227,attack,attack,0.00032362564493302134
13228,attack,normal,0.9366750474159311
13229,normal,normal,0.9878659949076251
13230,attack,normal,0.9999999182346915
13231,normal,normal,0.948810143446176
13232,normal,normal,0.9965521960132813
13233,attack,attack,0.00018795108040091092
13234,normal,normal,0.9965562316963007
13235,attack,normal,0.9987575417686696
13236,attack,attack,4.5755893646690946e-08
13237,attack,attack,0.010151722253153117
13238,attack,attack,0.024708183316485673
13239,normal,normal,0.9968856082320846
13240,normal,normal,0.9963707968866281
13241,normal,normal,0.9938729846355214
13242,normal,normal,0.9979308036223857
13243,normal,normal,0.9847065282915818
13244,attack,normal,0.9995670855466573
13245,attack,normal,0.9460406366384712
13246,normal,normal,0.9881992004955215
13247,attack,attack,0.00021392323271713889
13248,normal,normal,0.9975484433150315
13249,attack,attack,0.38383781092186703
13250,normal,normal,0.9897641871653475
13251,normal,normal,0.9974011806249927
13252,normal,normal,0.9919932716109886
13253,normal,normal,0.938580912685739
13254,attack,attack,3.829867123336433e-08
13255,attack,normal,0.7544030546870503
13256,normal,normal,0.9963823463190066
13257,attack,attack,0.0001726040059994003
13258,attack,normal,0.9395150675902222
13259,normal,normal,0.9994544929322454
13260,attack,normal,0.9946133959000099
13261,attack,attack,0.00011325229241381696
13262,normal,normal,0.9970948945570433
13263,attack,attack,0.0001077409311056623
13264,attack,normal,0.9999997602418795
13265,attack,normal,0.9999998001867223
13266,attack,normal,0.9985211689753103
13267,normal,normal,0.9981154935673866
13268,attack,attack,0.0003494764388998534
13269,normal,normal,0.9681884281084705
13270,normal,attack,0.027706023673341258
13271,attack,normal,0.7654396225457846
13272,attack,attack,0.37826151408829123
13273,normal,attack,3.201161270790301e-05
13274,normal,normal,0.9970272816361916
13275,normal,normal,0.9984240424279215
13276,normal,attack,0.004584667614167665
13277,attack,attack,2.8908271898282116e-05
13278,normal,normal,0.987821065968886
13279,attack,attack,6.848347766562587e-09
13280,normal,normal,0.9943835150150693
13281,attack,attack,0.05219652593717887
13282,normal,normal,0.9978327036744451
13283,attack,normal,0.9341793891447796
13284,attack,normal,0.9969282608028175
13285,normal,normal,0.9903038415177733
13286,normal,normal,0.9870002878041084
13287,normal,normal,0.9968357980438552
13288,attack,attack,0.10525099737261415
13289,attack,normal,0.8990280923865638
13290,attack,normal,0.9968715656572964
13291,attack,normal,0.9382316962754164
13292,attack,normal,0.9993362793452675
13293,normal,attack,0.003836147227249924
13294,normal,normal,1.0
13295,normal,normal,0.9989092486043448
13296,normal,normal,0.9950290139884118
13297,attack,normal,0.9999999408226428
13298,attack,normal,0.7939932255283971
13299,normal,normal,0.9978152458370945
13300,attack,normal,0.9352120575913366
13301,attack,attack,3.2292100208664883e-06
13302,normal,normal,0.990849161646504
13303,attack,normal,0.9833238480911035
13304,attack,normal,0.9999999150978495
13305,normal,normal,0.9878395561015136
13306,normal,normal,0.9995845637937164
13307,attack,attack,0.0008055864701950633
13308,attack,normal,0.9956791535788417
13309,normal,normal,0.9927202566947001
13310,attack,attack,0.009296923728231255
13311,attack,normal,0.9333807916862304
13312,attack,attack,0.03285084773780484
13313,attack,attack,0.00012243376950815595
13314,normal,normal,0.8773817784153574
13315,attack,normal,0.9984431712998297
13316,attack,attack,4.7036904100601454e-05
13317,attack,attack,0.0002777021919529401
13318,attack,normal,0.9875211156176658
13319,attack,attack,0.000840114168975415
13320,attack,normal,0.6850707825636274
13321,normal,normal,0.990205521656594
13322,normal,normal,0.9919792772206711
13323,normal,normal,0.9899983227165273
13324,attack,attack,0.028429418194521296
13325,attack,normal,0.999268176997868
13326,normal,normal,0.9937702935401094
13327,attack,normal,0.9842369655962044
13328,attack,attack,0.0008786470941109831
13329,normal,normal,0.9982815633343778
13330,attack,attack,0.0011976423599682642
13331,attack,attack,0.00020369291548281586
13332,normal,normal,0.9883751738846608
13333,normal,normal,0.9988185055909944
13334,normal,normal,0.9399206998820988
13335,attack,attack,0.3313435971634372
13336,attack,normal,0.9920751261282456
13337,attack,attack,0.0008085445943773288
13338,attack,normal,0.7799549125469709
13339,attack,normal,0.7590088775321592
13340,normal,normal,0.9977669005258484
13341,attack,attack,0.0014733557636051888
13342,normal,normal,0.9891250064774438
13343,attack,attack,0.2767334404207379
13344,attack,attack,4.909893583688778e-06
13345,attack,attack,0.13966935606274078
13346,normal,attack,0.00470269555027674
13347,attack,attack,0.00017593842287246452
13348,attack,normal,0.9992319038132231
13349,normal,normal,0.9342345836083911
13350,normal,normal,0.6837811745823449
13351,normal,normal,0.9996983025597713
13352,attack,attack,0.00021391261201176177
13353,normal,normal,0.9979314895511087
13354,attack,attack,0.0001401504233954939
13355,attack,attack,0.027306460451528427
13356,normal,normal,0.9979406310904355
13357,attack,attack,0.0008452563900446482
13358,normal,normal,0.998372167547153
13359,normal,normal,0.9895837915637886
13360,normal,normal,0.9872765178630292
13361,normal,normal,0.9998327777844073
13362,normal,normal,0.9903694148158391
13363,attack,normal,0.9972065275912723
13364,attack,normal,0.9366227454540743
13365,attack,attack,0.0008068452855888705
13366,normal,normal,0.9959961612890612
13367,normal,normal,0.9947623547103538
13368,attack,normal,0.9999999017821996
13369,normal,normal,0.9865480109004369
13370,attack,attack,0.0010988887542781804
13371,normal,normal,0.9994159577748384
13372,attack,attack,0.0058469156233759995
13373,normal,normal,0.9974414046681265
13374,normal,normal,0.9908756287776965
13375,attack,normal,0.9966013337472986
13376,attack,attack,0.0708440180553364
13377,attack,attack,2.493859488056856e-07
13378,normal,normal,0.974700316112624
13379,normal,normal,0.9936302350761541
13380,attack,attack,0.00838026262970424
13381,normal,normal,0.8934604474191391
13382,attack,attack,0.0007104744038520718
13383,attack,attack,0.0036896480798409292
13384,normal,normal,0.9979491620608403
13385,normal,normal,0.987940821537804
13386,attack,attack,0.3832930821545706
13387,attack,normal,0.9371105344047899
13388,attack,normal,0.7722729132137112
13389,attack,attack,0.14599564577263033
13390,attack,normal,0.7384334298142149
13391,attack,attack,0.0001330953253536575
13392,attack,normal,0.9989725666609374
13393,normal,normal,0.9993744464111834
13394,attack,attack,0.0005668932610363163
13395,attack,attack,0.0039308046334044205
13396,normal,normal,0.9877790454959637
13397,normal,normal,0.997847619872296
13398,normal,normal,0.9912853014453433
13399,attack,attack,6.800939331900446e-08
13400,attack,normal,0.9989952652599534
13401,normal,normal,0.989240532701323
13402,normal,attack,0.008698599632542025
13403,attack,attack,0.004124069047218733
13404,attack,attack,0.19288709563709774
13405,attack,attack,0.29717635917326596
13406,attack,attack,1.7039580620881063e-06
13407,attack,attack,0.0021756012569019863
13408,normal,normal,0.9999994348447666
13409,normal,normal,0.9925651902603735
13410,normal,normal,0.997608972223744
13411,attack,attack,0.0015830429105861302
13412,attack,attack,0.007474327750266285
13413,attack,attack,0.00010002452955727709
13414,normal,normal,0.9973452990846752
13415,attack,attack,0.022030286777537732
13416,normal,normal,0.961557100092853
13417,attack,normal,0.8599228441543083
13418,normal,normal,0.9964225106760034
13419,normal,normal,0.9998503253728181
13420,attack,attack,0.012088449864052234
13421,attack,normal,0.9999995790870331
13422,attack,attack,0.10594756870878753
13423,attack,normal,0.9927395580475423
13424,attack,attack,6.356687669102426e-06
13425,attack,normal,0.94304325975461
13426,normal,normal,0.996775433392678
13427,normal,normal,0.9970855073277681
13428,attack,normal,0.9982567765627769
13429,attack,attack,0.003037983480998659
13430,normal,normal,0.9953418583868443
13431,normal,normal,0.9929851522030121
13432,attack,attack,2.2562834096476e-07
13433,attack,attack,6.876417959562404e-05
13434,normal,normal,0.9873573561399969
13435,attack,attack,0.00018562325829688797
13436,normal,normal,0.9904222768864036
13437,normal,normal,0.9997814057427893
13438,normal,normal,0.6835203598930863
13439,normal,normal,0.9861582480361285
13440,normal,normal,0.9996750486617523
13441,normal,normal,0.9977112767003576
13442,attack,attack,0.005471404220824503
13443,normal,normal,0.9976142006056481
13444,normal,normal,0.9928736286333109
13445,attack,attack,0.05364801106831265
13446,normal,normal,0.9962545355245479
13447,attack,attack,0.0011189208685192656
13448,attack,normal,0.8552286611962676
13449,attack,normal,0.9359912325245383
13450,normal,normal,0.9998266834807146
13451,attack,attack,5.163181380752661e-09
13452,normal,normal,0.9993122385654285
13453,normal,normal,0.9740818498786167
13454,normal,normal,0.9936488569382824
13455,normal,normal,0.9980761846959993
13456,attack,normal,0.9316508693449745
13457,attack,normal,0.9987822502162776
13458,attack,normal,0.9339718872378383
13459,attack,normal,0.9999994712218923
13460,normal,normal,0.9975490210667173
13461,attack,attack,0.0012659384294756335
13462,attack,normal,0.9353538468202927
13463,attack,attack,0.004367984112864156
13464,attack,normal,0.7134853060775639
13465,attack,normal,0.9956237939511565
13466,attack,attack,0.00039357387725145153
13467,normal,normal,0.9908015253926147
13468,normal,normal,0.934043197044063
13469,attack,attack,2.6240393855199057e-06
13470,normal,normal,0.9998266303758354
13471,normal,normal,0.9899822039373384
13472,normal,normal,0.9145906323544144
13473,normal,normal,0.9956997875105268
13474,attack,normal,0.9999999203357705
13475,normal,normal,0.9908275253908424
13476,attack,attack,0.27854091228718797
13477,attack,normal,0.735837359690377
13478,normal,attack,0.061075115649184775
13479,attack,attack,0.00038360340568329956
13480,attack,attack,0.006886498242339766
13481,attack,normal,0.7724794831925904
13482,normal,normal,0.9360449859110768
13483,attack,attack,9.951697929378979e-05
13484,attack,normal,0.9440265632580571
13485,attack,normal,0.9993752837314698
13486,normal,normal,0.9900975962708731
13487,normal,normal,0.9938446862157853
13488,attack,normal,0.9930074922610128
13489,attack,attack,0.00022115834501970185
13490,attack,normal,0.999455955492545
13491,normal,normal,0.9978339829152678
13492,attack,attack,5.868849887501576e-07
13493,normal,attack,0.006532724323362263
13494,attack,attack,0.0004618001707811427
13495,normal,normal,0.9954475883524306
13496,normal,normal,0.9963535623708492
13497,attack,normal,0.9908757542244606
13498,normal,normal,0.9963600355827343
13499,attack,attack,0.0032264378478341336
13500,attack,normal,0.5794837315926388
13501,normal,normal,0.9902021532578905
13502,attack,attack,0.15317430235036458
13503,attack,attack,8.223064939635876e-08
13504,normal,normal,0.9972603177571131
13505,normal,normal,0.9731819663570446
13506,attack,normal,0.82091699297039
13507,normal,normal,0.9885528003546685
13508,attack,attack,0.00022578595629339839
13509,attack,attack,0.0003498731749217734
13510,attack,attack,1.2198623627425817e-05
13511,normal,normal,0.9998137326017142
13512,attack,normal,0.9270423794852404
13513,attack,normal,0.9986354686861475
13514,normal,normal,0.9878571589276571
13515,normal,normal,0.9978541393419975
13516,attack,attack,0.000259837203494046
13517,attack,normal,0.9706975748965784
13518,normal,normal,0.9897873438321272
13519,attack,attack,0.002408954958630632
13520,normal,attack,0.01604581032483973
13521,attack,attack,0.0004178424658138954
13522,attack,attack,0.020440172744851083
13523,normal,attack,0.006716316129797012
13524,normal,normal,0.9930538243489071
13525,normal,normal,0.9891149235713074
13526,attack,attack,0.0017065957935184371
13527,attack,normal,0.9757811747084776
13528,normal,normal,0.9561380407524183
13529,normal,normal,0.9947718265557001
13530,attack,attack,0.002133403388579305
13531,attack,normal,0.9999996037436374
13532,normal,normal,0.9979030228185648
13533,attack,normal,0.9366226236095596
13534,attack,normal,0.9981146858890325
13535,attack,normal,0.9999999354896191
13536,normal,normal,0.975211003321161
13537,attack,normal,0.9999975465326411
13538,attack,normal,0.9052084130378173
13539,normal,normal,0.997513245648591
13540,normal,normal,0.9969214163843554
13541,attack,attack,0.01950679944504941
13542,normal,normal,0.9893440413119992
13543,normal,normal,0.9949818762750257
13544,normal,normal,0.9878448860537995
13545,normal,normal,0.9682831174224844
13546,attack,attack,0.001141229890556545
13547,attack,attack,4.7099850598644864e-07
13548,attack,attack,0.3141505410760208
13549,normal,normal,0.9994293080620099
13550,attack,normal,0.9987191002569342
13551,attack,attack,0.03289338770910839
13552,normal,normal,0.9977043450118103
13553,attack,normal,0.58549581725425
13554,attack,normal,0.9989563585423266
13555,attack,attack,0.00022576953421704843
13556,attack,normal,0.654158540440085
13557,normal,attack,0.00430364805370987
13558,attack,attack,0.009778418929821484
13559,attack,normal,0.9986941424183235
13560,attack,normal,0.9341641263394924
13561,normal,normal,0.9624412122182356
13562,normal,normal,0.9853471275475284
13563,attack,attack,0.00018639647279726967
13564,attack,attack,4.7992446759377516e-05
13565,normal,normal,0.9949212643370311
13566,attack,attack,0.0047105044878555805
13567,attack,normal,0.9977281106837699
13568,attack,attack,0.007424449288881549
13569,attack,attack,0.0011282125234143314
13570,normal,normal,0.9993901496891153
13571,attack,attack,0.0002099394222768818
13572,normal,normal,0.9892389683384587
13573,normal,normal,0.9962597623493042
13574,normal,normal,0.9996409408582061
13575,normal,normal,0.9969953891776725
13576,attack,attack,0.042395151384080114
13577,normal,normal,0.9948585208597063
13578,normal,normal,0.9968393688294941
13579,attack,attack,0.0015562809242585776
13580,attack,attack,0.0019933204320827244
13581,normal,attack,0.0053539271159247686
13582,normal,normal,0.9943219109977669
13583,normal,normal,0.9976150958674195
13584,attack,attack,0.0024860032226904703
13585,normal,normal,0.9883201001012778
13586,attack,normal,0.9786701854391602
13587,attack,attack,2.9776771139463493e-07
13588,attack,attack,0.23268417618752052
13589,attack,attack,0.0015002354753628254
13590,normal,normal,0.9952637613171956
13591,normal,normal,0.994255583038607
13592,attack,attack,0.2581536166641854
13593,normal,normal,0.9972829791250425
13594,attack,attack,0.02114700014722799
13595,attack,attack,0.0001091225262576826
13596,normal,attack,0.4736951142300496
13597,normal,normal,0.9925967024582736
13598,normal,normal,0.9998218082869095
13599,attack,attack,0.35126244790842803
13600,normal,normal,0.9030871098814749
13601,normal,normal,0.9982226505670877
13602,attack,attack,7.334341452857269e-07
13603,attack,attack,1.3122790115280174e-08
13604,attack,normal,0.933614541329963
13605,normal,normal,0.9906072944599053
13606,attack,normal,0.9904548558554167
13607,attack,attack,0.3631673190439174
13608,attack,attack,0.0003300462515217288
13609,attack,attack,0.00037872039420620325
13610,normal,normal,0.9937187133201408
13611,attack,normal,0.9988919118444666
13612,attack,normal,0.9988174348466219
13613,normal,normal,0.8897402444204592
13614,attack,attack,0.002736567540460055
13615,attack,normal,0.8005480083330571
13616,attack,attack,7.93964596585745e-09
13617,attack,attack,0.00026527665513944513
13618,attack,attack,0.0002513807036356547
13619,attack,normal,0.97555211357722
13620,normal,normal,0.9950854330308148
13621,normal,normal,0.9976881821091629
13622,attack,attack,0.0003576897297927403
13623,normal,normal,0.9960667028877882
13624,attack,attack,0.0006807272818617123
13625,normal,normal,0.9968014246021119
13626,normal,normal,0.9970557471085096
13627,attack,attack,0.002394936806364967
13628,attack,normal,0.9986673944476773
13629,attack,attack,0.037189248734853894
13630,normal,normal,0.9997702575362711
13631,attack,attack,2.286031197329646e-05
13632,attack,normal,0.9998636104272337
13633,normal,normal,0.9968813304958954
13634,normal,normal,0.9992306621717102
13635,attack,normal,0.9987184942562761
13636,normal,normal,0.9880515939308575
13637,attack,attack,0.0675229688401262
13638,attack,normal,0.9990936165495076
13639,normal,normal,0.9899991891956046
13640,attack,normal,0.9965821166267599
13641,attack,attack,0.10187211840433653
13642,normal,attack,0.005369807958645727
13643,attack,attack,0.0004891756476637165
13644,normal,normal,0.9904783667852313
13645,normal,normal,0.9974691092126831
13646,attack,normal,0.9990540728663238
13647,normal,normal,0.7464140277317363
13648,attack,attack,0.0013743075325180702
13649,normal,normal,0.9943081989466676
13650,normal,normal,0.9980859365406486
13651,attack,normal,0.8211008815252864
13652,normal,attack,0.005197373334337881
13653,attack,attack,0.017442206230409027
13654,normal,normal,0.9965665781480976
13655,attack,attack,0.0002965698754164461
13656,normal,normal,0.9897870514077614
13657,attack,normal,0.9995668193402664
13658,attack,attack,0.40486609905963716
13659,attack,attack,0.2791677028312256
13660,normal,normal,0.9966085534628729
13661,attack,normal,0.9990100683054207
13662,normal,normal,0.9972223187189992
13663,attack,attack,1.920791823167543e-06
13664,attack,attack,8.753057519463743e-06
13665,attack,attack,9.524730130566488e-05
13666,normal,attack,0.0035699168451922892
13667,normal,normal,0.9955471513283969
13668,normal,normal,0.8045261587031232
13669,normal,normal,0.9975113248062797
13670,normal,attack,0.005410622346443863
13671,attack,attack,4.317802048064859e-08
13672,attack,attack,0.0008809974759209662
13673,attack,attack,3.4770006113981954e-06
13674,normal,normal,0.9973894255072971
13675,attack,normal,0.9981016706778642
13676,attack,attack,0.027228215423603357
13677,normal,normal,0.9998490741463056
13678,normal,normal,0.9810856165866407
13679,attack,attack,0.002087283792125762
13680,attack,attack,2.0784376104427057e-06
13681,attack,attack,0.000156020999526443
13682,normal,attack,0.041247739558786196
13683,attack,attack,0.0014187946559780626
13684,normal,normal,0.9904762828572685
13685,attack,normal,0.998980188871388
13686,normal,normal,0.9988331085715345
13687,attack,normal,0.9987717086776253
13688,normal,attack,0.00514290918476765
13689,normal,normal,0.9895739919349189
13690,normal,normal,0.6251235966817941
13691,attack,attack,0.000260920880288448
13692,normal,normal,0.9928492751474302
13693,attack,attack,0.0038408683910036603
13694,attack,attack,2.132771061290883e-06
13695,attack,attack,0.0076342208097975464
13696,normal,normal,0.9991811784478681
13697,attack,attack,0.32595903903480256
13698,attack,attack,0.06675340544419327
13699,attack,attack,0.02847471928417321
13700,attack,normal,0.9989727006073181
13701,attack,attack,0.00044152350702261517
13702,normal,normal,0.9833664209012217
13703,normal,normal,0.9926629095457983
13704,normal,normal,0.9956782037016647
13705,attack,normal,0.9986532613917971
13706,normal,attack,0.005142917639558392
13707,normal,normal,0.9879075577549031
13708,normal,normal,0.9589022608221195
13709,normal,normal,0.9954782679170382
13710,attack,attack,0.0001551258179206045
13711,normal,normal,0.9974861730358076
13712,normal,normal,0.9977392969294484
13713,normal,normal,0.9956639041534608
13714,normal,normal,0.9994338986192165
13715,attack,attack,0.0012598690508667518
13716,attack,attack,2.8142688197177786e-06
13717,normal,normal,0.9973408720507267
13718,attack,normal,0.9963590591535129
13719,normal,normal,0.9962503159149815
13720,attack,attack,5.744211119411896e-07
13721,attack,attack,5.469172621679447e-07
13722,attack,normal,0.7578472847698566
13723,attack,attack,0.0001384860355845623
13724,normal,normal,0.989004667823585
13725,attack,attack,0.006815389412761075
13726,attack,normal,0.9984469905587054
13727,attack,normal,0.9334093888949584
13728,normal,normal,0.9804472074533166
13729,attack,normal,0.9346857096946173
13730,normal,normal,0.9994006675320122
13731,normal,normal,0.9950590509480428
13732,attack,normal,0.9907425127820643
13733,attack,attack,0.0340753057157594
13734,attack,attack,0.11395042903771457
13735,normal,normal,0.9891137810947696
13736,normal,normal,0.9994165506033963
13737,attack,normal,0.9989572033448596
13738,attack,attack,0.08228552500116462
13739,attack,normal,0.8310047226275477
13740,attack,attack,0.00015671727648873044
13741,attack,attack,0.0012314988212964622
13742,normal,normal,0.9906463651434603
13743,attack,attack,0.009474175656994148
13744,attack,attack,0.1386642016426043
13745,attack,attack,7.979382475519295e-08
13746,attack,attack,7.61400450449487e-06
13747,normal,normal,0.9891045085655442
13748,attack,attack,0.0007585891797826659
13749,attack,normal,0.5926759813278276
13750,attack,attack,0.026731835566974
13751,attack,attack,0.0007736849104071746
13752,normal,attack,0.005681228125240427
13753,normal,normal,0.9957650950197907
13754,normal,normal,0.9969855900291353
13755,normal,normal,0.9919124095444322
13756,attack,normal,0.9981551531023003
13757,attack,attack,0.0008931123980096138
13758,attack,attack,0.0008824008103945908
13759,normal,normal,0.9850808459907032
13760,attack,normal,0.9989283091185552
13761,attack,attack,0.0009562632509181235
13762,attack,attack,2.4776970832852056e-07
13763,attack,attack,3.9335685339260977e-07
13764,attack,attack,0.033195410599598206
13765,normal,normal,0.9947616141963384
13766,normal,normal,0.9865809352781649
13767,normal,normal,0.9869633124163533
13768,attack,attack,9.261376715741422e-07
13769,attack,normal,0.9326644592245188
13770,attack,attack,0.00012931694736210335
13771,attack,attack,0.0015275304767159157
13772,attack,normal,0.9498603270524523
13773,attack,attack,0.444287117207891
13774,attack,attack,0.0014173971778421819
13775,normal,normal,0.9999085977084095
13776,attack,normal,0.9359912181773911
13777,normal,normal,0.997805153077796
13778,attack,attack,0.0003725217302096802
13779,attack,normal,0.9390301196028391
13780,normal,normal,0.9986442022449276
13781,attack,normal,0.9347679861151806
13782,attack,attack,0.0015998713302677221
13783,attack,normal,0.6234709855637471
13784,attack,attack,4.805469453656983e-07
13785,attack,attack,0.0010620535333579434
13786,attack,attack,7.72429241753689e-08
13787,attack,attack,0.01717306132034625
13788,normal,normal,0.9906997983646982
13789,attack,attack,0.0002578770799884302
13790,normal,normal,0.9998971761445536
13791,attack,attack,0.0014863100280567403
13792,attack,normal,0.7607337745597323
13793,attack,attack,0.018295257487169335
13794,attack,attack,0.4095409647101858
13795,normal,normal,0.9802736222717215
13796,attack,attack,0.0031158163104596666
13797,attack,attack,0.00031678393664151224
13798,attack,normal,0.9934585615755486
13799,attack,normal,0.6789119525417223
13800,normal,normal,0.9900009012571479
13801,normal,normal,0.9975644397919653
13802,attack,normal,0.99849010350312
13803,attack,normal,0.9999999360442126
13804,attack,attack,8.50577038518867e-08
13805,normal,normal,0.9968850473388612
13806,attack,attack,0.002429542257211205
13807,normal,normal,0.9800552290599759
13808,attack,attack,0.3507184147898039
13809,attack,normal,0.9985287208658539
13810,attack,attack,0.00037777536587342813
13811,attack,attack,7.292690273217156e-08
13812,attack,normal,0.9987675018835619
13813,attack,normal,0.9354707697354069
13814,normal,normal,0.9896486006571568
13815,attack,normal,0.999994262552946
13816,normal,normal,0.9998738013281102
13817,attack,attack,0.001395459257933185
13818,normal,normal,0.9903093009914997
13819,attack,attack,5.1628999435544674e-05
13820,attack,normal,0.9999999283893732
13821,normal,attack,0.005410618268388655
13822,attack,attack,0.0011326293895961208
13823,normal,normal,0.985030247785124
13824,attack,attack,5.53136059107958e-08
13825,normal,normal,0.9905029513126667
13826,normal,normal,0.9900959035524541
13827,attack,normal,0.9990101189874215
13828,attack,attack,0.013024986423634241
13829,attack,attack,0.0015348695978358575
13830,normal,normal,0.9863431429062002
13831,attack,normal,0.9502271440300379
13832,attack,attack,0.00030136107569292794
13833,attack,attack,0.00019646616618264275
13834,normal,normal,0.9898358805148326
13835,normal,normal,0.9967448420207299
13836,attack,attack,0.0013677930381035624
13837,attack,attack,0.001446303937009323
13838,normal,normal,0.9891843655408542
13839,attack,normal,0.8746178909586185
13840,normal,normal,0.9945617780322992
13841,attack,attack,0.002972852230052937
13842,normal,normal,0.9995109918483461
13843,attack,attack,0.0018519355679462376
13844,attack,attack,0.01950217479787807
13845,attack,normal,0.9341792833302893
13846,attack,attack,2.383572227533969e-07
13847,attack,attack,0.01815887271022112
13848,normal,normal,0.9974118495942277
13849,normal,normal,0.9978132396249807
13850,attack,attack,0.0018035910956359803
13851,normal,normal,0.9975049832174605
13852,attack,attack,0.002017829113230128
13853,normal,normal,0.9955043610467964
13854,normal,normal,0.9877979171943578
13855,attack,normal,0.9985779863918224
13856,attack,attack,0.0088750442535907
13857,attack,attack,0.0008107926164261442
13858,normal,attack,0.00541061576911965
13859,attack,attack,0.0003472729020671635
13860,normal,normal,0.9978874058690778
13861,attack,attack,0.04244489759018719
13862,attack,normal,0.9932500507410748
13863,attack,normal,0.9987731248153567
13864,normal,normal,0.6137695285692794
13865,attack,attack,0.0531455111408149
13866,normal,normal,0.9890054736332416
13867,normal,normal,0.9955337787107822
13868,attack,attack,0.0016221256993364593
13869,attack,attack,0.00016564397794290627
13870,normal,normal,0.9975170284345717
13871,attack,attack,0.011250486642410283
13872,attack,attack,0.12758931305957155
13873,attack,attack,0.0011532204638093873
13874,attack,normal,0.999999972671617
13875,normal,normal,0.9925324060781482
13876,attack,attack,0.016531924621899112
13877,attack,normal,0.9988363110214253
13878,attack,normal,0.9999999282753849
13879,normal,normal,0.9929136258752074
13880,normal,normal,0.9977922940379388
13881,normal,normal,0.9803519629108676
13882,attack,normal,0.99541109332364
13883,attack,normal,0.9961953198355928
13884,attack,normal,0.994345490329316
13885,normal,normal,0.9953789631184914
13886,attack,attack,0.0011182799923834651
13887,attack,attack,0.0032371634225923968
13888,attack,attack,0.014583946810217324
13889,normal,normal,0.9964409445077724
13890,attack,attack,0.010280096489632793
13891,normal,normal,0.9936378206502565
13892,normal,normal,0.9972806118228553
13893,normal,attack,0.0027311968129095096
13894,attack,attack,1.8521364984678202e-07
13895,normal,normal,0.9972828650716997
13896,attack,attack,0.013961585219153293
13897,attack,attack,0.00011282486939403398
13898,attack,attack,0.1792364547296986
13899,attack,attack,0.0026043439176648897
13900,normal,normal,0.9992453260328057
13901,attack,attack,2.668400179118557e-07
13902,normal,normal,0.9978445662687234
13903,normal,normal,0.5513137965092721
13904,attack,attack,3.090154875962197e-08
13905,normal,normal,0.9764718014913617
13906,normal,normal,0.9969031337503446
13907,normal,normal,0.9871245012791829
13908,attack,attack,2.380804748522911e-07
13909,normal,attack,1.0902789676610255e-08
13910,normal,normal,0.9833492209901527
13911,attack,normal,0.5083411217928938
13912,normal,normal,0.9973506138285492
13913,attack,attack,0.0005365753122668362
13914,attack,attack,0.0001242602671923959
13915,attack,attack,0.00020081941501307347
13916,attack,normal,0.995430907420353
13917,normal,normal,0.9366192149322355
13918,attack,attack,0.0010448152187423063
13919,attack,attack,0.0013139131822732892
13920,attack,attack,0.01556125060116363
13921,normal,attack,0.0073086997450336364
13922,attack,attack,6.159273055959166e-08
13923,attack,normal,0.9987770560429292
13924,attack,normal,0.9999994062027269
13925,normal,normal,0.9565787217815344
13926,attack,attack,0.00011023849088158821
13927,normal,normal,0.9895959797155783
13928,attack,normal,0.9936757468081445
13929,normal,normal,0.9979361351406238
13930,normal,normal,0.9914188578602832
13931,attack,attack,2.670430653623836e-05
13932,attack,attack,0.018748205415128637
13933,normal,normal,0.9907272964341486
13934,attack,attack,9.209154884870745e-05
13935,attack,normal,0.9967775116066377
13936,normal,attack,8.678123905017568e-09
13937,attack,attack,0.0009380375643216768
13938,attack,attack,0.027334933591152962
13939,normal,normal,0.99625505584517
13940,normal,normal,0.9905906868824291
13941,normal,normal,0.9831613608082602
13942,normal,normal,0.9901038110706913
13943,attack,normal,0.774366385019209
13944,attack,attack,1.0942362823856868e-08
13945,normal,normal,0.9973000019201291
13946,normal,normal,0.986706407090194
13947,attack,attack,0.001410710667271891
13948,attack,normal,0.9625155107695801
13949,attack,normal,0.995373298929277
13950,normal,normal,0.9952865483668171
13951,normal,normal,0.987405941216122
13952,attack,normal,0.99999892872201
13953,normal,normal,0.9943703669046245
13954,attack,normal,0.9999998108516128
13955,normal,normal,0.9977478727917571
13956,normal,normal,0.9903279528716504
13957,attack,normal,0.9930605808921025
13958,attack,attack,9.990816886445976e-08
13959,normal,normal,0.9977769208719373
13960,attack,attack,8.54230930707878e-07
13961,normal,normal,0.9837999992381529
13962,normal,attack,0.004177669964031668
13963,attack,attack,0.000850750295934595
13964,normal,normal,0.9079286690368557
13965,normal,normal,0.9981895967421376
13966,attack,attack,6.401977599099721e-09
13967,attack,attack,0.00020672885943555185
13968,normal,normal,0.9897757199034832
13969,normal,normal,0.9852634018765464
13970,attack,attack,0.000282006545806802
13971,normal,normal,0.9913416655350156
13972,attack,attack,0.03703245146795115
13973,attack,attack,0.0497789725614075
13974,normal,normal,0.9979867443004165
13975,attack,attack,0.14223386315677328
13976,normal,normal,0.9973556016497975
13977,attack,attack,0.0003881317306679326
13978,normal,normal,0.9949995304011441
13979,attack,attack,0.0014004590232897288
13980,attack,normal,0.8365452243808054
13981,normal,normal,0.9998650515516991
13982,normal,normal,0.9889227270996833
13983,normal,normal,0.9969955117668067
13984,normal,normal,0.9907021731723552
13985,attack,normal,0.9987446218517684
13986,attack,attack,0.03410637254041133
13987,normal,normal,0.823607079592824
13988,normal,normal,0.9896942759773278
13989,attack,attack,0.01918507184907059
13990,normal,attack,0.4964489470260886
13991,attack,attack,0.0011443360958730694
13992,attack,attack,4.7030885982402374e-07
13993,attack,attack,0.0011906689099123017
13994,normal,normal,0.7862893404851208
13995,attack,attack,0.009300440361268418
13996,attack,attack,6.307275288727109e-07
13997,attack,normal,0.9983586525691263
13998,normal,normal,0.9964546466525799
13999,normal,normal,0.9940524642898297
14000,attack,attack,3.134218935438165e-05
14001,normal,attack,0.01701092276001009
14002,attack,normal,0.9967294334246958
14003,attack,attack,0.042206635891206
14004,attack,attack,0.05886556570538828
14005,attack,attack,0.0005276767217110812
14006,attack,attack,3.909160062555175e-08
14007,attack,attack,0.010861188227714272
14008,attack,attack,0.0001961693046605661
14009,attack,normal,0.9414239578062102
14010,normal,normal,0.9900983996089624
14011,attack,normal,0.99466722143263
14012,attack,attack,0.0015337729688590972
14013,normal,normal,0.9865756700183108
14014,attack,normal,0.6612889483640491
14015,normal,normal,0.9885608718245189
14016,normal,normal,0.9998046980916129
14017,attack,attack,1.0791092296059213e-06
14018,attack,attack,0.028658317799923505
14019,normal,normal,0.9968611042153356
14020,attack,attack,5.361011361508428e-05
14021,attack,attack,0.019869009094776888
14022,attack,normal,0.9991201920877041
14023,attack,normal,0.991117491654892
14024,normal,normal,0.9934898818378144
14025,normal,normal,0.9877852368544767
14026,attack,attack,0.044518986373530404
14027,normal,normal,0.8681352563707194
14028,normal,normal,0.9975714827289033
14029,normal,normal,0.9976617454489304
14030,attack,attack,0.0013136422844870774
14031,attack,normal,0.9374250467212896
14032,normal,normal,0.9968719428719339
14033,attack,attack,0.05819468659887001
14034,attack,normal,0.8142804125516672
14035,attack,attack,7.290623836364576e-08
14036,normal,normal,0.9849459862107531
14037,attack,normal,0.9865054184344816
14038,normal,normal,0.9977071960509973
14039,normal,normal,0.9399269573773182
14040,attack,normal,0.999524963946184
14041,attack,attack,0.0012273586075320605
14042,normal,normal,0.9997511949522939
14043,attack,attack,0.025576162311592494
14044,attack,attack,0.00011159570015053289
14045,attack,attack,3.3720381799209386e-07
14046,attack,attack,0.004832931685128705
14047,attack,normal,0.9988091457841641
14048,attack,attack,0.00030616801166025203
14049,normal,normal,0.9887314246015325
14050,attack,attack,0.020377305839652717
14051,normal,normal,0.9966247160933817
14052,attack,attack,0.05120489325092048
14053,normal,normal,0.9980181645948379
14054,normal,normal,0.99080269554907
14055,normal,attack,0.007308702618211568
14056,attack,attack,0.31032741720503143
14057,normal,normal,0.9873815880435698
14058,attack,attack,0.4711461621511703
14059,normal,normal,0.986455342979197
14060,attack,attack,0.0002807539433727977
14061,attack,attack,0.0003019784644609843
14062,normal,normal,0.9970544825810508
14063,attack,normal,0.9989412952668043
14064,attack,attack,0.010749598782123702
14065,normal,normal,0.9998424333606534
14066,normal,normal,0.9884738821904038
14067,normal,normal,0.9995107673769681
14068,normal,normal,0.9967203805856217
14069,attack,attack,0.016464596955962897
14070,attack,normal,0.9960752374511723
14071,attack,attack,3.581686144519228e-07
14072,attack,attack,2.7795849099286533e-06
14073,normal,normal,0.9973169946058086
14074,normal,normal,0.9967079906418137
14075,normal,normal,0.9907704327842299
14076,attack,attack,0.00024414757079969316
14077,attack,attack,0.04918652217481189
14078,attack,attack,7.0333607856606745e-06
14079,normal,normal,0.9907069835393996
14080,attack,attack,0.11911266301456062
14081,attack,normal,0.994130681933782
14082,attack,normal,0.9501007820994994
14083,normal,normal,0.9929706452337133
14084,attack,normal,0.9986329902725709
14085,normal,normal,0.9236373731483151
14086,normal,normal,0.9621787142713233
14087,normal,normal,0.9997827789936836
14088,attack,attack,0.011648969594659298
14089,attack,normal,0.9942169158012323
14090,attack,attack,0.0011163073045943185
14091,attack,normal,0.6340165951035541
14092,attack,attack,0.019970445513388915
14093,normal,normal,0.9950258654458054
14094,attack,normal,0.9999998641176386
14095,attack,normal,0.9966642835038608
14096,normal,normal,0.9730056443916515
14097,attack,attack,0.1033303338457706
14098,attack,attack,0.0002384608221799107
14099,normal,normal,0.9969373215632378
14100,attack,normal,0.9999997253268778
14101,attack,attack,0.09975054198191244
14102,normal,normal,0.9948061514670755
14103,attack,attack,0.0016757063633158049
14104,normal,normal,0.9894371814700226
14105,normal,normal,0.9807005244889457
14106,attack,normal,0.9945408794160586
14107,attack,normal,0.9984100403438128
14108,normal,normal,0.9908462732216251
14109,attack,attack,0.0007894120123414912
14110,attack,attack,0.052595875320049466
14111,attack,attack,0.020077875385353338
14112,normal,normal,0.9902997400940677
14113,attack,normal,0.9989408074209681
14114,attack,attack,0.10368924983660908
14115,attack,attack,0.2536910802304257
14116,attack,attack,0.00042986154266021713
14117,attack,attack,0.0061810387008738
14118,normal,normal,0.9968430434185447
14119,attack,attack,0.006755027712912919
14120,normal,normal,0.9999032097585788
14121,normal,normal,0.9875628667131889
14122,normal,normal,0.9901380505997863
14123,normal,normal,0.9972536776265267
14124,attack,normal,0.7968541025048312
14125,attack,attack,0.11459328797214585
14126,attack,attack,0.002722789841260237
14127,attack,attack,0.31758492085086304
14128,attack,attack,0.00019443893590062047
14129,attack,normal,0.9999999728867247
14130,normal,normal,0.9968369681740232
14131,attack,attack,0.0019164043876691674
14132,attack,normal,0.537829021844639
14133,normal,normal,0.9994762514613872
14134,normal,normal,0.9857209382664156
14135,normal,normal,0.9962247543644528
14136,attack,attack,0.0001862334945632406
14137,normal,normal,0.9890100495824605
14138,attack,attack,0.00021935376929762434
14139,attack,normal,0.9919546954730357
14140,attack,attack,9.138704425916568e-05
14141,attack,attack,0.022538170054186773
14142,attack,normal,0.9999999058312448
14143,attack,normal,0.9987156696275289
14144,attack,attack,0.02636773829259877
14145,normal,normal,0.988439050008619
14146,attack,attack,4.9478324882992684e-08
14147,attack,attack,0.27050740525583844
14148,attack,attack,0.006887361014037799
14149,attack,normal,0.9992033559684484
14150,attack,attack,0.12294829042657171
14151,attack,attack,0.0001548089988529829
14152,attack,normal,0.5729436077227572
14153,attack,attack,0.0011151130248065156
14154,attack,normal,0.9955956100613954
14155,attack,attack,0.0009190245923833729
14156,normal,normal,0.9939714045822492
14157,normal,normal,0.9899995381435591
14158,normal,normal,0.9952175850101075
14159,normal,normal,0.9949342705618516
14160,normal,normal,0.9907051561992605
14161,normal,normal,0.9992779890199162
14162,normal,normal,0.9897788498093874
14163,attack,attack,0.0017204514159189263
14164,attack,attack,6.697330434434057e-07
14165,normal,normal,0.9903089447883188
14166,attack,attack,1.2258554236781688e-05
14167,attack,attack,0.00030944480437942686
14168,attack,normal,0.999999910031904
14169,normal,normal,0.997729202776846
14170,normal,normal,0.9971555975108588
14171,normal,normal,0.9956788846978217
14172,normal,normal,0.9961257956681351
14173,attack,attack,0.00016704702529319858
14174,normal,normal,0.9998585978992072
14175,attack,attack,0.0011619861201361643
14176,attack,attack,0.23079248078900472
14177,normal,normal,0.9978754480794056
14178,normal,attack,0.004986267947182984
14179,normal,normal,0.9859377554328067
14180,normal,normal,0.9908245566457806
14181,attack,attack,3.404192941921591e-08
14182,attack,attack,2.5782172148358958e-05
14183,normal,attack,3.403839786008796e-06
14184,normal,attack,0.0037825095451128523
14185,attack,attack,0.30073982676134176
14186,attack,normal,0.9360475877523088
14187,attack,attack,4.7365488051779367e-08
14188,attack,attack,0.0006884443259541943
14189,attack,attack,0.04727928194220121
14190,normal,normal,0.9982344003023756
14191,attack,attack,0.07394982586871617
14192,attack,attack,1.2342729476357526e-06
14193,attack,attack,7.837197855293999e-05
14194,attack,normal,0.9948788491503131
14195,normal,attack,0.11566598414850389
14196,attack,attack,1.0867821424321364e-06
14197,normal,normal,0.9980811913045834
14198,normal,normal,0.9971298079931805
14199,attack,normal,0.9376186435496286
14200,attack,attack,5.328562676481121e-05
14201,normal,normal,0.987134374663645
14202,attack,normal,0.9879651770048935
14203,attack,normal,0.9449580994041903
14204,attack,attack,0.00018793134246834225
14205,normal,normal,0.9980726408378603
14206,attack,attack,0.011832278454996951
14207,normal,normal,0.9879236064529235
14208,attack,attack,0.000413438918647897
14209,attack,normal,0.9944983702631174
14210,normal,normal,0.9941131090085946
14211,attack,normal,0.9974591626498177
14212,attack,normal,0.9944866899659788
14213,attack,normal,0.8493474515561548
14214,attack,attack,5.075431870186232e-06
14215,normal,normal,0.9797321173777054
14216,attack,normal,0.6230411975523896
14217,attack,normal,0.9999999704557363
14218,attack,normal,0.9323221124734192
14219,attack,normal,0.999999970649669
14220,normal,normal,0.9974526402241164
14221,attack,attack,0.10431607319431795
14222,normal,normal,0.9989430098456261
14223,attack,attack,0.15409572404909158
14224,normal,normal,0.9980212576160042
14225,attack,attack,0.021495108687969496
14226,attack,normal,0.9928638878931999
14227,normal,normal,0.9923919890862549
14228,attack,attack,4.513041590070984e-07
14229,attack,normal,0.9339168972532366
14230,attack,normal,0.9990191459487751
14231,attack,normal,0.9922700577359762
14232,attack,attack,0.0008673127177637053
14233,attack,normal,0.9974630172405455
14234,attack,attack,3.934077082689715e-08
14235,normal,normal,0.9969301405790615
14236,normal,normal,0.996817049261264
14237,attack,normal,0.9986737028144536
14238,normal,attack,3.4099840667026226e-05
14239,attack,attack,8.337790463597585e-08
14240,attack,attack,0.00029046824259227835
14241,attack,attack,0.0031386419404112104
14242,normal,normal,0.9894547544629505
14243,attack,normal,0.9857229164804407
14244,attack,normal,0.9340362421595381
14245,attack,attack,0.026097236126934906
14246,normal,normal,0.9980539567394258
14247,normal,normal,0.9967808054890915
14248,normal,normal,0.9971917206040586
14249,attack,attack,0.001445577360619182
14250,attack,attack,0.16129765755449083
14251,normal,normal,0.9994806892922115
14252,normal,normal,0.9958039202979279
14253,attack,attack,8.24920599888622e-08
14254,attack,normal,0.9477933048934906
14255,attack,attack,0.04547370566263777
14256,attack,attack,0.01958866641175313
14257,attack,attack,0.29900679955714043
14258,attack,normal,0.5322641394059218
14259,normal,normal,0.9915213768083199
14260,attack,attack,0.018018132088321037
14261,normal,normal,0.9925241759945322
14262,normal,normal,0.9967674023899677
14263,normal,normal,0.9921512770318678
14264,attack,normal,0.9986429277719615
14265,attack,attack,7.2727185839214795e-06
14266,attack,attack,5.7896638954962334e-05
14267,normal,normal,0.9975715947353571
14268,normal,normal,0.9977890472928975
14269,normal,normal,0.9990224769895889
14270,attack,attack,0.04344157901935826
14271,normal,normal,0.9955964751582416
14272,normal,normal,0.9975319114108445
14273,normal,normal,0.9877158968419523
14274,attack,attack,5.819568846984378e-08
14275,normal,normal,0.9867482641324427
14276,normal,attack,0.004071043487894452
14277,attack,attack,0.00028375388945338
14278,attack,attack,0.0027704661542523406
14279,normal,normal,0.9730284017565242
14280,attack,normal,0.7378572354869808
14281,attack,attack,9.955236669023342e-05
14282,normal,normal,0.9993899383882523
14283,attack,normal,0.9989450900813486
14284,attack,normal,0.9442221286523518
14285,attack,attack,0.00513205355956803
14286,normal,normal,0.9902049728175444
14287,normal,normal,0.9977985130136907
14288,attack,attack,0.001559407806812054
14289,attack,attack,0.03681063410620837
14290,normal,normal,0.984129920390771
14291,attack,attack,0.012241112118273069
14292,normal,normal,0.9999022710484005
14293,attack,attack,0.0011560510164739422
14294,attack,attack,7.684125502115777e-07
14295,attack,attack,0.009027499751632289
14296,normal,normal,0.9302883763301077
14297,attack,attack,0.0008216502971587795
14298,normal,normal,0.9348249008840342
14299,normal,attack,0.002099005445968717
14300,attack,attack,0.005332951069681977
14301,attack,attack,1.9247252183532633e-07
14302,attack,attack,0.001288608054670521
14303,attack,normal,0.9426623525093925
14304,normal,normal,0.9965539526194582
14305,attack,attack,0.0004628537003691019
14306,normal,normal,0.9999996096046836
14307,normal,normal,0.9982592138648435
14308,attack,normal,0.9864268348901535
14309,attack,normal,0.999999916933505
14310,attack,normal,0.9999997762991507
14311,normal,normal,0.9981062223512216
14312,normal,normal,0.9925318589250973
14313,normal,normal,0.997855385224907
14314,normal,normal,0.997645517158849
14315,attack,normal,0.9989122849585078
14316,attack,normal,0.9934760678673319
14317,attack,normal,0.9992661094741779
14318,normal,attack,0.2696413322492602
14319,normal,normal,0.904519485734668
14320,attack,normal,0.5360984055051201
14321,attack,attack,0.0006442502843774144
14322,attack,normal,0.9516398358567787
14323,normal,normal,0.9874736821344648
14324,attack,attack,0.00038191979952802645
14325,normal,normal,0.9899323140736831
14326,normal,normal,0.9904999801122537
14327,attack,attack,0.2634735872014081
14328,attack,normal,0.9339138151378656
14329,normal,normal,0.9872628613282003
14330,normal,normal,0.9976137744039646
14331,normal,normal,0.9976807016233336
14332,normal,normal,0.9898908236390247
14333,normal,normal,0.9995271853291368
14334,normal,normal,0.9998346956123588
14335,normal,normal,0.9903038538611111
14336,attack,normal,0.999999310835745
14337,normal,normal,0.9965593120541696
14338,attack,attack,0.3495870150825736
14339,attack,attack,0.015441569508336937
14340,normal,normal,0.9969523095287521
14341,normal,normal,0.9899012665157235
14342,normal,normal,0.9875166657238639
14343,attack,normal,0.755155974281624
14344,normal,normal,0.9906089981261722
14345,attack,attack,5.128285086485458e-06
14346,attack,attack,0.00023832302642901338
14347,attack,normal,0.6989604280126666
14348,attack,normal,0.9594252316786028
14349,attack,normal,0.5525209072091714
14350,normal,normal,0.9908944530983401
14351,normal,normal,0.7840611040967973
14352,attack,normal,0.9999998988197247
14353,attack,attack,0.00021103570542311165
14354,attack,normal,0.9943558874749634
14355,attack,attack,0.0013110707458612546
14356,attack,normal,0.9354671576211816
14357,normal,normal,0.9967129264640494
14358,attack,attack,8.51901960999829e-08
14359,normal,normal,0.9808779278249471
14360,normal,normal,0.9920453414361065
14361,attack,attack,0.00018045599642340661
14362,normal,normal,0.989344674703054
14363,attack,attack,0.0008292234078030983
14364,normal,normal,0.9918791197915755
14365,attack,attack,0.0008465634468764665
14366,attack,attack,0.0899872208720622
14367,attack,normal,0.9348285622327399
14368,attack,normal,0.9959748058850723
14369,normal,normal,0.9997960611283125
14370,attack,attack,3.346359870548542e-07
14371,normal,normal,0.9867195169008673
14372,attack,attack,0.018612148946758954
14373,attack,attack,0.0017910588810019642
14374,normal,normal,0.9968975210501898
14375,normal,normal,0.9999935084820399
14376,attack,attack,0.028372448143856272
14377,normal,normal,0.999867560386314
14378,attack,attack,0.009826592224896125
14379,normal,normal,0.9798716959255077
14380,attack,attack,0.4581209517990809
14381,normal,normal,0.974657570050817
14382,normal,normal,0.9902231671020276
14383,attack,attack,0.00011592909672725259
14384,attack,attack,0.0002888107885409061
14385,attack,attack,0.0036256445887857254
14386,attack,normal,0.9127853768011474
14387,normal,normal,0.993143583733023
14388,normal,normal,0.9980024126720377
14389,normal,normal,0.9968506242604349
14390,attack,attack,6.151691263914091e-05
14391,attack,attack,0.13984864650689727
14392,normal,normal,0.9997267399145393
14393,attack,attack,0.0001660012599641286
14394,normal,normal,0.6192089199198626
14395,normal,normal,0.9981315093456795
14396,attack,attack,1.8230837508281524e-10
14397,attack,normal,0.9984313008449994
14398,attack,normal,0.9999999706228655
14399,attack,attack,0.0016032715360987364
14400,attack,attack,0.001437486122382275
14401,normal,attack,0.2663071217970758
14402,normal,normal,0.9976371223501912
14403,attack,attack,0.002610119059970576
14404,attack,normal,0.8451909266952289
14405,normal,normal,0.9936823928868915
14406,attack,attack,0.0007293780353755838
14407,normal,normal,0.9981977473099432
14408,normal,normal,0.9877838095938692
14409,normal,attack,0.004395350954755026
14410,attack,attack,0.0007341427068903614
14411,normal,normal,0.8951048417124159
14412,attack,attack,0.018565165357642265
14413,attack,attack,0.00014271743007732214
14414,normal,normal,0.9880633631558534
14415,normal,normal,0.9948494442296603
14416,normal,normal,0.9369928460272832
14417,normal,normal,0.9962356103742247
14418,attack,attack,3.803438474316108e-07
14419,normal,normal,0.9887063650318753
14420,attack,attack,1.7106201584148435e-07
14421,normal,normal,0.9901028655920994
14422,normal,normal,0.9947885407759539
14423,normal,normal,0.993780386757872
14424,normal,normal,0.9857619360845365
14425,attack,attack,0.32603060453794946
14426,normal,normal,0.9979991090885416
14427,normal,normal,0.9961384979403611
14428,normal,normal,0.9758058345817967
14429,normal,normal,0.997908042417134
14430,attack,attack,0.00014793843508691985
14431,attack,attack,0.001258858143372996
14432,attack,normal,0.5978128502778557
14433,normal,normal,0.9968688279815623
14434,normal,normal,0.9979118073749128
14435,attack,attack,0.0028065962531593543
14436,attack,attack,0.18555270810962574
14437,attack,attack,0.0014453283900585285
14438,normal,normal,0.9899774402739185
14439,attack,attack,0.0018049343993308895
14440,attack,normal,0.9988378284217561
14441,attack,attack,4.5361097444822415e-06
14442,attack,normal,0.8741774609663429
14443,normal,normal,0.9883089145349727
14444,normal,normal,0.9864970290067903
14445,attack,attack,0.0031299706664224135
14446,attack,attack,0.0007140294362602916
14447,normal,normal,0.9972976865446822
14448,normal,normal,0.9960734536988994
14449,normal,normal,0.996382552562527
14450,normal,normal,0.9964649019744205
14451,attack,attack,0.047111995520881106
14452,normal,normal,0.9963299961824404
14453,normal,normal,0.9963053790910898
14454,attack,normal,0.5255620382384413
14455,attack,attack,0.0009021440843514139
14456,attack,attack,0.007321377439233329
14457,normal,normal,0.9966954450922929
14458,normal,normal,0.9940936054488183
14459,normal,normal,0.9991626231686529
14460,attack,attack,0.00030075024293446423
14461,normal,normal,0.9879724946174857
14462,normal,normal,0.9929466542024421
14463,normal,normal,0.9969166341924338
14464,normal,attack,0.0035324421048242025
14465,attack,attack,0.0002579176705913511
14466,attack,attack,0.011313108955012379
14467,normal,normal,0.9880049965043112
14468,attack,attack,6.41760484777359e-05
14469,attack,attack,0.0002428629771475411
14470,normal,normal,0.996323943774233
14471,attack,attack,7.901478523191652e-08
14472,attack,attack,0.0011696825922771505
14473,attack,attack,3.9430361409398445e-09
14474,attack,attack,0.36160633490020505
14475,normal,normal,0.985883599984069
14476,normal,normal,0.9859738110698568
14477,attack,normal,0.9570805465790078
14478,normal,normal,0.99090009029059
14479,attack,normal,0.9999991514955607
14480,attack,normal,0.9999999218697325
14481,normal,normal,0.9996886711245409
14482,normal,normal,0.895018435004995
14483,normal,normal,0.9878738654186933
14484,normal,normal,0.9927994241539784
14485,normal,normal,0.9973964947719752
14486,attack,normal,0.9970317816279624
14487,attack,normal,0.9890302619895353
14488,attack,normal,0.9999998115853599
14489,attack,normal,0.918504704167148
14490,normal,normal,0.996021615984912
14491,attack,attack,0.0002893836849506645
14492,attack,attack,7.95804604159383e-05
14493,attack,attack,0.008565940222409559
14494,attack,normal,0.995685603941046
14495,normal,normal,0.9998214572939398
14496,normal,normal,0.9899642558664581
14497,attack,normal,0.8084616591830821
14498,attack,normal,0.6267407074687372
14499,normal,normal,0.9840482795735341
14500,attack,attack,0.3166050598442809
14501,attack,normal,0.9988615934025135
14502,normal,normal,0.9905298127284577
14503,attack,normal,0.9864019671493987
14504,attack,normal,0.9974671202033154
14505,attack,normal,0.8492552556281362
14506,attack,attack,1.4758643202069523e-07
14507,attack,attack,0.10730062931184013
14508,attack,attack,0.0009912875030698898
14509,normal,normal,0.9973815505506918
14510,attack,attack,0.13857966393876087
14511,normal,normal,0.989569598359818
14512,attack,attack,1.5921391921575192e-06
14513,normal,attack,0.16058228857136012
14514,attack,normal,0.9999999368349852
14515,normal,normal,0.9344519056204879
14516,attack,attack,0.00014613110396274615
14517,attack,normal,0.9999999182189634
14518,normal,attack,2.1365797052313508e-08
14519,normal,normal,0.9947053564037021
14520,normal,normal,0.9866861806642269
14521,normal,normal,0.9977122503943957
14522,attack,attack,0.0014649269817915373
14523,normal,normal,0.9948958365894046
14524,normal,normal,0.999857777135197
14525,attack,attack,0.01855046449306947
14526,normal,normal,0.9966772087362405
14527,attack,normal,0.9953446827941873
14528,normal,normal,0.9977143653488416
14529,normal,normal,0.9614639155444658
14530,normal,normal,0.9973280979298523
14531,normal,normal,0.9980440940352505
14532,normal,normal,0.9981914616812243
14533,normal,normal,0.9925256162412973
14534,attack,normal,0.7742225193926374
14535,normal,normal,0.9864047117675128
14536,attack,normal,0.9987770944606613
14537,normal,normal,0.997713922453907
14538,attack,normal,0.9369963865735638
14539,attack,normal,0.9955773362906408
14540,normal,attack,0.006716302692203609
14541,normal,normal,0.9940506616671767
14542,attack,normal,0.9987770943770921
14543,attack,attack,5.85457777806222e-07
14544,attack,attack,2.357024839309649e-06
14545,attack,normal,0.9497514181179547
14546,attack,attack,0.0015872588565025208
14547,attack,normal,0.9328661419315705
14548,normal,attack,5.840167120830118e-09
14549,attack,attack,1.7416499809296869e-07
14550,normal,normal,0.9873616799960059
14551,attack,attack,0.0005026272739009875
14552,attack,normal,0.9376186355458092
14553,attack,attack,0.0006014655735479994
14554,normal,normal,0.9968980519184114
14555,attack,attack,0.009933238455544342
14556,attack,attack,3.1390715300643383e-07
14557,attack,normal,0.9867620419495576
14558,attack,attack,4.816220845601972e-06
14559,normal,normal,0.9884153773818223
14560,attack,attack,0.008764874560820982
14561,normal,attack,0.018586167290268178
14562,attack,normal,0.956086252236575
14563,attack,normal,0.950600441449823
14564,normal,normal,0.9982175910029304
14565,normal,normal,0.9969385109914538
14566,normal,normal,0.9865936044317684
14567,normal,normal,0.9702943132446057
14568,attack,normal,0.9432288451030523
14569,normal,attack,0.005410622530541094
14570,attack,attack,8.452503776643418e-05
14571,attack,normal,0.9405466224438512
14572,attack,attack,4.3752673621741036e-08
14573,normal,normal,0.9998127066288647
14574,attack,attack,3.8090338379965786e-08
14575,attack,attack,1.2218497022456196e-07
14576,attack,attack,8.346289972018779e-05
14577,attack,normal,0.9999963379819241
14578,normal,normal,0.997393514025279
14579,attack,normal,0.9960870125602653
14580,attack,attack,0.00022067113452722378
14581,normal,normal,0.9618501963961953
14582,normal,normal,0.9901865493866284
14583,normal,normal,0.741794344168217
14584,normal,normal,0.9870674239056472
14585,normal,normal,0.9900692782064229
14586,normal,normal,0.7680701547760175
14587,attack,normal,0.9999999709031013
14588,attack,attack,0.0011394295641040711
14589,attack,attack,0.0026260900458321104
14590,attack,attack,0.00022351618644649121
14591,attack,attack,0.009614014351453875
14592,normal,normal,0.987632533402663
14593,attack,normal,0.9930421537694785
14594,attack,normal,0.9986246575500806
14595,attack,attack,5.11068544265111e-07
14596,normal,normal,0.9887605670272528
14597,normal,normal,0.9976713396144661
14598,attack,normal,0.953362520435482
14599,normal,normal,0.9974823257373371
14600,attack,attack,0.24421708266297826
14601,attack,attack,9.662568931443863e-09
14602,normal,normal,0.7284774878238407
14603,normal,normal,0.9972287758620604
14604,attack,normal,0.9969039463455966
14605,attack,attack,0.000831253567816392
14606,attack,normal,0.9099980621433421
14607,attack,normal,0.8221754993090551
14608,attack,attack,0.001724638248621197
14609,normal,normal,0.9954950528966364
14610,normal,normal,0.9996281040753717
14611,attack,attack,0.0010609630585018395
14612,normal,normal,0.9974393825384171
14613,attack,normal,0.9863339407657442
14614,attack,normal,0.9990399272152066
14615,normal,normal,0.9999046374841881
14616,attack,attack,0.06209635895028437
14617,attack,normal,0.9366786046133635
14618,attack,attack,0.0011319556088193598
14619,normal,normal,0.9899950523542947
14620,attack,attack,4.354935128491605e-07
14621,normal,normal,0.9746306325076418
14622,attack,normal,0.9990451755637715
14623,normal,normal,0.9835767470504292
14624,normal,normal,0.999757127989953
14625,normal,normal,0.9980540991303998
14626,normal,normal,0.9886585825746613
14627,normal,normal,0.9995119314703566
14628,normal,normal,0.9864007001857833
14629,normal,normal,0.9995562783947891
14630,attack,attack,0.0007317762088320115
14631,normal,normal,0.987515899781563
14632,attack,attack,0.005373855181336575
14633,normal,normal,0.9905066471454381
14634,attack,attack,0.005744430479197851
14635,attack,attack,0.1841537817610958
14636,normal,normal,0.9335225638755638
14637,normal,normal,0.9743727268699461
14638,attack,normal,0.9333807853045387
14639,normal,normal,0.9355239589838616
14640,attack,normal,0.5944811369507038
14641,attack,attack,0.00013376221423510733
14642,attack,normal,0.9990164123705361
14643,normal,normal,0.9732721683673174
14644,attack,attack,3.1681215176510565e-05
14645,attack,attack,1.057323901598815e-07
14646,normal,attack,0.057939840523646424
14647,attack,normal,0.9993534409234305
14648,attack,attack,0.01604006392605807
14649,normal,normal,0.9973322709704315
14650,attack,normal,0.8587380539879419
14651,attack,attack,4.196954199083489e-05
14652,attack,attack,0.000269369615466074
14653,attack,attack,0.001188269939798198
14654,normal,normal,0.9867435928906565
14655,attack,attack,0.00022219861350773838
14656,attack,attack,1.1671103853961631e-07
14657,normal,normal,0.9976922995510974
14658,normal,normal,0.9908029328350447
14659,attack,attack,0.0081999464460107
14660,normal,normal,0.9953795665252795
14661,normal,normal,0.9873533706643303
14662,normal,normal,0.9895706763182595
14663,normal,normal,0.9913556242039667
14664,attack,attack,0.01241016338576466
14665,attack,normal,0.9986939353030357
14666,normal,normal,0.994931977760432
14667,normal,normal,0.9897806728612116
14668,normal,attack,4.254109292121798e-05
14669,attack,normal,0.9987675019677862
14670,attack,attack,0.0001612686642358965
14671,attack,normal,0.997701229409082
14672,normal,attack,0.0025400648882646353
14673,attack,attack,9.232216656442412e-05
14674,attack,normal,0.9983438582456026
14675,attack,attack,0.0007929086228391509
14676,normal,normal,0.9947843935320078
14677,attack,attack,0.017323500669253655
14678,normal,normal,0.9868684648887261
14679,attack,attack,0.00013703011637957713
14680,attack,attack,0.001829820168252084
14681,normal,attack,0.005197371463693837
14682,attack,attack,0.008153693993279108
14683,attack,normal,0.5443474528398288
14684,normal,normal,0.9878701106177915
14685,normal,normal,0.9997155192428027
14686,attack,normal,0.8628235381303995
14687,attack,attack,0.040999636569019726
14688,normal,normal,0.9989125359445524
14689,normal,normal,0.9893722322411725
14690,normal,normal,0.7780605760126516
14691,attack,attack,0.009379026969860633
14692,normal,normal,0.9856158469121997
14693,attack,normal,0.9999999693769352
14694,attack,attack,4.2749598888836915e-07
14695,normal,normal,0.9906693710192128
14696,attack,attack,2.266243567786973e-06
14697,normal,normal,0.9950895034125962
14698,normal,normal,0.9975172396984971
14699,attack,attack,0.003828544532880139
14700,attack,attack,0.00010334508596154846
14701,attack,attack,0.00015646708949313334
14702,attack,attack,0.00020172263708133058
14703,normal,normal,0.9531272521825642
14704,attack,normal,0.99898102726374
14705,normal,normal,0.9844426124046178
14706,normal,normal,0.9997477211496099
14707,normal,normal,0.9815109950501552
14708,normal,normal,0.9908857406884384
14709,normal,normal,0.997903992735271
14710,normal,normal,0.9994081736361624
14711,attack,normal,0.8525753004061338
14712,attack,attack,0.0009752903154800316
14713,normal,normal,0.9977956447094818
14714,normal,normal,0.9897924530735618
14715,normal,normal,0.9906982156235384
14716,attack,normal,0.9987023325803668
14717,attack,attack,0.015489736912942097
14718,attack,attack,0.3984529190811578
14719,normal,normal,0.9974287078369625
14720,attack,attack,0.05069371993706961
14721,normal,normal,0.9942008879692598
14722,normal,normal,0.9988250756438447
14723,attack,attack,0.00024741706507020036
14724,attack,attack,4.4111604447862827e-07
14725,normal,normal,0.9650397538725028
14726,normal,normal,0.9905834831967025
14727,attack,normal,0.8578637029658951
14728,attack,attack,0.00013458416895046292
14729,attack,attack,0.00023925089385916484
14730,attack,attack,0.029869114981074682
14731,normal,normal,0.9918221446980089
14732,normal,normal,0.996425200122129
14733,attack,attack,0.04422764206033817
14734,attack,attack,0.026817040778397052
14735,attack,attack,5.168275030917249e-07
14736,normal,normal,0.997719351849155
14737,attack,attack,1.3805372838651692e-08
14738,attack,normal,0.9987575418960255
14739,attack,attack,1.5253211257430093e-07
14740,attack,normal,0.6640489978052251
14741,attack,attack,0.002123491934322724
14742,attack,attack,1.2452530797947908e-07
14743,normal,normal,0.999850363540016
14744,attack,normal,0.9316508671665505
14745,attack,attack,0.018362904340965644
14746,attack,normal,0.9942723427281411
14747,normal,normal,0.9894570006949193
14748,attack,normal,0.998969311975666
14749,attack,normal,0.9360476061835054
14750,attack,attack,0.0007411693489771705
14751,attack,attack,0.0002010533171663847
14752,attack,normal,0.9897689881562404
14753,normal,normal,0.9978042560540864
14754,attack,normal,0.9921552592162586
14755,attack,attack,0.0010522843300856967
14756,attack,attack,2.258790065176364e-08
14757,attack,attack,0.010918840594358036
14758,normal,normal,0.99752882279372
14759,attack,attack,0.0004522721969703578
14760,normal,normal,0.990410360744435
14761,normal,attack,0.016439880860962115
14762,normal,normal,0.9890718480703644
14763,attack,attack,2.4876428194030937e-08
14764,normal,normal,0.9962210208756074
14765,attack,normal,0.999999885151368
14766,attack,attack,4.752484506424429e-05
14767,attack,attack,0.2282676793265437
14768,attack,normal,0.9999999706498366
14769,attack,normal,0.9999999296662873
14770,attack,normal,0.9341804277762409
14771,normal,normal,0.9978682079954858
14772,normal,normal,0.9983791534897628
14773,attack,attack,0.08256687379790621
14774,normal,normal,0.9997388951183169
14775,normal,normal,0.9554083984688955
14776,attack,attack,0.06504764548033119
14777,attack,attack,4.280658246408728e-05
14778,normal,normal,0.9979940424790189
14779,attack,attack,0.0019088736881765407
14780,normal,normal,0.9975934684385805
14781,attack,attack,0.0007894374824084543
14782,attack,normal,0.9952204330204447
14783,normal,normal,0.9967136439882168
14784,attack,attack,0.0045082651110301426
14785,attack,attack,0.0009427149821260394
14786,normal,normal,0.9988387690726038
14787,normal,attack,0.005142935074290008
14788,attack,normal,0.9907751037482518
14789,attack,normal,0.9955049695006162
14790,normal,attack,0.004992521894745809
14791,normal,normal,0.994584372777458
14792,normal,normal,0.9919937116173971
14793,normal,normal,0.9880687781829982
14794,attack,attack,0.00105712891774768
14795,attack,normal,0.9989009235062948
14796,normal,normal,0.9984870091464495
14797,normal,normal,0.9998445900445387
14798,attack,attack,0.0035843353022185407
14799,attack,attack,0.00019029880328277958
14800,attack,attack,5.413044811726467e-06
14801,attack,attack,0.0002208721315300216
14802,attack,normal,0.9971852067106339
14803,normal,normal,0.9970628581765562
14804,attack,attack,0.0001687292657724504
14805,attack,normal,0.5697579836516763
14806,normal,normal,0.9907250838847331
14807,normal,attack,0.003569912375764927
14808,attack,attack,0.0025575919939419696
14809,normal,normal,0.997604286983175
14810,attack,attack,0.0001655989911051407
14811,attack,normal,0.9535707972513398
14812,attack,normal,0.9908825427572147
14813,attack,attack,2.964030395638088e-07
14814,normal,normal,0.9997470799680553
14815,normal,normal,0.9980337691023642
14816,normal,normal,0.9952004459922797
14817,attack,attack,0.014255106644672265
14818,normal,normal,0.9575241212233457
14819,attack,normal,0.9823225577124072
14820,normal,normal,0.9870309245079135
14821,normal,normal,0.9974284353559271
14822,normal,normal,0.9812191666474048
14823,attack,attack,0.00031029875068953986
14824,attack,normal,0.9944031570076927
14825,normal,normal,0.9965361538938984
14826,attack,normal,0.9290424507313088
14827,attack,attack,0.021005408078839417
14828,attack,attack,0.002026152483103699
14829,attack,attack,0.4298917488741679
14830,normal,attack,0.0067163029204268185
14831,normal,normal,0.995285939772908
14832,normal,normal,0.9940966958506439
14833,attack,attack,2.8309052234419575e-06
14834,attack,attack,0.0012786233411941216
14835,attack,normal,0.9853340554214328
14836,attack,attack,0.022512142245244907
14837,attack,attack,0.00042233652697116206
14838,normal,normal,0.9927365034847786
14839,normal,normal,0.9896111947293343
14840,attack,attack,4.17680614387207e-05
14841,attack,normal,0.5507414962069977
14842,attack,normal,0.9999994627738482
14843,attack,attack,1.0235929269853657e-05
14844,attack,normal,0.9777882583669842
14845,attack,attack,0.0010311542794622479
14846,normal,normal,0.9997032142388367
14847,normal,normal,0.9902522144375269
14848,attack,normal,0.5869556452263576
14849,attack,normal,0.9999961290097675
14850,attack,attack,4.797685898872432e-07
14851,normal,normal,0.9980221744753458
14852,attack,normal,0.5322609678208767
14853,attack,normal,0.9348859053007492
14854,normal,normal,0.9997933377127778
14855,normal,normal,0.9961129136901928
14856,normal,normal,0.9997209644171933
14857,attack,normal,0.9974470626908426
14858,attack,attack,3.035786155405367e-05
14859,attack,normal,0.9902604178722672
14860,attack,attack,0.01157328488614169
14861,attack,attack,8.17700865260175e-05
14862,attack,attack,0.0017128783574247228
14863,normal,normal,0.9904613420957106
14864,attack,attack,0.21609687074160605
14865,attack,normal,0.6684717721661863
14866,normal,normal,0.9935856289705731
14867,attack,attack,0.00024899676550365057
14868,attack,attack,0.0008730721171891243
14869,normal,normal,0.6496781446597991
14870,attack,normal,0.8793061930602756
14871,normal,normal,0.9973007140842682
14872,attack,attack,0.0023485255608625853
14873,normal,normal,0.99986126504566
14874,attack,normal,0.9342382820918969
14875,normal,normal,0.9994743964843704
14876,attack,attack,0.0021513608929457197
14877,normal,normal,0.9966434348832092
14878,attack,normal,0.9896587867806917
14879,normal,normal,0.5230891767193079
14880,attack,normal,0.7819542340566737
14881,attack,attack,0.3114618597725638
14882,normal,normal,0.9903089562795294
14883,attack,normal,0.9964380610093155
14884,normal,normal,0.9873772122608994
14885,normal,normal,0.9998891182310534
14886,attack,attack,0.00019789658652270774
14887,attack,attack,0.0014579073453451
14888,normal,normal,0.997028460653662
14889,attack,normal,0.9428280119392788
14890,attack,normal,0.9986145841834907
14891,normal,normal,0.9969169131685582
14892,normal,normal,0.9864497607501501
14893,normal,normal,0.9979131662469729
14894,normal,normal,0.9975440239273602
14895,normal,normal,0.9875373608808966
14896,attack,attack,0.006865600779224998
14897,attack,normal,0.996402977547304
14898,normal,normal,0.9899917092077366
14899,attack,normal,0.9381704272774898
14900,attack,attack,0.014358754511895298
14901,normal,normal,0.9954495470128455
14902,normal,normal,0.9975482377606404
14903,normal,normal,0.9991275999644272
14904,attack,normal,0.998983905924683
14905,attack,normal,0.9986385408683863
14906,attack,attack,0.0014321227233761917
14907,attack,normal,0.9988174350890697
14908,normal,normal,0.9974275310293557
14909,normal,normal,0.9854805770231586
14910,normal,normal,0.7818394975322459
14911,attack,attack,0.021362736502416116
14912,attack,attack,0.002484422394994775
14913,normal,normal,0.9974067794305737
14914,normal,normal,0.9727996471588476
14915,normal,attack,1.232522331786284e-08
14916,attack,attack,0.00660307862988026
14917,normal,normal,0.9890684174617601
14918,attack,normal,0.9352120596641513
14919,normal,normal,0.990406910180929
14920,attack,attack,0.01438797871838359
14921,attack,attack,0.04863297089383683
14922,attack,attack,0.0013483474717429376
14923,attack,normal,0.998729181313786
14924,attack,normal,0.9559201829071291
14925,normal,normal,0.9957551213855348
14926,normal,attack,0.003748811646754363
14927,attack,attack,0.0012009417046057907
14928,attack,attack,5.58986521407355e-05
14929,normal,normal,0.9879026896171041
14930,attack,attack,0.00010383936550521859
14931,normal,normal,0.9885947949282028
14932,attack,attack,8.414384959167407e-08
14933,attack,normal,0.9833650429997711
14934,normal,normal,0.9872762574890821
14935,attack,normal,0.9969776881961068
14936,attack,attack,0.0002230402929604333
14937,attack,normal,0.7098075421611441
14938,normal,normal,0.9747122059267915
14939,attack,attack,0.008451964740257759
14940,normal,attack,0.004320260616912971
14941,attack,normal,0.983610127907981
14942,normal,normal,0.9859274114656158
14943,attack,attack,0.025752267413377255
14944,attack,attack,7.258938353107052e-06
14945,normal,normal,0.9779410923204795
14946,attack,attack,0.01755573468080349
14947,normal,normal,0.9902858621331501
14948,normal,attack,9.08182690968651e-09
14949,attack,normal,0.9984640102074256
14950,normal,normal,0.9898940401110468
14951,attack,normal,0.7233239570099291
14952,attack,attack,5.430613937648629e-07
14953,attack,attack,0.05924774370684883
14954,attack,attack,0.00010041476304417413
14955,attack,normal,0.9999991272901272
14956,attack,attack,0.00025401198343983234
14957,attack,attack,6.509447645869575e-05
14958,attack,normal,0.9999999396486742
14959,attack,normal,0.9985563604721251
14960,attack,attack,0.2211493288117544
14961,attack,attack,0.00039995601029362666
14962,attack,normal,0.9987827487790168
14963,attack,attack,0.0019059040706770366
14964,normal,normal,0.9902028742991918
14965,normal,normal,0.8981670045990663
14966,attack,attack,0.0010215050136208157
14967,normal,normal,0.9658426079482555
14968,normal,normal,0.9949777020199206
14969,attack,attack,6.265359656817894e-05
14970,normal,normal,0.9932547782512651
14971,normal,normal,0.99980702070607
14972,normal,normal,0.9966153825795453
14973,normal,normal,0.9907203488433604
14974,normal,normal,0.990868166715883
14975,attack,attack,0.009584137339180693
14976,normal,normal,0.9964263276966447
14977,normal,normal,0.9981710138504811
14978,normal,normal,0.9900778508352226
14979,normal,normal,0.6397914350061799
14980,normal,normal,0.9397785042163693
14981,attack,attack,0.01907688354012751
14982,normal,normal,0.9970869625886595
14983,normal,normal,0.9877984207324019
14984,attack,attack,0.0013373703640041001
14985,attack,attack,2.598748440506935e-07
14986,attack,normal,0.8219104607400041
14987,attack,normal,0.8172913651583839
14988,attack,attack,0.02588372431505254
14989,attack,attack,0.47329342471555236
14990,attack,attack,4.0372379344998916e-06
14991,normal,normal,0.9905096127919747
14992,attack,attack,1.6173134375742965e-06
14993,normal,normal,0.9851891365549237
14994,normal,normal,0.9861097752457632
14995,normal,normal,0.9935911528192204
14996,normal,normal,0.9978244064981082
14997,normal,attack,0.10802466464063937
14998,attack,attack,4.4908877638358195e-07
14999,normal,normal,0.9902016646421264
15000,attack,attack,0.00020160971538985508
15001,attack,normal,0.9857155327007727
15002,normal,normal,0.9900984297122274
15003,attack,normal,0.9999999141158493
15004,attack,attack,0.0017022108207780948
15005,attack,attack,1.4927758775489737e-07
15006,normal,normal,0.9946935072729856
15007,normal,attack,0.00417767161152693
15008,attack,normal,0.9985342457179269
15009,attack,normal,0.9488419883400541
15010,attack,attack,0.00020057982216650316
15011,normal,normal,0.9968967987950664
15012,normal,normal,0.9878679577414915
15013,attack,attack,0.003208627725579851
15014,attack,normal,0.9943070488144367
15015,normal,attack,0.1265180120609843
15016,attack,normal,0.99902552034084
15017,normal,normal,0.9964501287290659
15018,normal,normal,0.9896203191999189
15019,normal,attack,0.08342282708448615
15020,attack,attack,0.00010099428602526248
15021,normal,normal,0.6976277644254824
15022,attack,normal,0.9986862420094608
15023,attack,attack,0.0020941196127906955
15024,attack,normal,0.9988949828015247
15025,attack,attack,0.000947561106656144
15026,normal,normal,0.9842919789279124
15027,normal,normal,0.9852572307833484
15028,normal,normal,0.9886695814264342
15029,normal,normal,0.9871360239224992
15030,normal,normal,0.9980312055231838
15031,attack,normal,0.9096671975985421
15032,attack,attack,0.012255623612659678
15033,normal,normal,0.9871959284617481
15034,normal,normal,0.9898929042412297
15035,attack,normal,0.9999999191683896
15036,normal,normal,0.9898694561330177
15037,normal,normal,0.9908947764368368
15038,normal,normal,0.9895465618349485
15039,normal,normal,0.9806882632433433
15040,normal,attack,0.0049925067646396214
15041,normal,normal,0.9980896713104109
15042,normal,normal,0.9976578095078729
15043,attack,normal,0.9687103835229216
15044,attack,normal,0.8957441015235252
15045,attack,attack,0.0011220533470741266
15046,normal,normal,0.9971902484657
15047,attack,normal,0.6959072824377407
15048,attack,attack,0.0012736594844239123
15049,normal,normal,0.9957564122379144
15050,normal,normal,0.9973587547836905
15051,normal,normal,0.9357314637466237
15052,attack,normal,0.9948796709729836
15053,attack,attack,0.00023444757298156068
15054,normal,normal,0.9975415012138293
15055,attack,normal,0.9986893117692007
15056,attack,attack,0.0008813701530593881
15057,normal,normal,0.9950959713800569
15058,normal,normal,0.9903002319394139
15059,attack,normal,0.9957909699642621
15060,normal,normal,0.997157024142392
15061,normal,normal,0.9881675223559713
15062,attack,normal,0.9864209883460663
15063,attack,attack,0.0007719571563193914
15064,attack,attack,0.001419533195480499
15065,normal,normal,0.9969152420235808
15066,attack,attack,0.07791349501440882
15067,attack,attack,0.0012022277957931047
15068,attack,attack,0.004969694302369163
15069,attack,normal,0.9864736539370509
15070,normal,normal,0.9964043378261561
15071,attack,attack,2.2081496745450506e-07
15072,attack,normal,0.9358496632326706
15073,attack,attack,0.0010150416367644285
15074,attack,normal,0.9999999191475827
15075,normal,normal,0.9979257464488236
15076,attack,normal,0.9952498655777406
15077,attack,normal,0.9863815919885157
15078,normal,normal,0.9895922143722957
15079,attack,normal,0.9817581044312762
15080,attack,attack,0.3250812107890092
15081,normal,normal,0.9964420826367251
15082,attack,attack,0.00016474021741330887
15083,attack,attack,0.01658628078338892
15084,attack,normal,0.9985528350826347
15085,attack,attack,0.007068894075815753
15086,attack,attack,0.00022738480049111742
15087,attack,normal,0.6811647857868901
15088,normal,normal,0.9734235850711308
15089,attack,attack,0.0011817606204225079
15090,normal,normal,0.9433943636578674
15091,normal,normal,0.9954107487291978
15092,normal,normal,0.9875773158521124
15093,attack,normal,0.9981982970852832
15094,normal,normal,0.9730588510503906
15095,normal,attack,0.004311944039585315
15096,attack,attack,8.658068672135188e-05
15097,normal,normal,0.9997577045346584
15098,attack,normal,0.9242562370531175
15099,attack,normal,0.9988997365834046
15100,attack,normal,0.9991474310431082
15101,attack,normal,0.9979376666438466
15102,attack,attack,0.029984188761390952
15103,attack,attack,0.0008638849907949669
15104,normal,normal,0.8399556436347169
15105,normal,normal,0.9868801063664224
15106,normal,normal,0.9807699543323594
15107,attack,attack,0.00042627159204289636
15108,attack,normal,0.9991209234676969
15109,normal,normal,0.9900146048121439
15110,normal,normal,0.9997980493025462
15111,normal,normal,0.9906878920231147
15112,normal,normal,0.9869737068035286
15113,attack,attack,0.0010649814893828194
15114,attack,attack,0.013131225041994227
15115,normal,normal,0.9968057459372388
15116,normal,normal,0.9353537247732564
15117,attack,attack,0.0029949158176112746
15118,attack,attack,0.004144736043326323
15119,attack,attack,0.0009814320832490253
15120,attack,attack,0.00016568439379517416
15121,attack,normal,0.9993526998299647
15122,attack,attack,0.0008957430278903166
15123,attack,attack,0.0013095910532250664
15124,normal,normal,0.9959164409186748
15125,attack,attack,0.0015362162570393024
15126,normal,normal,0.988047711162161
15127,attack,attack,3.179816477915613e-06
15128,normal,attack,1.3086082316871954e-08
15129,attack,normal,0.7013426808751572
15130,normal,normal,0.9967020300217847
15131,attack,attack,2.403011240504075e-06
15132,attack,attack,0.015213024868590285
15133,normal,normal,0.9900989644001263
15134,attack,attack,0.13188761691928455
15135,attack,attack,0.30073622964501034
15136,attack,attack,0.0017834694837009757
15137,normal,normal,0.9906093107614378
15138,attack,normal,0.9999999003118409
15139,normal,normal,0.9357314161158226
15140,attack,attack,0.005670851092697131
15141,attack,attack,0.0002758270181392139
15142,normal,normal,0.9887852456817156
15143,attack,attack,0.07419676454142815
15144,attack,normal,0.9985333296234365
15145,normal,attack,0.36999095029654655
15146,attack,normal,0.9382351618837189
15147,normal,normal,0.9998546318287691
15148,attack,attack,3.341367142157942e-05
15149,attack,attack,1.643136766410267e-05
15150,attack,attack,4.330189718837192e-07
15151,attack,attack,0.03693473535691366
15152,normal,normal,0.9898447496997617
15153,attack,normal,0.9971003471456849
15154,attack,normal,0.9997608896201453
15155,attack,normal,0.9982130134052258
15156,normal,normal,0.9973208818089904
15157,attack,normal,0.9990332577541013
15158,attack,attack,0.00019899976016343052
15159,normal,normal,0.9367085816295059
15160,normal,normal,0.9907631158823343
15161,attack,attack,0.015717140050841964
15162,attack,attack,0.17885229314183096
15163,attack,normal,0.9982679764730268
15164,normal,normal,0.9964354828446312
15165,attack,normal,0.9999996904872909
15166,attack,normal,0.933797969900284
15167,attack,normal,0.9988715696329373
15168,attack,normal,0.9987860324107065
15169,normal,normal,0.996598827982943
15170,normal,normal,0.5828669882763489
15171,normal,normal,0.9970132258381685
15172,attack,normal,0.9985333298238428
15173,attack,normal,0.9340362252972936
15174,attack,attack,0.015872277786732263
15175,normal,normal,0.9998570269210125
15176,normal,attack,0.00016092929560132416
15177,normal,normal,0.9087578793890783
15178,attack,attack,0.010504760513850854
15179,normal,normal,0.9685408460563775
15180,attack,attack,0.0018885928780015872
15181,attack,normal,0.9901977797642058
15182,normal,normal,0.9867360045491124
15183,normal,normal,0.9963126546512001
15184,normal,normal,0.990706587020213
15185,normal,normal,0.9988954847256993
15186,normal,normal,0.9945874836971222
15187,normal,normal,0.9616545156994712
15188,normal,normal,0.9907963630235875
15189,attack,attack,0.0016199426889387354
15190,normal,normal,0.9990491191238796
15191,normal,normal,0.9971921022873446
15192,normal,normal,0.9959771314200809
15193,normal,normal,0.9972375876008196
15194,normal,normal,0.9997853162517539
15195,normal,normal,0.9364834221283952
15196,attack,normal,0.7942855311438675
15197,attack,attack,0.0014026344623323172
15198,normal,normal,0.9897824989148392
15199,normal,normal,0.9743993680288537
15200,normal,normal,0.9413281077912681
15201,normal,normal,0.9990278710146605
15202,attack,attack,0.020032766355041098
15203,attack,normal,0.5229077388587544
15204,normal,normal,0.9908876960005275
15205,attack,attack,0.0173662598326711
15206,attack,attack,7.779849970696628e-09
15207,normal,normal,0.9995493418752484
15208,attack,normal,0.8149194598865661
15209,normal,normal,0.990308950698086
15210,attack,normal,0.7287884395794243
15211,normal,normal,0.9996622475109347
15212,normal,attack,0.4253829944087482
15213,normal,normal,0.9973115578341807
15214,attack,attack,0.3188501838854763
15215,normal,normal,0.9954953519317047
15216,attack,attack,0.33646504499589436
15217,normal,normal,0.9892023674243139
15218,attack,attack,0.3238364629761804
15219,attack,attack,0.01635926406608589
15220,attack,attack,0.0001494452533525162
15221,attack,normal,0.9987802913370595
15222,attack,attack,0.0035371683915178657
15223,attack,attack,0.3043711473468569
15224,normal,normal,0.9863105923546547
15225,attack,normal,0.9985315663540719
15226,attack,normal,0.9986569051192923
15227,attack,normal,0.9999999690153499
15228,attack,attack,0.18496309723595783
15229,normal,normal,0.9336425885161724
15230,attack,normal,0.7981459080443071
15231,attack,normal,0.985176995429773
15232,attack,attack,0.0007919451107314046
15233,attack,normal,0.9985549286544946
15234,attack,attack,0.0011759367576303563
15235,normal,normal,0.9897853162956423
15236,attack,attack,0.0006137256796903981
15237,normal,normal,0.9908026949255736
15238,normal,normal,0.9950753989752311
15239,normal,normal,0.999856838404636
15240,normal,normal,0.9971826200136935
15241,normal,normal,0.9864749667128413
15242,normal,normal,0.987970271048045
15243,normal,normal,0.9895760848483186
15244,attack,attack,0.007515881759768782
15245,attack,attack,0.00020116100125467775
15246,attack,attack,4.1474371328185396e-07
15247,normal,normal,0.9970033689492219
15248,attack,normal,0.9985271101881128
15249,attack,attack,6.549474587072185e-06
15250,attack,attack,1.5145491991663396e-06
15251,normal,normal,0.9977816684069206
15252,attack,attack,8.768858035080167e-08
15253,normal,normal,0.9790380166075389
15254,attack,normal,0.9986873024563109
15255,normal,normal,0.9935068027513396
15256,attack,normal,0.9982324966866845
15257,attack,normal,0.5549760954847343
15258,normal,normal,0.9845066952059057
15259,normal,normal,0.9866247754972222
15260,attack,attack,0.023338844436879582
15261,attack,attack,0.0018604865264252085
15262,attack,normal,0.753946767287156
15263,normal,normal,0.9905896175906559
15264,attack,normal,0.9348285726538856
15265,normal,normal,0.9946721012165936
15266,normal,attack,9.863513887403515e-06
15267,attack,attack,0.000131120898879606
15268,attack,attack,0.00035739344267072593
15269,normal,normal,0.9959942658803002
15270,attack,normal,0.9999995459349308
15271,normal,normal,0.9921474103631923
15272,attack,normal,0.9321837844345962
15273,attack,attack,0.00020896301193360604
15274,attack,attack,0.3029714597954717
15275,normal,normal,0.9998399252839513
15276,normal,normal,0.9899317345764124
15277,attack,attack,4.902484841683661e-06
15278,normal,attack,0.0056172355680437075
15279,normal,normal,0.9978640432697302
15280,attack,normal,0.8660487878401949
15281,normal,normal,0.9687935251088383
15282,attack,attack,0.0005497923925999346
15283,normal,normal,0.9971453117871448
15284,normal,normal,0.9914148683552559
15285,normal,normal,0.9904898700959123
15286,attack,normal,0.9999998379029779
15287,attack,attack,0.0003288535693971443
15288,normal,normal,0.9866408608079712
15289,attack,attack,0.022941248867590858
15290,normal,normal,0.9898941748681487
15291,attack,normal,0.9481553931186382
15292,normal,normal,0.9929322050288946
15293,normal,normal,0.9984625363765435
15294,normal,normal,0.9907454992630423
15295,attack,normal,0.8183841056057104
15296,attack,attack,0.34705645992795653
15297,normal,normal,0.9968602570173757
15298,normal,normal,0.9871937467907445
15299,attack,attack,0.036966991273483435
15300,attack,normal,0.6295529290669505
15301,normal,normal,0.9948633604570042
15302,attack,attack,0.000868159286134293
15303,attack,attack,0.0009649660874753516
15304,attack,attack,0.030177477825774835
15305,normal,normal,0.9935410725173836
15306,attack,attack,0.030843201238547925
15307,attack,normal,0.9992084973052808
15308,attack,normal,0.9818341491319051
15309,attack,attack,0.04284460702939288
15310,attack,normal,0.9989563584709946
15311,normal,normal,0.9189424266309776
15312,attack,attack,1.4216981596979962e-05
15313,attack,attack,0.0015204367561142732
15314,attack,attack,0.001526305204524188
15315,attack,normal,0.9360475938960415
15316,normal,normal,0.9917503131232006
15317,normal,normal,0.9950044056947304
15318,attack,normal,0.9999998666377115
15319,attack,attack,0.03130174247645637
15320,attack,normal,0.974434931842249
15321,attack,normal,0.7320835722299057
15322,attack,normal,0.997020756835306
15323,attack,attack,0.004272582518896762
15324,attack,attack,0.0005686584942768401
15325,attack,normal,0.8435651735543597
15326,attack,normal,0.9335262910604994
15327,normal,normal,0.994440742067869
15328,normal,normal,0.9925229309054896
15329,normal,normal,0.9106949259595611
15330,normal,normal,0.9559723727029644
15331,normal,normal,0.9952882615845178
15332,normal,normal,0.9943967133458793
15333,normal,normal,0.9944059244394494
15334,attack,attack,0.024668605957281906
15335,attack,attack,0.019299741003090058
15336,attack,attack,0.03610942998506938
15337,attack,attack,0.0010136368151938348
15338,attack,normal,0.9991200855480143
15339,attack,normal,0.9991515417962555
15340,attack,normal,0.9860349785273532
15341,attack,normal,0.9535475711621705
15342,normal,normal,0.9991078378551738
15343,normal,normal,0.9788411819550463
15344,normal,normal,0.9869789883725599
15345,attack,attack,0.00047458804367954557
15346,attack,attack,0.005111721698089747
15347,normal,normal,0.9883974065793001
15348,normal,normal,0.9995892300449856
15349,normal,normal,0.9968062442538475
15350,normal,normal,0.9880897179904587
15351,attack,attack,0.00010146305322877241
15352,attack,normal,0.998655146389879
15353,normal,normal,0.9978437216433299
15354,attack,attack,0.08750700086546508
15355,normal,normal,0.9975195967217906
15356,attack,normal,0.9700778769111446
15357,attack,normal,0.999999043126316
15358,attack,attack,0.0001284693048305445
15359,attack,attack,0.004691670655837273
15360,normal,normal,0.9977424043528348
15361,attack,attack,0.0001947443921268797
15362,normal,normal,0.9874915711220001
15363,normal,normal,0.9954165460341372
15364,normal,normal,0.9903057552538214
15365,normal,normal,0.9998408919133285
15366,attack,normal,0.937618631543899
15367,normal,normal,0.9990493582824534
15368,normal,normal,0.9868498042593759
15369,attack,normal,0.9987770945024461
15370,attack,normal,0.9987576053208626
15371,attack,normal,0.9968402803685217
15372,attack,attack,0.03534373536416563
15373,normal,normal,0.9983600862133901
15374,normal,normal,0.9878782226169214
15375,normal,normal,0.9996898040524527
15376,attack,normal,0.974524733008077
15377,normal,attack,0.12757387591337285
15378,attack,attack,0.035189036295062724
15379,attack,attack,6.884901241631294e-08
15380,attack,attack,0.00720120788145613
15381,attack,attack,0.2384011000800392
15382,normal,normal,0.9979584907701408
15383,normal,attack,0.009937328917372087
15384,normal,normal,0.9898911121579059
15385,attack,attack,0.002857428170603979
15386,normal,normal,0.9985526557332547
15387,attack,attack,0.0016351645953091266
15388,normal,normal,0.9366201552740864
15389,normal,normal,0.9602806769095596
15390,attack,attack,9.601290851109784e-08
15391,attack,attack,0.037678230339050475
15392,attack,attack,0.02290906317884852
15393,normal,normal,0.9807852378785794
15394,attack,attack,0.0013965832583103788
15395,normal,normal,0.9975920134852638
15396,attack,attack,1.9471552983491692e-08
15397,attack,normal,0.5765977384136849
15398,attack,attack,7.638058479515112e-07
15399,attack,normal,0.9905775701460288
15400,attack,attack,5.7565793360543046e-08
15401,normal,normal,0.9941174332146053
15402,attack,attack,0.01719410938122985
15403,attack,attack,0.012806905574695576
15404,attack,attack,5.227877171907891e-07
15405,normal,normal,0.9968911737788998
15406,attack,normal,0.9974560448603997
15407,attack,attack,0.10972002627530428
15408,attack,attack,4.1707040976729726e-05
15409,normal,normal,0.9906071114873488
15410,normal,normal,0.9976870632822571
15411,attack,attack,0.00013961134294129829
15412,normal,normal,0.9907037039263236
15413,normal,normal,0.996415368620287
15414,normal,normal,0.989465979804915
15415,attack,normal,0.8273380969983856
15416,normal,normal,0.9900874022793741
15417,attack,attack,0.000804317185207122
15418,attack,attack,0.05886579902817195
15419,attack,normal,0.668070927500298
15420,attack,attack,3.8556074280617834e-07
15421,attack,normal,0.9348275131568017
15422,normal,normal,0.9997160786431805
15423,normal,normal,0.990206196638098
15424,normal,normal,0.9994153846956275
15425,normal,normal,0.9862981790621462
15426,normal,normal,0.9975215212219493
15427,attack,normal,0.9868701380925742
15428,attack,attack,0.00025366811389560527
15429,normal,normal,0.9980791082334844
15430,normal,normal,0.9902028551909972
15431,normal,normal,0.9974653139568103
15432,attack,attack,0.001341313968163606
15433,normal,normal,0.9973907630245408
15434,attack,attack,0.0011004481195020508
15435,normal,normal,0.9981710269998871
15436,normal,normal,0.9935060302139903
15437,attack,normal,0.9977168658207202
15438,attack,normal,0.9988603237463238
15439,attack,normal,0.9999999730751145
15440,attack,attack,5.692355667769355e-07
15441,normal,attack,0.00010928986048094155
15442,normal,normal,0.9923782444291456
15443,attack,attack,0.02024269906078745
15444,attack,attack,0.029261455700010874
15445,normal,normal,0.989346392015556
15446,attack,attack,0.0001520972548338742
15447,attack,attack,3.5731363423088905e-05
15448,normal,normal,0.9875785558255029
15449,attack,normal,0.9999994593060447
15450,normal,normal,0.9997226161835228
15451,attack,attack,2.399151333873567e-07
15452,normal,normal,0.9905007206285491
15453,normal,normal,0.6979389378069804
15454,normal,normal,0.9953714342143829
15455,normal,normal,0.9972144955006471
15456,attack,attack,0.10851801646636068
15457,normal,normal,0.9863828232427994
15458,normal,normal,0.986126490952967
15459,attack,attack,0.00014167345102435327
15460,normal,normal,0.9899724498715224
15461,attack,attack,0.00016748485496457716
15462,attack,attack,0.0002665862864043846
15463,attack,normal,0.9977147202994573
15464,attack,attack,0.0029250947471485215
15465,normal,normal,0.9972819095351925
15466,attack,attack,1.0814660839879731e-05
15467,attack,attack,1.8095755869557717e-07
15468,attack,attack,0.011996371212305321
15469,normal,normal,0.9997602322700583
15470,attack,normal,0.7287271536453828
15471,attack,normal,0.9988108465166832
15472,normal,normal,0.9995802650042741
15473,attack,normal,0.9985676571584063
15474,attack,attack,0.06822612799855415
15475,attack,normal,0.9984237001019841
15476,attack,attack,0.08357800502423805
15477,normal,normal,0.9976946910560143
15478,attack,attack,7.529084309322574e-08
15479,attack,attack,0.0004349991915378907
15480,normal,normal,0.9878890942841269
15481,attack,attack,0.0012304048254144283
15482,normal,normal,0.9899987177305116
15483,normal,normal,0.9979125911810905
15484,attack,attack,3.945662088102046e-07
15485,attack,attack,3.362667584522108e-07
15486,attack,normal,0.9924224657702357
15487,attack,normal,0.9999999709037664
15488,attack,attack,0.37635679428587065
15489,attack,normal,0.7907525940460655
15490,attack,attack,0.001851740445362956
15491,attack,normal,0.9813083809872056
15492,normal,attack,0.11495295492148253
15493,normal,normal,0.9758295206765855
15494,normal,normal,0.9947630837281386
15495,attack,normal,0.9988921387254776
15496,normal,normal,0.9908870550455091
15497,normal,normal,0.9975852417052891
15498,attack,attack,0.012197195746292648
15499,attack,attack,0.004194937602098339
15500,attack,attack,0.003045941925930781
15501,attack,attack,9.462126865873003e-06
15502,attack,attack,0.006291141488903168
15503,normal,normal,0.9906076438521045
15504,attack,attack,0.004752232477754992
15505,normal,normal,0.9925434965669897
15506,attack,attack,1.9628265851417923e-06
15507,attack,normal,0.8346757995343935
15508,normal,normal,0.9898924400352654
15509,attack,attack,1.9851154865929696e-06
15510,normal,normal,0.9945332976716285
15511,normal,normal,0.9372449303084022
15512,normal,normal,0.9902075451666665
15513,attack,attack,0.021066366626884398
15514,attack,attack,0.04446316431614504
15515,normal,normal,0.9951999597859473
15516,normal,normal,0.9974905250411386
15517,attack,attack,0.16620075325621406
15518,normal,normal,0.9924231198697205
15519,attack,attack,0.00035333508118809095
15520,attack,normal,0.9999997087490029
15521,attack,normal,0.93730122595401
15522,normal,normal,0.9964744519455841
15523,attack,normal,0.9474903336040883
15524,normal,normal,0.9969270816314391
15525,normal,normal,0.9747188948941652
15526,attack,attack,0.2200769703298431
15527,attack,normal,0.9892767063517278
15528,attack,attack,0.024426997488567626
15529,normal,attack,0.0037166345543564287
15530,attack,attack,0.030495779816251543
15531,normal,normal,0.9951213005633637
15532,normal,normal,0.9940216467653812
15533,attack,attack,0.007046865143631414
15534,attack,attack,0.01818319340611832
15535,normal,normal,0.9758223975552318
15536,normal,normal,0.9998283161117039
15537,normal,normal,0.9906094687629015
15538,normal,normal,0.9881700237967881
15539,attack,normal,0.9984698589632631
15540,attack,attack,9.814970686915021e-05
15541,normal,normal,0.9928085223857571
15542,attack,attack,0.008246765497662395
15543,attack,attack,0.00012605322196006894
15544,attack,normal,0.7022780315136626
15545,normal,normal,0.9930578070487771
15546,attack,normal,0.9339137906964896
15547,normal,normal,0.9859038125745143
15548,attack,normal,0.6513763595347386
15549,attack,attack,0.00013197576311881605
15550,attack,attack,0.18612094175014138
15551,normal,normal,0.9939572580809608
15552,normal,normal,0.8992665417533277
15553,normal,normal,0.9974048581366515
15554,attack,normal,0.9993842390528169
15555,normal,normal,0.9972243024020485
15556,attack,attack,0.002201647930204319
15557,normal,normal,0.9354205803101703
15558,attack,normal,0.998423780757189
15559,normal,normal,0.9686336686823062
15560,normal,normal,0.9971222181572591
15561,normal,normal,0.9902069828086282
15562,attack,attack,0.0013762250185452053
15563,normal,normal,0.9977791724726269
15564,normal,normal,0.9904341446512184
15565,attack,normal,0.8808967133647682
15566,normal,normal,0.9974355294489262
15567,attack,attack,0.010438787010334733
15568,attack,attack,2.3334860618220884e-07
15569,attack,attack,0.0002611665522822162
15570,attack,attack,0.10636509716302554
15571,normal,normal,0.9879201846946616
15572,normal,normal,0.9997221552250956
15573,attack,attack,0.05573248116115547
15574,attack,attack,0.01792186639914504
15575,attack,attack,0.2647986889874308
15576,normal,normal,0.9901165652478398
15577,attack,normal,0.9955573778612683
15578,attack,normal,0.9999999344642018
15579,attack,normal,0.9316508649881264
15580,attack,attack,1.3923215931978358e-06
15581,attack,attack,1.533991281191978e-07
15582,attack,normal,0.9956645707826512
15583,attack,attack,0.0011080916836731117
15584,normal,normal,0.9980442727516773
15585,attack,normal,0.9989904341651075
15586,normal,normal,0.9996585685936918
15587,attack,attack,0.003523416866558471
15588,attack,normal,0.9925586796937651
15589,normal,normal,0.9863308147154205
15590,attack,attack,0.002079515180921143
15591,attack,normal,0.9999998366162595
15592,normal,normal,0.9910465156227178
15593,normal,normal,0.9843932547511233
15594,attack,normal,0.8873949552000148
15595,attack,normal,0.7980143037238899
15596,attack,normal,0.9433841830832376
15597,normal,normal,0.9993079129067066
15598,normal,normal,0.9341767506192044
15599,attack,attack,0.00017867048488505856
15600,normal,normal,0.9969253872462563
15601,attack,normal,0.9348285664011983
15602,normal,normal,0.9822549536554417
15603,normal,normal,0.9875606273403393
15604,attack,attack,0.024177922698422227
15605,normal,normal,0.998070659123595
15606,attack,attack,0.0013006222871083089
15607,normal,normal,0.9765733774352388
15608,normal,normal,0.9997557956160621
15609,normal,normal,0.9998706311170045
15610,normal,normal,0.8857284960374907
15611,normal,normal,0.9975059713389914
15612,attack,attack,0.030912517609370232
15613,normal,normal,0.9950306704015602
15614,attack,attack,0.0011524799441020148
15615,attack,attack,0.0007135091022275513
15616,attack,attack,0.00020758090019101148
15617,attack,attack,2.764626589066743e-09
15618,attack,attack,0.0019246135095142807
15619,normal,normal,0.9895881042313623
15620,attack,attack,0.00028977595607428694
15621,normal,normal,0.9871174074400291
15622,attack,attack,0.0462979776311333
15623,normal,normal,0.9906048746348729
15624,normal,normal,0.9980900114080803
15625,attack,normal,0.9930098658797769
15626,attack,attack,0.04319380409643762
15627,normal,normal,0.9913415440129668
15628,normal,normal,0.9979862970300882
15629,normal,normal,0.9993224081462477
15630,normal,normal,0.9821103790778277
15631,normal,normal,0.9915046786819945
15632,attack,attack,3.5655917071876397e-06
15633,normal,normal,0.9015376549606435
15634,attack,attack,0.02816408204110046
15635,normal,normal,0.9879053519116943
15636,attack,attack,0.006682392272037631
15637,normal,attack,0.0947894759140902
15638,attack,attack,0.0010955908716521949
15639,attack,attack,3.834904992820956e-08
15640,attack,normal,0.997658837349604
15641,attack,attack,0.018601352168435878
15642,attack,attack,0.00014361205532508628
15643,attack,attack,0.00013766088724511078
15644,normal,normal,0.9960341283765297
15645,attack,attack,0.017051585872587125
15646,normal,normal,0.9957852532872533
15647,attack,attack,0.021927613485333963
15648,attack,attack,0.015738547712334777
15649,attack,normal,0.7817156785198444
15650,normal,normal,0.9911365067740683
15651,attack,normal,0.6855190550955165
15652,attack,attack,0.0017857038398779086
15653,normal,normal,0.9952373722770388
15654,attack,attack,0.013114573444414492
15655,attack,attack,0.010793565424510815
15656,attack,normal,0.9323814862991667
15657,normal,normal,0.9976115255768843
15658,normal,attack,0.005197368885533739
15659,attack,attack,0.0014369806725408735
15660,normal,normal,0.9977818873542664
15661,attack,attack,0.0005524223956117232
15662,attack,normal,0.9972290074863921
15663,attack,attack,0.0018739750577003306
15664,attack,attack,0.005755793516652233
15665,attack,attack,0.00015732547100063676
15666,attack,normal,0.9864503290203641
15667,attack,attack,0.008793716150583665
15668,attack,attack,0.39824999439161607
15669,attack,normal,0.9987865823222313
15670,attack,attack,0.0017537150862705
15671,normal,normal,0.9892239724744418
15672,normal,normal,0.8529746208115345
15673,attack,normal,0.9316508737018224
15674,attack,attack,0.0001469131561607492
15675,attack,attack,0.0026271519826040566
15676,normal,attack,0.003495369383791733
15677,attack,attack,0.0015429733469783183
15678,attack,attack,0.0024020356934779867
15679,normal,normal,0.9998708118664927
15680,normal,normal,0.9899938894699759
15681,normal,normal,0.9869820927179396
15682,normal,normal,0.9894417448634188
15683,normal,normal,0.9907784401218652
15684,normal,normal,0.9967519781770202
15685,normal,normal,0.9844809536488213
15686,attack,attack,6.197645745470172e-09
15687,attack,attack,0.001908983450627702
15688,normal,normal,0.997790964454203
15689,normal,attack,0.006489271400953603
15690,normal,normal,0.9563000747167356
15691,attack,normal,0.9987242211036715
15692,normal,normal,0.9835743845658752
15693,attack,attack,4.72829744625572e-05
15694,normal,normal,0.9968434648411002
15695,normal,normal,0.9884587692399112
15696,normal,normal,0.8065784699290124
15697,attack,attack,0.020275973869339225
15698,normal,normal,0.9961596100641735
15699,normal,normal,0.9908485658064337
15700,attack,normal,0.9901927644604854
15701,normal,normal,0.9933294195363538
15702,attack,attack,0.0002636877117758668
15703,normal,normal,0.9997015764176569
15704,attack,attack,0.0013122908600240605
15705,normal,normal,0.9997255906194816
15706,normal,normal,0.9895930075456628
15707,attack,attack,1.1708787634417675e-07
15708,normal,normal,0.996734192469626
15709,attack,attack,0.2767090770470298
15710,normal,normal,0.9972023696082016
15711,attack,attack,1.7646781145454026e-06
15712,normal,normal,0.9979346197656466
15713,normal,normal,0.9959325478084041
15714,normal,normal,0.9993582060644872
15715,attack,attack,0.009449892485044596
15716,attack,normal,0.701129449473118
15717,normal,normal,0.9885092763852631
15718,attack,attack,3.089905030763033e-06
15719,attack,attack,0.022689255184866898
15720,attack,attack,0.009760881737807014
15721,attack,attack,0.001402355379851885
15722,normal,normal,0.9888917459293735
15723,attack,normal,0.9986249255973706
15724,attack,normal,0.992981208615755
15725,attack,normal,0.9348275917906316
15726,attack,normal,0.9979905287977974
15727,attack,attack,0.00018102336536721407
15728,normal,normal,0.9868636582677406
15729,normal,attack,0.0949635821089852
15730,normal,normal,0.9893439944263009
15731,attack,attack,0.0013054799806589343
15732,attack,attack,0.017983472439316858
15733,attack,normal,0.7824544232211417
15734,normal,normal,0.989533803705507
15735,normal,normal,0.999769803392001
15736,attack,attack,2.737753555572729e-05
15737,attack,attack,0.00045888317030531753
15738,attack,attack,0.0014630736890787446
15739,normal,normal,0.9885637317745868
15740,normal,normal,0.9274776321697721
15741,normal,normal,0.9993278155544508
15742,attack,attack,0.0006856640817293741
15743,normal,normal,0.934710442066234
15744,attack,attack,0.02162856534830645
15745,normal,normal,0.9960903112600128
15746,normal,normal,0.9868204966228754
15747,attack,attack,0.003140096844381383
15748,attack,attack,4.412243457288463e-08
15749,normal,normal,0.9976517712377059
15750,attack,attack,5.393565549163472e-07
15751,attack,normal,0.9950813781144262
15752,normal,normal,0.993847459467785
15753,attack,normal,0.9986249429987603
15754,attack,attack,0.03605995027485982
15755,attack,attack,0.28983855120156105
15756,normal,attack,0.004961244957471106
15757,attack,normal,0.829600028686726
15758,attack,attack,2.4249147228452264e-07
15759,normal,normal,0.995572274077619
15760,attack,attack,4.044375314130439e-07
15761,attack,attack,0.004045406320867015
15762,attack,normal,0.9999999730749606
15763,normal,normal,0.9997426850264408
15764,attack,normal,0.711821090278228
15765,attack,attack,0.006964009619397194
15766,attack,attack,0.005903640337533468
15767,attack,attack,0.004927663858789092
15768,normal,normal,0.9862977357710133
15769,attack,attack,0.062494092365179194
15770,attack,attack,0.025012209049078065
15771,attack,attack,0.0011731993375255056
15772,attack,attack,0.0006001338068043755
15773,attack,attack,0.3007397404302627
15774,normal,normal,0.7816107727441695
15775,attack,attack,0.2511126252636529
15776,attack,normal,0.9990112519133715
15777,normal,normal,0.9620568369954082
15778,attack,normal,0.9225657519871714
15779,normal,normal,0.9693928568287283
15780,attack,normal,0.9214229282243728
15781,attack,normal,0.9999998829748461
15782,normal,normal,0.9958686880005659
15783,attack,normal,0.9955376220852608
15784,attack,attack,0.28752285664625604
15785,normal,normal,0.9953282306411722
15786,attack,attack,9.628195825476231e-07
15787,attack,attack,0.0203342069529702
15788,attack,normal,0.9322942049183032
15789,attack,attack,0.011080227465162405
15790,attack,normal,0.9988771126124285
15791,attack,normal,0.9364835421874815
15792,attack,attack,0.000733745881403186
15793,attack,attack,0.47388589231119693
15794,normal,normal,0.9993873429813103
15795,normal,normal,0.5997260250207508
15796,attack,attack,0.0008347662685500927
15797,attack,attack,0.4243582358109121
15798,normal,normal,0.9973606251700788
15799,attack,normal,0.9537404645687647
15800,attack,attack,0.0010792757277239935
15801,attack,attack,0.0012293655590989018
15802,normal,normal,0.9962867499940261
15803,normal,normal,0.9965268139308444
15804,attack,attack,6.682797414031622e-07
15805,attack,normal,0.9919643965117426
15806,attack,attack,0.0388980123416431
15807,attack,attack,1.2941592146058387e-06
15808,attack,attack,0.000515921640725461
15809,normal,normal,0.5614215570987047
15810,attack,normal,0.6646165002624841
15811,attack,normal,0.9986100836450659
15812,attack,attack,6.434823732575389e-05
15813,normal,normal,0.9359911034001065
15814,attack,attack,0.0013301729750042493
15815,normal,normal,0.9976787039680785
15816,attack,attack,0.024615021278967832
15817,normal,normal,0.9950323557843475
15818,attack,normal,0.974583165518127
15819,attack,attack,0.0016099325076157924
15820,normal,normal,0.9905880940260677
15821,normal,normal,0.9884113827083497
15822,attack,attack,0.0027226720464440385
15823,attack,attack,0.3589027853677119
15824,normal,normal,0.9919146247948949
15825,attack,normal,0.9994045786593067
15826,attack,attack,0.00020434302148399316
15827,attack,attack,2.4570923614573252e-06
15828,attack,attack,0.000283345939704885
15829,normal,normal,0.9970533014181983
15830,attack,normal,0.9973677499592102
15831,normal,normal,0.9954923341190495
15832,attack,attack,0.007050820798172392
15833,normal,attack,0.003936652096685078
15834,attack,normal,0.9999999207043607
15835,attack,attack,1.2564901608164328e-07
15836,normal,normal,0.9992163032217657
15837,attack,normal,0.9987191072618106
15838,normal,normal,0.989581769314528
15839,normal,normal,0.98889478476026
15840,normal,normal,0.9895658602650625
15841,normal,normal,0.9694653148343363
15842,attack,attack,0.011009591852231385
15843,attack,attack,7.80279053339677e-05
15844,attack,attack,0.004807514180663284
15845,normal,normal,0.9958237507282577
15846,attack,normal,0.9999999018795526
15847,attack,normal,0.9989666096807013
15848,attack,normal,0.9438360530845489
15849,normal,normal,0.9903205016319583
15850,normal,normal,0.9869646067351029
15851,normal,normal,0.9974454025670714
15852,attack,attack,0.11375382655385331
15853,normal,attack,0.00353244349877165
15854,attack,attack,0.07174895974525848
15855,attack,attack,2.9644820740730605e-06
15856,attack,attack,0.017082922835155223
15857,normal,normal,0.9998495765163479
15858,attack,attack,0.0015713679538334167
15859,normal,attack,0.01839471715691776
15860,normal,normal,0.9997304589057665
15861,attack,attack,2.2041502216259554e-06
15862,normal,normal,0.9699615196040345
15863,normal,normal,0.9977441844024459
15864,normal,normal,0.9971539298317686
15865,attack,attack,1.5391613822337183e-06
15866,attack,attack,0.00047205963712762745
15867,normal,normal,0.9972787348348519
15868,normal,normal,0.9896075125329828
15869,normal,normal,0.9906012238331164
15870,normal,normal,0.9756247795082318
15871,normal,normal,0.9891559455664489
15872,attack,normal,0.7806150883262982
15873,attack,attack,0.007550509121607929
15874,attack,normal,0.9193029263711988
15875,attack,normal,0.9999999387409977
15876,normal,normal,0.9905100119243145
15877,normal,normal,0.9827812774227215
15878,normal,normal,0.9967012915894685
15879,attack,normal,0.9354707738656244
15880,normal,attack,0.003495360869268375
15881,normal,normal,0.9971865439095341
15882,normal,normal,0.9986296197120111
15883,attack,attack,0.009173610058509042
15884,normal,normal,0.9976170776166008
15885,attack,attack,6.920713059263286e-06
15886,normal,normal,0.9912344896578453
15887,normal,normal,0.9977084192806821
15888,attack,attack,0.01844374386385558
15889,attack,attack,0.005320935390397163
15890,attack,attack,0.0013892118795659897
15891,attack,normal,0.9240186105695469
15892,normal,normal,0.997250240276188
15893,attack,attack,0.0076312355538549976
15894,normal,attack,0.0034953611075867774
15895,attack,attack,0.0002191213731944727
15896,attack,normal,0.9987191071742836
15897,normal,normal,0.9965119778569411
15898,attack,normal,0.9991069261249559
15899,attack,normal,0.9999999687402955
15900,normal,normal,0.9856131171704055
15901,attack,attack,0.0015176658178018161
15902,normal,normal,0.9979036581581281
15903,attack,normal,0.9904160219867599
15904,normal,normal,0.9937860388818429
15905,attack,attack,0.0021928445406322055
15906,attack,attack,7.450984716662827e-09
15907,normal,normal,0.9871941818102483
15908,attack,attack,0.00047587721277103515
15909,attack,normal,0.797385357480278
15910,attack,normal,0.9869826726782728
15911,attack,attack,0.006395531844656658
15912,attack,normal,0.7125735213253017
15913,attack,normal,0.8130573412042423
15914,attack,normal,0.9999997986618482
15915,normal,normal,0.9969373044163787
15916,attack,normal,0.9877352066618125
15917,attack,attack,0.00017944532817251008
15918,normal,normal,0.9727631603416214
15919,normal,normal,0.9888895097276131
15920,attack,normal,0.9990408296388031
15921,normal,normal,0.9999983563244864
15922,normal,normal,0.9906093441531891
15923,attack,attack,0.0012512418201180411
15924,attack,normal,0.9985549289506835
15925,normal,normal,0.9976244551215464
15926,normal,normal,0.9845674302851121
15927,normal,attack,0.010662351643086153
15928,attack,attack,0.0004427727761931879
15929,attack,attack,0.00035569186426164114
15930,attack,attack,0.000856577035887063
15931,attack,attack,3.070217622680407e-05
15932,attack,attack,0.002547309983575811
15933,attack,attack,0.0001929405398465045
15934,normal,normal,0.9867734582226364
15935,normal,normal,0.9958944857759336
15936,normal,attack,2.8458747793082774e-07
15937,attack,normal,0.915748190808871
15938,attack,normal,0.703425392685883
15939,attack,normal,0.9376186375467641
15940,normal,normal,0.990061525578363
15941,normal,normal,0.9808572381648737
15942,attack,normal,0.9775649310029225
15943,attack,attack,0.017736294162979966
15944,attack,normal,0.8537686465103318
15945,normal,normal,0.9335261764229766
15946,attack,normal,0.9979047746921904
15947,normal,normal,0.9972796657551051
15948,attack,attack,0.00022272214163723377
15949,attack,attack,2.0116106347148236e-06
15950,attack,normal,0.995716950015071
15951,normal,normal,0.9971059079138657
15952,attack,attack,0.0022985305628790203
15953,attack,attack,6.833026815762139e-07
15954,normal,normal,0.9779604137668598
15955,attack,normal,0.9999998915650625
15956,normal,normal,0.9907996751169293
15957,normal,normal,0.9872749493650602
15958,attack,attack,0.00012288064666017898
15959,normal,normal,0.9887837403927909
15960,normal,normal,0.9890948486523772
15961,normal,normal,0.9960346518361318
15962,normal,normal,0.9855866033201253
15963,attack,attack,0.002657296171294505
15964,attack,normal,0.7877069899292944
15965,normal,normal,0.9906092840291583
15966,normal,normal,0.9928599063330279
15967,normal,normal,0.9980530726605137
15968,attack,attack,0.0009367525360235646
15969,attack,attack,5.185619758003431e-06
15970,attack,attack,1.0547612771926383e-07
15971,attack,normal,0.9984576756764488
15972,normal,normal,0.9963749594677404
15973,attack,normal,0.9963620422860846
15974,normal,normal,0.9902546094545844
15975,attack,normal,0.9944601651839516
15976,attack,normal,0.998748930474807
15977,attack,normal,0.9863945957456494
15978,attack,normal,0.998917911182142
15979,attack,normal,0.8138922159227994
15980,attack,attack,0.11596772328286639
15981,normal,normal,0.997953368903733
15982,normal,normal,0.9998735767162045
15983,attack,normal,0.9508111508864873
15984,attack,normal,0.995218228981299
15985,normal,normal,0.9965498689050959
15986,attack,normal,0.7723932588549983
15987,normal,normal,0.9444664200095926
15988,normal,normal,0.9335226130270923
15989,normal,normal,0.992013798130461
15990,normal,normal,0.9614310937280993
15991,attack,attack,0.0012891604491574533
15992,attack,normal,0.9984253029571681
15993,attack,attack,1.8944757808765957e-07
15994,attack,normal,0.5631761275089657
15995,normal,normal,0.996944194820823
15996,normal,normal,0.9999303967003449
15997,attack,normal,0.9988421959272548
15998,attack,attack,0.03868501667133053
15999,normal,normal,0.9980304658988691
16000,attack,attack,0.0008162741789073617
16001,normal,normal,0.9847403124797361
16002,normal,normal,0.9905906569089663
16003,attack,attack,7.628006919404506e-05
16004,normal,normal,0.9245619918613743
16005,normal,normal,0.9977374533030641
16006,attack,attack,0.033500165828186455
16007,normal,normal,0.9940569927458265
16008,attack,attack,0.00010508648503628004
16009,attack,attack,0.005126032244251281
16010,attack,normal,0.9992906329315088
16011,attack,attack,9.571936930592533e-05
16012,attack,normal,0.6928256065996771
16013,attack,attack,0.00020179447878460437
16014,attack,attack,0.12413114338994718
16015,attack,normal,0.9347105631552254
16016,attack,attack,0.00030562738375123087
16017,attack,attack,0.0012829889980712226
16018,attack,normal,0.9999983544554343
16019,attack,attack,0.0002604264162444888
16020,attack,attack,6.9849164011502e-06
16021,normal,normal,0.9968568253525938
16022,attack,attack,0.0014086697080756875
16023,normal,normal,0.9780322768502896
16024,normal,normal,0.9726587814795545
16025,attack,attack,0.00019314376822711333
16026,attack,normal,0.9999988161976779
16027,normal,normal,0.9972046073853872
16028,attack,attack,0.00018962274137432588
16029,normal,normal,0.966763270476378
16030,attack,attack,6.351410978348996e-09
16031,attack,attack,6.646329806049401e-07
16032,attack,attack,6.567452016757003e-08
16033,attack,attack,0.0015731844066126002
16034,normal,normal,0.9914827638337931
16035,normal,normal,0.9875882975391297
16036,normal,normal,0.9919130517550638
16037,attack,attack,0.0002670177199584047
16038,normal,normal,0.9909010633782916
16039,normal,normal,0.987636943504711
16040,normal,normal,0.9896561326812094
16041,attack,normal,0.5646217364552354
16042,attack,normal,0.9984698591200624
16043,normal,normal,0.9995759590651258
16044,attack,attack,0.38693888244686897
16045,normal,normal,0.9714559984148384
16046,attack,attack,0.0007637354706254103
16047,attack,attack,0.1414217614775107
16048,attack,attack,3.780657602755668e-05
16049,attack,attack,0.0005324880684187659
16050,normal,normal,0.9976710958462292
16051,normal,normal,0.9977529461049146
16052,normal,normal,0.9946890846652532
16053,attack,attack,1.3269981189417252e-06
16054,attack,normal,0.9366227515462944
16055,attack,normal,0.9463072470930964
16056,normal,normal,0.9898033102037741
16057,attack,attack,6.733829344962004e-07
16058,attack,normal,0.8858197908817886
16059,attack,normal,0.7961007166026883
16060,normal,normal,0.9775355165430416
16061,normal,normal,0.9963557124443746
16062,attack,normal,0.9999998081637816
16063,attack,attack,6.186193079428569e-07
16064,attack,attack,0.000962815452734998
16065,normal,normal,0.9999996406279626
16066,attack,normal,0.995879587616256
16067,normal,normal,0.9366226236095596
16068,normal,normal,0.9902068115677296
16069,attack,normal,0.9852920812849857
16070,normal,normal,0.9901033033680093
16071,attack,normal,0.9847414007854355
16072,normal,normal,0.9905021840708774
16073,normal,normal,0.9998002600422511
16074,normal,normal,0.9892085886654866
16075,attack,normal,0.8005677864826082
16076,attack,attack,4.7105665780166484e-07
16077,attack,attack,0.0692569111270367
16078,attack,attack,0.0007801704534998171
16079,normal,normal,0.9943253070850475
16080,attack,attack,0.2390912878772143
16081,attack,attack,0.001292330973773824
16082,attack,attack,0.001372538771005846
16083,normal,normal,0.9924821240471585
16084,normal,normal,0.9974610304581404
16085,normal,normal,0.8245427799352881
16086,normal,attack,0.005467533589260936
16087,attack,attack,9.106018176889604e-08
16088,normal,normal,0.9843875268021293
16089,attack,attack,0.0013886737111339763
16090,normal,normal,0.9937248133963936
16091,attack,normal,0.9987518473217665
16092,normal,normal,0.9978579353025687
16093,attack,attack,0.00012672748388681835
16094,attack,attack,0.013005354864495399
16095,attack,attack,0.016038381378375013
16096,normal,normal,0.9989447838582295
16097,attack,normal,0.996906856449901
16098,attack,attack,0.00018613058158039792
16099,attack,normal,0.9890094424663143
16100,attack,normal,0.9363683213751204
16101,attack,attack,0.00018386705755347557
16102,attack,attack,0.03555132508292394
16103,attack,attack,0.001648861347497602
16104,attack,attack,0.0002665948922063625
16105,attack,attack,0.0010485939179180506
16106,normal,normal,0.997463722272424
16107,attack,attack,0.0023783463379830404
16108,attack,normal,0.9922802786575654
16109,attack,attack,0.0141490383043457
16110,attack,attack,7.783592687329528e-09
16111,normal,normal,0.9888984719413141
16112,normal,attack,0.21072453101287694
16113,attack,normal,0.9597580695092524
16114,normal,normal,0.9987443020288248
16115,attack,attack,0.0012641519177738912
16116,normal,normal,0.989482622882992
16117,attack,attack,0.009461536811195236
16118,normal,normal,0.9906262002164088
16119,attack,attack,0.0069423345168371986
16120,normal,normal,0.988180427127677
16121,attack,attack,0.000278677533266598
16122,attack,normal,0.728310820521591
16123,attack,attack,4.2945565188645633e-07
16124,normal,normal,0.9961060177754545
16125,attack,attack,0.0012367692017659015
16126,attack,attack,0.0010335012799362862
16127,attack,attack,0.0013100462424630202
16128,normal,normal,0.9976136899070283
16129,attack,attack,3.1481550066524625e-11
16130,normal,normal,0.9971498223375204
16131,normal,normal,0.99815131012452
16132,normal,normal,0.8834595576459684
16133,attack,attack,0.0015395806539173268
16134,normal,normal,0.9874889227488061
16135,normal,normal,0.9896826757029427
16136,attack,attack,0.0001295337173926458
16137,normal,normal,0.7647398818179311
16138,normal,normal,0.9870579662964692
16139,attack,attack,0.22152699547358967
16140,attack,attack,0.0017235249913382436
16141,attack,attack,0.004667951455223186
16142,attack,normal,0.9270998605233651
16143,normal,normal,0.9948444147911789
16144,normal,normal,0.9962215357691374
16145,normal,normal,0.9997978589885955
16146,normal,normal,0.986923184744513
16147,normal,normal,0.9907040505677617
16148,normal,normal,0.935091654971488
16149,normal,normal,0.9624225582965376
16150,normal,normal,0.9903068431602228
16151,attack,attack,0.4540808233770305
16152,attack,attack,6.793467493162007e-08
16153,normal,normal,0.9897333118238584
16154,normal,normal,0.9873190563336106
16155,normal,normal,0.9977146156729181
16156,normal,normal,0.9960539062971064
16157,attack,attack,3.2358452511727096e-07
16158,normal,normal,0.9968211039159355
16159,attack,normal,0.9870621976421187
16160,normal,normal,0.9958457095425017
16161,normal,normal,0.9909199349920685
16162,attack,attack,8.395241094664165e-05
16163,attack,normal,0.9323221081562507
16164,normal,normal,0.9871406311050392
16165,normal,normal,0.9989545421441863
16166,attack,attack,0.005883073388260276
16167,attack,attack,1.7098380787344017e-06
16168,normal,normal,0.9971184602873913
16169,normal,normal,0.9996785681192266
16170,attack,normal,0.9348249008840342
16171,attack,attack,0.0005227979001115884
16172,attack,normal,0.9991712339766899
16173,attack,normal,0.9173527650252734
16174,attack,normal,0.929440025047779
16175,normal,normal,0.9922521321151437
16176,attack,attack,0.001810893006019996
16177,attack,normal,0.996389987076774
16178,attack,attack,1.901592030919185e-05
16179,normal,attack,0.0014922725890547514
16180,attack,normal,0.9999999338439126
16181,normal,normal,0.9973709674559955
16182,normal,normal,0.9965724085335713
16183,attack,attack,0.2710823608927566
16184,normal,normal,0.9978444341718223
16185,attack,normal,0.6574895485650141
16186,attack,attack,0.0002452855588612799
16187,attack,attack,6.308283046264538e-06
16188,attack,attack,0.0001836053677459745
16189,attack,normal,0.9999999308213149
16190,normal,normal,0.9928658320147279
16191,normal,normal,0.9863831989127275
16192,normal,normal,0.9986929272251652
16193,attack,normal,0.946404687918356
16194,attack,normal,0.9929176001908787
16195,attack,attack,0.00015075075892464985
16196,normal,normal,0.9872230272667533
16197,attack,normal,0.8396831489180986
16198,normal,normal,0.9907070668994241
16199,attack,attack,0.009237966585374409
16200,normal,normal,0.9905958762092529
16201,attack,attack,0.018785902106518752
16202,attack,normal,0.9988622743437449
16203,normal,normal,0.9947130838880991
16204,attack,normal,0.9987702322988139
16205,normal,normal,0.9975302944241843
16206,attack,attack,0.4659620170229082
16207,normal,normal,0.9945813718974955
16208,attack,attack,0.00010821601322396224
16209,attack,normal,0.7627034033736966
16210,normal,normal,0.9907029182040884
16211,normal,normal,0.9998102770398108
16212,attack,attack,2.4066806753620173e-06
16213,normal,normal,0.9943499905241421
16214,normal,normal,0.996557636789518
16215,attack,attack,0.012653405227092145
16216,normal,normal,0.9974832611104985
16217,attack,normal,0.8578409266145738
16218,attack,attack,1.4491028689175198e-08
16219,attack,attack,0.0012271702152417058
16220,attack,attack,0.0002326890454785614
16221,attack,normal,0.9282524310408417
16222,normal,normal,0.997391679508175
16223,normal,normal,0.9997007830552915
16224,attack,attack,0.06441672419490689
16225,attack,attack,0.01915294952397791
16226,normal,normal,0.9906544434845941
16227,normal,normal,0.9894009853701283
16228,normal,normal,0.9973857024765239
16229,attack,normal,0.9990407805276809
16230,attack,attack,0.15704605501209584
16231,attack,attack,0.0014509939211319314
16232,normal,normal,0.9994439231872011
16233,attack,attack,0.03378028059218981
16234,attack,normal,0.9987856566361738
16235,attack,attack,0.0007358806677218258
16236,normal,attack,0.005681155337511016
16237,normal,normal,0.9924313129710307
16238,attack,normal,0.9989994073890459
16239,normal,normal,0.9876964860578891
16240,attack,normal,0.9327192888647354
16241,normal,normal,0.9894607968869317
16242,attack,attack,6.193068262939435e-08
16243,normal,normal,0.9888942434270973
16244,attack,normal,0.808094159691191
16245,attack,attack,0.052379337950879096
16246,attack,attack,0.008563129739712688
16247,attack,normal,0.9956257568010843
16248,attack,attack,0.00800509621526759
16249,normal,normal,0.984533868895195
16250,attack,normal,0.9989983352372332
16251,normal,normal,0.5948703244825491
16252,normal,normal,0.98876635014659
16253,attack,attack,0.0014827750809593668
16254,attack,attack,4.9736750384285564e-08
16255,attack,attack,0.03144405355569893
16256,attack,normal,0.984097569511607
16257,attack,attack,0.10204564750470192
16258,normal,normal,0.9999994787652483
16259,normal,attack,0.002246246141868787
16260,attack,attack,0.019214971066065633
16261,attack,attack,0.0011762610350902329
16262,normal,normal,0.9978379179700569
16263,attack,attack,1.5492140148653685e-07
16264,normal,normal,0.9726316941754289
16265,attack,normal,0.9999991192007083
16266,normal,normal,0.9965199452895085
16267,attack,attack,1.1619860702497105e-07
16268,attack,attack,0.0013690462942207548
16269,attack,attack,0.0007833041938678503
16270,normal,normal,0.9995632370144772
16271,attack,normal,0.9420175269781651
16272,normal,normal,0.9970932463422297
16273,attack,normal,0.9941119324723653
16274,attack,normal,0.9999999401246342
16275,attack,attack,0.0001296588633127087
16276,attack,normal,0.9920869954072203
16277,normal,normal,0.9968761667624124
16278,attack,attack,0.0012187101754215068
16279,normal,normal,0.9879479774223417
16280,normal,normal,0.997763161934495
16281,normal,normal,0.9897881515740122
16282,attack,attack,0.371997444289734
16283,attack,attack,0.0022026299382286113
16284,attack,attack,2.487110208486299e-07
16285,normal,normal,0.9979032780842462
16286,attack,normal,0.5835470636909402
16287,attack,normal,0.9964714903085929
16288,attack,attack,0.32302554962369007
16289,normal,normal,0.9962217301645224
16290,normal,normal,0.9878549699560749
16291,attack,attack,0.027758145245365858
16292,attack,attack,0.00010085754378610538
16293,attack,normal,0.9956490766262005
16294,normal,normal,0.9977562265735311
16295,attack,attack,1.763851089482323e-06
16296,attack,normal,0.9363683376818266
16297,normal,normal,0.9898023580343259
16298,attack,normal,0.9341767262682186
16299,attack,attack,0.07420015710204532
16300,normal,normal,0.9962891311724963
16301,attack,attack,0.0031494538649942993
16302,normal,normal,0.9961562853183396
16303,attack,normal,0.93584811351065
16304,normal,normal,0.9454586403119005
16305,attack,attack,0.11331463257699002
16306,attack,normal,0.9364824586203949
16307,normal,normal,0.9900233087994442
16308,attack,attack,0.00012274905236902935
16309,normal,normal,0.9996936638129811
16310,attack,attack,0.0031950321007285965
16311,normal,normal,0.9896796702312863
16312,normal,normal,0.961649695469672
16313,attack,normal,0.9366192149322355
16314,normal,normal,0.9992160645287737
16315,attack,normal,0.9999998692480383
16316,attack,attack,1.4442069820446594e-05
16317,attack,attack,6.083914063283888e-08
16318,normal,normal,0.9968499953200123
16319,attack,attack,0.0010556600530298864
16320,attack,attack,8.90785953359395e-08
16321,attack,normal,0.9987717097049263
16322,attack,attack,0.007058853656724038
16323,attack,attack,7.628733316904593e-08
16324,normal,normal,0.9712006529776357
16325,attack,attack,0.009401920520304101
16326,attack,normal,0.9986027785637557
16327,attack,attack,0.46988429298465756
16328,attack,normal,0.7884103263300096
16329,attack,normal,0.9950337227291106
16330,attack,attack,0.020794482068282306
16331,normal,normal,0.9978214140179816
16332,attack,attack,0.025369665889933682
16333,normal,normal,0.9971921679798252
16334,attack,attack,1.758085916087007e-06
16335,attack,attack,0.002114301396936897
16336,attack,normal,0.8733814686908294
16337,normal,attack,0.00562173330196608
16338,attack,normal,0.999566996829368
16339,normal,normal,0.9892368735270869
16340,attack,attack,1.0446374222432927e-05
16341,normal,normal,0.7994615201082836
16342,attack,attack,0.003320136338877519
16343,attack,normal,0.5671462214431249
16344,attack,normal,0.8087105952779623
16345,attack,attack,0.00014385496434128972
16346,normal,attack,0.005681228318492466
16347,attack,normal,0.9990108974906234
16348,attack,normal,0.7509972199369029
16349,attack,attack,0.0036771644097664223
16350,attack,attack,0.00036014573027802157
16351,normal,normal,0.9944027998941416
16352,attack,attack,6.262272960884694e-06
16353,attack,attack,0.00014949847971960367
16354,normal,attack,0.005790976488282689
16355,attack,attack,4.019981645072222e-05
16356,attack,attack,0.40621874258716867
16357,normal,normal,0.990298602864604
16358,normal,normal,0.9980156128391235
16359,normal,attack,0.005621731088209444
16360,normal,normal,0.9873735779929614
16361,normal,normal,0.9887551600405037
16362,normal,attack,0.005457382988510902
16363,attack,attack,6.853425563944043e-08
16364,attack,attack,5.486806137603855e-07
16365,normal,normal,0.9994792953198939
16366,normal,normal,0.9734654297354007
16367,attack,attack,0.23752107635693315
16368,attack,attack,7.212115291374705e-05
16369,normal,normal,0.9993754282273298
16370,attack,normal,0.9715579367349292
16371,attack,normal,0.8729595895960773
16372,normal,normal,0.9865947128365297
16373,attack,normal,0.998490847446762
16374,attack,attack,8.081968380534636e-05
16375,normal,normal,0.9937923123679541
16376,attack,attack,0.0009562142160323354
16377,normal,attack,0.012443881326991956
16378,attack,attack,0.06324096923428421
16379,normal,normal,0.9966059527549745
16380,attack,normal,0.8534624370640875
16381,attack,attack,9.913417752333206e-05
16382,attack,attack,0.0011289179541904078
16383,normal,normal,0.9883623986839447
16384,normal,normal,0.9976770348178466
16385,attack,normal,0.9101778055057205
16386,attack,attack,0.18640698967871375
16387,attack,normal,0.9946999629464447
16388,attack,attack,0.39937698606361527
16389,normal,normal,0.9882914642326397
16390,normal,normal,0.9906989242509867
16391,attack,normal,0.9983480499966273
16392,normal,attack,0.005790976291319201
16393,normal,normal,0.9868352662426664
16394,attack,attack,0.0014472550819478662
16395,attack,attack,0.002104065162860723
16396,attack,attack,0.0016264292611667824
16397,attack,attack,0.02229213095298214
16398,attack,attack,1.7603585580770215e-08
16399,attack,attack,0.0012613723696491782
16400,attack,attack,0.05010943634576488
16401,attack,normal,0.9999999709059277
16402,normal,normal,0.980475593114815
16403,attack,attack,0.05835994988457216
16404,attack,attack,0.0001276790842231646
16405,attack,attack,0.01318315284695154
16406,normal,normal,0.9874109921638375
16407,attack,normal,0.9314042234333144
16408,normal,normal,0.9343674341344885
16409,normal,normal,0.9998214206322477
16410,attack,attack,9.245316124279825e-08
16411,normal,normal,0.9856362599838767
16412,normal,normal,0.9324284407078571
16413,attack,attack,0.08852186118281645
16414,attack,attack,1.0281263021325574e-05
16415,normal,normal,0.9295115202052365
16416,normal,normal,0.9893506591029787
16417,attack,attack,0.1491964188413821
16418,attack,attack,1.7329431832241704e-05
16419,normal,normal,0.9973805521198263
16420,normal,normal,0.9970806904976973
16421,attack,attack,0.00040732120216322966
16422,attack,attack,0.010663013297439931
16423,attack,attack,0.0031553029356581348
16424,attack,attack,0.15035355162729822
16425,normal,normal,0.9364799593583247
16426,attack,normal,0.9250057014215458
16427,normal,normal,0.980339957340463
16428,attack,normal,0.9985252482366573
16429,attack,normal,0.9949173568016433
16430,attack,attack,0.005911477496716677
16431,normal,normal,0.9892384455421441
16432,normal,normal,0.9801025394138492
16433,attack,attack,9.666123177396641e-05
16434,normal,normal,0.9998532235467963
16435,attack,attack,0.0006153137432773873
16436,attack,attack,0.00023448047170314664
16437,attack,normal,0.9763275071825341
16438,attack,normal,0.8166084611429041
16439,normal,normal,0.9940074287558954
16440,normal,normal,0.9908040037392827
16441,normal,normal,0.999991351261186
16442,normal,normal,0.9907981236966381
16443,normal,normal,0.9998627244340901
16444,attack,attack,0.01758350294333344
16445,attack,attack,0.0001607328357285992
16446,normal,normal,0.9975012812585924
16447,normal,normal,0.9970734721168873
16448,attack,attack,1.1657747705518385e-07
16449,normal,attack,0.01574366227040338
16450,attack,attack,1.4743381298834735e-08
16451,attack,attack,0.01525064038857891
16452,normal,normal,0.9898792259710012
16453,attack,attack,0.012889563621496415
16454,attack,attack,0.002900801790403984
16455,attack,normal,0.9323814798286828
16456,attack,normal,0.995821740138459
16457,normal,normal,0.990300075899732
16458,attack,normal,0.9364835543968683
16459,attack,normal,0.9826417606177017
16460,attack,normal,0.9994880641505988
16461,attack,attack,8.745365879340506e-05
16462,normal,normal,0.995638241486883
16463,attack,attack,0.016996701312784225
16464,normal,normal,0.9968727056524662
16465,normal,normal,0.9898397720737983
16466,attack,normal,0.7264734401022542
16467,attack,attack,0.0008622824838740868
16468,attack,attack,0.006315222315878728
16469,normal,normal,0.9875133048417378
16470,attack,attack,0.03138056192094968
16471,attack,attack,0.06179661079299291
16472,attack,attack,0.00022423382206579668
16473,normal,normal,0.9364799829151782
16474,attack,normal,0.9341804088447593
16475,normal,normal,0.9998956371359581
16476,attack,attack,0.0008099592134877239
16477,normal,normal,0.9979542422745528
16478,normal,normal,0.9998981431968751
16479,attack,normal,0.9989076705811192
16480,attack,normal,0.9977981364938092
16481,normal,normal,0.9798951899578846
16482,attack,normal,0.9989952138868843
16483,attack,attack,0.0004261801434418091
16484,attack,attack,0.0001821221836732153
16485,attack,normal,0.9999994407790967
16486,normal,normal,0.9939633210991577
16487,attack,attack,0.009866422357539558
16488,attack,normal,0.969258820519577
16489,attack,normal,0.9353538344087393
16490,attack,attack,0.0256320781630875
16491,normal,normal,0.9908950950779835
16492,attack,normal,0.9985190781170346
16493,attack,attack,0.02346209734443706
16494,normal,normal,0.9977677435865013
16495,attack,attack,1.3271664351907207e-07
16496,attack,attack,0.0008006219257971195
16497,attack,attack,3.243875778830162e-05
16498,attack,attack,3.908065146099892e-05
16499,attack,normal,0.9870995040417404
16500,normal,normal,0.9819702431812392
16501,normal,normal,0.9963503356837239
16502,normal,normal,0.9894602600173945
16503,attack,normal,0.9999999716090847
16504,normal,normal,0.9263803126985676
16505,attack,attack,0.0055696046481419105
16506,normal,normal,0.9858974444641336
16507,attack,attack,0.08476579143013926
16508,attack,normal,0.9237672242227826
16509,normal,attack,0.005197371286814589
16510,normal,normal,0.8422837970531949
16511,attack,attack,0.033561567269481306
16512,attack,attack,4.94355467285586e-07
16513,attack,normal,0.9954173204901445
16514,attack,normal,0.9906787852280858
16515,attack,normal,0.9987191070867565
16516,attack,attack,9.57245666229143e-05
16517,normal,normal,0.9942392686351706
16518,attack,attack,0.00568425950348184
16519,attack,normal,0.9363653714386004
16520,attack,attack,0.0009637751781281487
16521,normal,normal,0.9903048045141065
16522,attack,attack,0.030596013073677347
16523,attack,attack,0.00392979215805253
16524,normal,normal,0.9964914079696877
16525,normal,normal,0.9951453318153006
16526,attack,normal,0.9888496186060068
16527,attack,normal,0.9990549620708449
16528,normal,normal,0.9944097267220023
16529,attack,normal,0.983267989965123
16530,attack,normal,0.7858671051914862
16531,normal,normal,0.9880216771519327
16532,attack,attack,0.0006131143986270411
16533,attack,normal,0.5717599497508159
16534,attack,attack,0.018253008628334202
16535,attack,attack,0.07673334218286348
16536,normal,attack,0.06789312132787904
16537,normal,normal,0.9901253054120444
16538,normal,normal,0.9872227791658953
16539,attack,attack,0.011133489270333965
16540,normal,normal,0.9970694236166249
16541,attack,attack,0.004143583577827297
16542,attack,normal,0.9441257238755402
16543,normal,normal,0.986369792628271
16544,normal,normal,0.9969018464081525
16545,attack,normal,0.9991721826581723
16546,normal,normal,0.99733270019301
16547,normal,normal,0.9956552996915247
16548,attack,normal,0.9328661312191604
16549,attack,attack,0.0012957265989062907
16550,normal,normal,0.9975432332721
16551,normal,normal,0.9898929650826352
16552,normal,attack,0.39346414897054544
16553,attack,attack,0.06037415975170529
16554,attack,normal,0.973068716765117
16555,attack,attack,0.004057100847691395
16556,attack,attack,0.0014650130686365856
16557,normal,normal,0.9980818394628362
16558,normal,normal,0.995558538120576
16559,attack,attack,1.5440936482607663e-06
16560,attack,normal,0.8776194206330632
16561,attack,attack,6.81222907864301e-07
16562,normal,attack,0.0034953706440015993
16563,normal,normal,0.9924049020046983
16564,attack,attack,0.0002519243559421129
16565,normal,normal,0.9823243939580308
16566,normal,normal,0.9982128774007394
16567,normal,normal,0.9875867364390348
16568,attack,attack,1.0352164630660562e-06
16569,attack,attack,0.0001302026861362455
16570,normal,normal,0.9873249987705949
16571,attack,attack,1.1547809432702161e-07
16572,attack,attack,0.001082189067469857
16573,attack,attack,0.39401312403088984
16574,normal,normal,0.9930076328928321
16575,attack,normal,0.999438730119282
16576,attack,attack,0.004586189358969693
16577,attack,normal,0.9524585487963898
16578,attack,attack,9.135711890675682e-05
16579,normal,normal,0.9990082637091816
16580,normal,normal,0.9995830150318704
16581,normal,normal,0.9935519241924007
16582,attack,attack,0.0006368817431568641
16583,attack,attack,0.13616913960014274
16584,normal,normal,0.9969751377885339
16585,attack,normal,0.8594972810328894
16586,normal,normal,0.997300554934632
16587,attack,normal,0.9987860323692269
16588,attack,attack,1.7717756404415581e-06
16589,attack,normal,0.5685008711065208
16590,attack,attack,0.10173739474447244
16591,normal,attack,0.006446086438962328
16592,normal,normal,0.9427121731202456
16593,normal,normal,0.9936527590885323
16594,normal,normal,0.9997779535906444
16595,normal,normal,0.9923615703556444
16596,normal,normal,0.9918876177795825
16597,attack,attack,0.37292793134448793
16598,attack,normal,0.9944840027632804
16599,attack,attack,0.000244781326458641
16600,attack,normal,0.9999999711583011
16601,normal,attack,1.1218274253331679e-08
16602,normal,normal,0.997532425588973
16603,normal,normal,0.9927778411522509
16604,attack,normal,0.998195151374777
16605,attack,attack,0.017032382032362042
16606,attack,attack,0.029066315014558263
16607,attack,normal,0.9540335824252362
16608,normal,attack,0.1242231696830135
16609,normal,normal,0.7823485323311624
16610,attack,attack,0.00019259313265329603
16611,attack,attack,0.3056639970931509
16612,normal,normal,0.9897961345204335
16613,normal,normal,0.9944444890050556
16614,attack,attack,5.3551520025443926e-05
16615,normal,normal,0.996425104690036
16616,normal,normal,0.9987176726783381
16617,attack,attack,0.002704844252359897
16618,attack,attack,0.006368471971570782
16619,normal,attack,0.004583808740938268
16620,normal,normal,0.9955235976446959
16621,normal,normal,0.9980713497562003
16622,normal,normal,0.997309928307122
16623,attack,attack,0.0017833394519651284
16624,normal,normal,0.9972523231160859
16625,normal,normal,0.9902021210129486
16626,attack,normal,0.8343741964695954
16627,attack,attack,0.0011904371613792406
16628,normal,attack,0.09992979074054924
16629,attack,attack,0.0004270024239867226
16630,normal,normal,0.9959602011347896
16631,attack,attack,0.02736741462663653
16632,attack,attack,0.0014296309238169015
16633,attack,normal,0.9862069336278318
16634,normal,normal,0.9931855357976497
16635,normal,normal,0.9977399086224985
16636,attack,normal,0.950843572006214
16637,attack,normal,0.9439862005505699
16638,attack,attack,0.09961117773503758
16639,normal,normal,0.9976918997924233
16640,attack,normal,0.998980068633258
16641,normal,normal,0.9998546154682153
16642,normal,attack,0.005790978768297604
16643,attack,attack,8.539250392632368e-05
16644,normal,normal,0.9828893055735023
16645,normal,normal,0.9948469110651329
16646,attack,normal,0.9967421783739022
16647,attack,normal,0.9964095538794558
16648,attack,attack,3.6799403334547855e-08
16649,normal,normal,0.9906046932025586
16650,attack,attack,0.00016650746206019884
16651,normal,normal,0.9953033817435755
16652,normal,normal,0.9903045689048533
16653,normal,normal,0.9967635392267341
16654,attack,attack,0.0007171242852505171
16655,attack,normal,0.5698725657687375
16656,attack,attack,2.710726887134224e-06
16657,attack,normal,0.9999999719083076
16658,attack,attack,0.002304241308742409
16659,attack,attack,0.005540648154821382
16660,attack,attack,1.178770510733141e-05
16661,attack,normal,0.9990396310808708
16662,normal,normal,0.9997752002478313
16663,attack,attack,0.0025769371864587617
16664,normal,normal,0.9978718545268032
16665,normal,normal,0.9971564959110305
16666,attack,attack,0.21982012755944574
16667,attack,attack,0.0019473684945534161
16668,attack,attack,9.555314785222044e-05
16669,attack,attack,0.001450098277548898
16670,normal,normal,0.6181448518133893
16671,normal,normal,0.9960220060497352
16672,attack,attack,0.02563157772188037
16673,attack,normal,0.5838938373398601
16674,normal,normal,0.9998310509196646
16675,normal,normal,0.9963855402882427
16676,normal,normal,0.9932469759749746
16677,normal,normal,0.9972708434884803
16678,attack,attack,0.000575058738338195
16679,attack,attack,1.4528687963398942e-07
16680,attack,normal,0.9989486909184887
16681,attack,attack,6.904675289524596e-05
16682,attack,normal,0.995474030732566
16683,attack,attack,0.0011802539519355207
16684,normal,normal,0.9961220977801424
16685,attack,normal,0.9996074705352088
16686,attack,normal,0.9956645701919589
16687,attack,normal,0.9993006576260248
16688,normal,normal,0.9989595165965925
16689,attack,normal,0.9411823712751163
16690,normal,normal,0.9861335521984437
16691,normal,normal,0.9971989201237115
16692,normal,normal,0.9960225069412562
16693,normal,normal,0.9893441173345582
16694,attack,normal,0.999994563095177
16695,attack,normal,0.6540115619709455
16696,attack,attack,1.4159092127463735e-07
16697,attack,attack,0.024603051524595135
16698,normal,normal,0.9856957778844618
16699,attack,attack,0.0240567572168378
16700,normal,normal,0.9818703264221358
16701,attack,attack,0.0011904755549487006
16702,attack,normal,0.9753997310599933
16703,attack,attack,4.629204997801743e-07
16704,attack,normal,0.9924907916791753
16705,normal,normal,0.999374480085024
16706,normal,normal,0.9870856636195597
16707,attack,normal,0.817097366298017
16708,attack,attack,0.0012122752443935413
16709,attack,attack,0.00018292518887430318
16710,normal,normal,0.9840499080527001
16711,attack,normal,0.8182490626620187
16712,normal,normal,0.9975412312273607
16713,normal,normal,0.9884204681881401
16714,attack,attack,7.508616179988952e-05
16715,attack,attack,0.001442528117443365
16716,normal,normal,0.9975398186087423
16717,attack,attack,2.317236117593232e-06
16718,attack,attack,0.010422594879134361
16719,attack,normal,0.8684955386328532
16720,attack,attack,0.00015126422989568622
16721,attack,attack,0.0026661171621492345
16722,attack,attack,6.660998597918133e-07
16723,normal,normal,0.9998062448097953
16724,normal,normal,0.9964143714435187
16725,normal,normal,0.978019791293548
16726,normal,normal,0.9896112614089293
16727,attack,attack,0.0077835333649521775
16728,normal,normal,0.7872557083131885
16729,attack,normal,0.9999999696810409
16730,normal,normal,0.9968522199723797
16731,attack,normal,0.9961975289575372
16732,attack,attack,0.0009073794672914217
16733,attack,normal,0.9989183172468913
16734,normal,normal,0.9902001063719742
16735,attack,attack,3.063630183031985e-05
16736,attack,attack,4.989875299845303e-07
16737,normal,normal,0.9982251876680692
16738,attack,normal,0.9987862330145024
16739,normal,normal,0.9857738160561966
16740,normal,attack,0.006301610118271943
16741,attack,attack,2.3588411313331473e-05
16742,normal,normal,0.9032744564033521
16743,normal,normal,0.9996002308701922
16744,normal,normal,0.928257601412688
16745,normal,normal,0.98381967069104
16746,attack,normal,0.921391399131104
16747,normal,normal,0.9894854392161379
16748,normal,normal,0.6214798220556226
16749,attack,normal,0.5581013305957304
16750,normal,normal,0.9833525987261852
16751,normal,normal,0.9794582049616098
16752,normal,normal,0.9875967490531088
16753,attack,normal,0.9999998932647657
16754,attack,attack,0.0014837270983546942
16755,attack,normal,0.9988519762353535
16756,normal,normal,0.9981668273758556
16757,normal,attack,0.010967320643957064
16758,attack,attack,0.42316330758588366
16759,attack,normal,0.9348285643169693
16760,normal,normal,0.9971824178109533
16761,attack,attack,0.001151055856342276
16762,normal,attack,1.0029682593653214e-08
16763,normal,attack,0.00514291306209031
16764,attack,normal,0.9419161799732013
16765,attack,attack,0.00013154962506345047
16766,normal,normal,0.9904929182226265
16767,attack,attack,0.0001096737470373982
16768,normal,attack,0.003709470742325894
16769,normal,normal,0.9469153883318593
16770,attack,attack,0.00022014541588607004
16771,attack,normal,0.9341804340867338
16772,normal,attack,0.003330117319997239
16773,attack,normal,0.9999998744363421
16774,normal,normal,0.9976288012554709
16775,attack,attack,3.6008904925883566e-06
16776,normal,normal,0.9988046021608565
16777,attack,normal,0.9989733938574357
16778,normal,normal,0.9864522551703994
16779,normal,normal,0.9989777073158063
16780,attack,normal,0.9982047680499538
16781,normal,normal,0.997006987897147
16782,normal,normal,0.9998632291663029
16783,attack,normal,0.9984518433521063
16784,attack,attack,0.4949411548623386
16785,attack,attack,0.0008392857087469204
16786,normal,normal,0.9887513978491598
16787,attack,attack,3.0375697272426414e-07
16788,normal,normal,0.9883791190132127
16789,attack,normal,0.9970760431508527
16790,attack,attack,0.0002371349596816906
16791,attack,attack,5.054359648815411e-08
16792,normal,attack,0.014239703272507717
16793,normal,normal,0.9885383338105047
16794,normal,normal,0.9907182201347475
16795,normal,normal,0.9883274417143276
16796,attack,normal,0.9952140638042041
16797,attack,attack,0.007063945374754797
16798,normal,attack,0.005353922716014632
16799,attack,normal,0.9897756186797155
16800,normal,normal,0.9941288877511908
16801,normal,normal,0.9979956991249865
16802,attack,attack,0.0024777790655792537
16803,normal,normal,0.9947526141783769
16804,normal,normal,0.9875044298301711
16805,attack,attack,0.0022956758719550542
16806,normal,normal,0.9886048474101716
16807,normal,attack,0.007006392185429482
16808,normal,normal,0.9927374632475756
16809,attack,attack,0.07752252615319782
16810,attack,normal,0.8499411806507294
16811,attack,attack,2.1931035843420985e-05
16812,normal,normal,0.9997350563797927
16813,attack,attack,2.7539222810376196e-05
16814,normal,normal,0.9978243571069823
16815,attack,normal,0.6782165119092356
16816,attack,attack,5.63620117995257e-05
16817,attack,attack,0.0002428453843017374
16818,attack,attack,0.0002531680855910296
16819,normal,normal,0.9923494274408757
16820,attack,attack,0.0006437646426406975
16821,attack,normal,0.99444062987319
16822,attack,attack,5.3459795339574345e-08
16823,normal,normal,0.998107058417132
16824,normal,normal,0.9964807713990742
16825,attack,normal,0.940811513801084
16826,attack,normal,0.8418796396809082
16827,attack,normal,0.9910854857779239
16828,normal,normal,0.9878825022169035
16829,attack,attack,0.0014453816570376274
16830,normal,normal,0.9953802954910395
16831,attack,normal,0.9999999178906988
16832,attack,attack,0.01995856383886767
16833,attack,attack,9.589372942179083e-06
16834,normal,normal,0.9978222192117561
16835,attack,normal,0.9986132813361391
16836,normal,normal,0.9973365533088804
16837,attack,attack,4.163371432207892e-05
16838,attack,attack,0.00029826291324891246
16839,attack,attack,0.0012631640020465277
16840,normal,normal,0.9998336081601623
16841,attack,normal,0.9900732814910208
16842,attack,normal,0.9982496424637347
16843,attack,attack,0.017770654610997593
16844,normal,normal,0.982043001836908
16845,normal,normal,0.9969373734604727
16846,normal,normal,0.9908043938546401
16847,attack,normal,0.999481700111497
16848,normal,attack,0.025677812003846417
16849,attack,normal,0.9348249491398786
16850,normal,normal,0.996740453391762
16851,normal,normal,0.9972170257153441
16852,attack,normal,0.8112380535688332
16853,normal,normal,0.9971319697630749
16854,attack,normal,0.9141807723118797
16855,attack,attack,0.01955506407147053
16856,normal,normal,0.980836505115422
16857,normal,normal,0.9979316165659533
16858,attack,attack,0.001823802152733205
16859,normal,normal,0.9875930227418165
16860,attack,attack,0.0013338022223924712
16861,normal,normal,0.9871429622287414
16862,normal,normal,0.9874472762769121
16863,attack,normal,0.9987446220233398
16864,normal,normal,0.9971319500108784
16865,attack,attack,0.006197903187847467
16866,attack,attack,0.07808296078226053
16867,attack,attack,0.43912684621867903
16868,attack,attack,7.641848362312716e-09
16869,attack,attack,2.4129210200197323e-07
16870,attack,attack,3.647300955583272e-08
16871,normal,normal,0.9884095249059287
16872,attack,normal,0.9983513312991785
16873,normal,normal,0.9998445651816713
16874,normal,normal,0.996692085428328
16875,normal,normal,0.9977612794171264
16876,attack,attack,0.14615388942808727
16877,normal,normal,0.9966589545323834
16878,attack,normal,0.9980343018223281
16879,attack,attack,0.016906309204865203
16880,normal,normal,0.9967913515026162
16881,attack,normal,0.9952049447889898
16882,attack,attack,0.012448193991068867
16883,attack,normal,0.9999999403552948
16884,normal,normal,0.9968593649285544
16885,normal,normal,0.9865669976269693
16886,normal,normal,0.9728708429638973
16887,normal,normal,0.999797311113048
16888,attack,attack,0.01639508532040981
16889,attack,normal,0.7381073761368637
16890,normal,normal,0.9974815627201109
16891,normal,attack,0.12082496740697478
16892,normal,normal,0.9961237611959133
16893,attack,normal,0.9546986496816637
16894,attack,attack,0.012162930399041734
16895,attack,attack,0.007335915921531741
16896,attack,normal,0.9984455302451688
16897,normal,normal,0.9897749259473205
16898,normal,normal,0.9995668158086712
16899,attack,attack,0.02100201537899898
16900,attack,attack,0.03472030102159193
16901,normal,normal,0.9904099369808204
16902,attack,attack,0.0006578276104281533
16903,attack,normal,0.9999999009314582
16904,normal,normal,0.9979038843846427
16905,attack,attack,0.008001965575763529
16906,attack,normal,0.9986938684535661
16907,normal,normal,0.9958787126654197
16908,attack,attack,0.0011107429239072333
16909,normal,normal,0.995862400426335
16910,normal,normal,0.9864875090928968
16911,attack,normal,0.602402781077739
16912,attack,attack,0.007438354642659823
16913,attack,normal,0.9988655208565023
16914,attack,attack,0.00016803265817187576
16915,normal,normal,0.9620273740646814
16916,attack,attack,0.02253924052577495
16917,attack,normal,0.9999998955308633
16918,normal,normal,0.9808818336006425
16919,attack,attack,0.01333112780178528
16920,normal,normal,0.9980785207027787
16921,attack,normal,0.9926226713360153
16922,attack,normal,0.9974739638566547
16923,attack,normal,0.8719388113930808
16924,attack,attack,0.07322790038056481
16925,normal,normal,0.9954580087891709
16926,normal,normal,0.9974669257118911
16927,normal,normal,0.9700351080243591
16928,attack,attack,0.00016406007610520585
16929,attack,attack,0.0011578923676043983
16930,attack,attack,0.00012916906481629997
16931,attack,normal,0.9976217325632274
16932,attack,attack,0.0001485907411922933
16933,attack,attack,0.0017742304014051415
16934,normal,normal,0.9874080297211669
16935,attack,normal,0.9913241372478251
16936,normal,normal,0.9865738731209464
16937,attack,attack,1.5704158973101003e-07
16938,attack,attack,0.0006931941896597027
16939,attack,attack,3.2083129966556225e-05
16940,normal,normal,0.9529578913145644
16941,normal,normal,0.9966901244302484
16942,attack,attack,0.00018828885066479725
16943,attack,attack,0.015392833766872694
16944,attack,normal,0.9994683174728082
16945,normal,normal,0.9903044380938749
16946,attack,attack,0.00019281361388158994
16947,attack,attack,0.008977276266418194
16948,normal,normal,0.9976152341392677
16949,normal,normal,0.9933450119822066
16950,normal,normal,0.9999978479826359
16951,attack,attack,0.017141306752033826
16952,attack,normal,0.9097445169097367
16953,normal,normal,0.9995814379955925
16954,attack,attack,0.061911533591318506
16955,normal,normal,0.9927222690924487
16956,attack,normal,0.9985953075573148
16957,attack,normal,0.9987291811835266
16958,normal,normal,0.9866589319863607
16959,attack,attack,3.7333724663093753e-07
16960,attack,attack,0.001465590605058752
16961,attack,normal,0.7541611071435281
16962,attack,normal,0.9946524601162363
16963,normal,normal,0.9845389940239282
16964,normal,normal,0.9906955380316648
16965,attack,attack,0.0007759972614830694
16966,attack,normal,0.8156194167737703
16967,attack,attack,0.0016028645296475507
16968,normal,normal,0.9897909454768672
16969,normal,normal,0.9998237219455078
16970,normal,normal,0.9674958722672552
16971,normal,normal,0.9876348583332866
16972,attack,attack,0.007609488120144743
16973,normal,normal,0.9905077762546305
16974,normal,normal,0.9059071354849441
16975,attack,normal,0.7858462591333888
16976,attack,attack,0.19415915521692548
16977,attack,attack,9.190111219018854e-08
16978,attack,attack,0.0004786471437041363
16979,normal,normal,0.9905786221164599
16980,normal,normal,0.9894611759983309
16981,normal,normal,0.9968906243483993
16982,attack,attack,1.7066268334438554e-06
16983,normal,normal,0.9865277017235019
16984,normal,normal,0.9998492829337282
16985,attack,attack,4.191766489302396e-05
16986,normal,attack,0.0065327210871492574
16987,normal,normal,0.983536438566323
16988,attack,attack,8.935880761191786e-05
16989,normal,normal,0.9956852960797385
16990,attack,attack,0.32981355592389716
16991,normal,normal,0.9694824346019161
16992,normal,attack,0.005790981245277051
16993,attack,attack,0.011369097711487409
16994,normal,normal,0.9614441926836762
16995,attack,attack,0.052508172724320235
16996,attack,attack,5.431951300299824e-07
16997,normal,normal,0.9981073414036487
16998,normal,attack,0.0047913015433555485
16999,attack,attack,0.004877367992208489
17000,attack,attack,8.507906519124547e-08
17001,attack,attack,3.043068024830878e-06
17002,attack,attack,0.00012522174534946413
17003,attack,attack,0.00032702784654463
17004,normal,normal,0.9956425070048662
17005,normal,normal,0.943836934759226
17006,attack,attack,0.0006339723985901357
17007,normal,normal,0.9980370577222398
17008,attack,attack,0.4767072187315072
17009,normal,normal,0.9221460440928569
17010,normal,normal,0.9949184747238137
17011,normal,normal,0.9971635924631984
17012,attack,attack,0.0002816018827634601
17013,normal,normal,0.9973442796745459
17014,normal,normal,0.9829635359171646
17015,attack,attack,0.05263968596259123
17016,normal,normal,0.9953040133265252
17017,normal,attack,0.005621726469459262
17018,normal,normal,0.9977506301037873
17019,attack,normal,0.9970891102655198
17020,normal,normal,0.8931035629002658
17021,normal,normal,0.9766663574675551
17022,attack,attack,9.58911772468415e-08
17023,normal,normal,0.9967321917360553
17024,attack,attack,0.13335565357148624
17025,attack,attack,0.030284673214514786
17026,attack,attack,0.009219112679317475
17027,attack,attack,0.0857568923990831
17028,normal,normal,0.9975433256778065
17029,attack,attack,0.00019416322313630313
17030,normal,normal,0.9341767262682186
17031,normal,normal,0.9912947695278549
17032,attack,attack,0.001649000552859442
17033,normal,normal,0.9898853486951027
17034,attack,attack,0.00022766697212824497
17035,attack,normal,0.7526979582961827
17036,attack,normal,0.9976297466461822
17037,attack,normal,0.9999999933313972
17038,normal,normal,0.9838720260098626
17039,normal,normal,0.9906122722402344
17040,attack,attack,0.0013842020558734885
17041,attack,attack,0.012778456637070458
17042,attack,attack,2.7302086520915224e-07
17043,attack,attack,0.04400568817694238
17044,attack,attack,0.0014563832096732114
17045,normal,normal,0.9857673369195266
17046,normal,normal,0.9962311532712211
17047,attack,attack,0.00021900182020363358
17048,attack,attack,0.03726432145913623
17049,attack,attack,0.12324909465972167
17050,attack,attack,3.92188205041231e-05
17051,attack,attack,0.010874545262651344
17052,attack,normal,0.9875239215754275
17053,normal,normal,0.9936527404293806
17054,normal,normal,0.998061645836499
17055,attack,attack,2.309293741071805e-07
17056,normal,normal,0.9990187044462473
17057,attack,attack,0.006460564772338998
17058,attack,attack,5.0232238811378966e-05
17059,attack,normal,0.7876045653489404
17060,normal,attack,1.5527349301285933e-08
17061,normal,normal,0.9973054329115891
17062,normal,attack,0.11507104803421463
17063,attack,normal,0.9999999312427347
17064,attack,attack,3.294632814477753e-05
17065,normal,normal,0.9975120710984042
17066,attack,attack,0.3945623185889309
17067,normal,normal,0.9861172129840213
17068,attack,normal,0.9753620616114472
17069,attack,attack,3.615136748839716e-07
17070,attack,attack,9.847688126087827e-07
17071,attack,attack,0.00010280817389829092
17072,attack,normal,0.9957880894542793
17073,normal,normal,0.9906759525033257
17074,normal,normal,0.9897862084394318
17075,normal,normal,0.9977649135048673
17076,normal,attack,0.003936644198431774
17077,attack,attack,0.00013248312814481098
17078,normal,normal,0.9861884353600686
17079,normal,normal,0.9891245274415004
17080,attack,normal,0.9969710222808484
17081,attack,normal,0.9990245555556525
17082,attack,attack,2.8931208553747535e-06
17083,normal,normal,0.9992209846828043
17084,normal,normal,0.9981072268148781
17085,attack,attack,0.29859451411348525
17086,normal,normal,0.9845350637227614
17087,normal,normal,0.9938980279981999
17088,attack,attack,0.01964075596592455
17089,normal,normal,0.98571120341519
17090,attack,normal,0.986652079170092
17091,attack,normal,0.9981258192433606
17092,attack,attack,1.188430740296108e-06
17093,attack,normal,0.9955660194206581
17094,attack,normal,0.9999937830845517
17095,normal,attack,0.005415987802077593
17096,attack,normal,0.9364825098022234
17097,attack,attack,0.002349739989662768
17098,normal,normal,0.9997032361860427
17099,attack,attack,0.41574676022051793
17100,attack,normal,0.522775651459073
17101,normal,normal,0.9980412349755874
17102,attack,normal,0.93699637243655
17103,normal,normal,0.987284130735725
17104,attack,attack,0.02124066266724191
17105,attack,normal,0.9674607837245073
17106,attack,attack,4.895910789280516e-07
17107,attack,normal,0.9999999182356258
17108,attack,normal,0.635365070051976
17109,normal,normal,0.9871924175241755
17110,attack,normal,0.9991704716206579
17111,normal,normal,0.9977707711718569
17112,attack,attack,2.025552405553517e-07
17113,attack,normal,0.9989293711573787
17114,normal,normal,0.9996008487907209
17115,normal,normal,0.9887392583078114
17116,attack,normal,0.9841352559562595
17117,normal,normal,0.9864786282514463
17118,normal,normal,0.99826136194201
17119,normal,normal,0.990473899262733
17120,attack,attack,0.0011464330245991158
17121,normal,normal,0.9850163110356283
17122,normal,attack,0.0036008372002084535
17123,normal,attack,6.827621585147798e-05
17124,normal,normal,0.9952861204343023
17125,attack,normal,0.9945072601963744
17126,normal,normal,0.9951026361337196
17127,normal,normal,0.9952189635485075
17128,attack,normal,0.8862131663036514
17129,normal,normal,0.973185309994808
17130,attack,attack,0.00037253994005904376
17131,normal,normal,0.987909519991486
17132,attack,normal,0.9989572859818269
17133,normal,attack,1.059617727709246e-08
17134,normal,normal,0.9941393823949779
17135,attack,attack,0.00017994529063131436
17136,attack,normal,0.9985217432726674
17137,attack,attack,0.00020495121038480735
17138,normal,normal,0.9180793617229033
17139,attack,normal,0.9980461039316585
17140,normal,normal,0.997605954529244
17141,attack,normal,0.9862204715678744
17142,normal,normal,0.9842327348604242
17143,attack,normal,0.999999856073008
17144,attack,normal,0.7052886488196509
17145,attack,attack,0.015908898489920296
17146,attack,normal,0.9360476082314158
17147,normal,normal,0.9905098401330816
17148,normal,normal,0.9834713831115783
17149,normal,normal,0.99459562112664
17150,normal,normal,0.9856656602810896
17151,attack,attack,0.006125195509567319
17152,attack,attack,0.00023059745367508342
17153,attack,attack,0.00019148810003359867
17154,attack,normal,0.9979553044517228
17155,attack,attack,0.14748045843012994
17156,normal,normal,0.9870640351617322
17157,normal,normal,0.9974184843686066
17158,normal,attack,0.0065327238793099875
17159,normal,normal,0.991889909774668
17160,attack,normal,0.9085792759148897
17161,attack,attack,1.890056049787448e-05
17162,attack,attack,0.0006573835788776997
17163,normal,normal,0.9947525504574565
17164,normal,normal,0.9979515167395532
17165,attack,attack,0.021225306188821572
17166,attack,attack,0.0003043563484583039
17167,attack,attack,0.0008480360502453907
17168,attack,attack,0.3375462084803576
17169,attack,normal,0.9969900176999309
17170,normal,normal,0.9905938715684592
17171,normal,normal,0.9903089207112167
17172,attack,attack,0.26271897458194055
17173,normal,normal,0.9780162713205908
17174,attack,normal,0.5264653814454917
17175,attack,normal,0.9345674575208988
17176,attack,attack,0.09581680190421378
17177,normal,normal,0.9939144906797437
17178,attack,normal,0.9983717583438764
17179,normal,normal,0.8711456089231613
17180,normal,normal,0.9079199427763935
17181,attack,attack,0.016875648112693636
17182,attack,normal,0.9930912095561598
17183,normal,normal,0.9905105751524728
17184,attack,attack,0.0002135731001349238
17185,attack,normal,0.9969204519092634
17186,attack,normal,0.8912303349082706
17187,normal,normal,0.9998407509105396
17188,normal,normal,0.677884142639028
17189,attack,attack,0.031161322130309838
17190,attack,normal,0.9388434871472002
17191,attack,attack,0.00020933489988653054
17192,normal,normal,0.9930143807087894
17193,attack,attack,1.5745993455890453e-07
17194,attack,attack,0.001174037056901343
17195,attack,normal,0.9529181547086651
17196,normal,attack,0.0052435371260776105
17197,attack,attack,0.07384049320102462
17198,normal,normal,0.9737446481286833
17199,attack,attack,0.0015628441235398186
17200,attack,attack,0.2855989939253495
17201,attack,normal,0.7549371902719176
17202,attack,normal,0.998015039861609
17203,attack,attack,0.0009410124313250831
17204,attack,attack,0.0014534189603903492
17205,attack,attack,0.012786377561998788
17206,attack,attack,0.0388792130645743
17207,attack,attack,2.9423694285593483e-05
17208,attack,normal,0.9402650007031045
17209,attack,normal,0.9999974371854994
17210,normal,normal,0.9914820639586429
17211,normal,normal,0.9944027923634923
17212,normal,normal,0.9991484537206873
17213,attack,attack,0.02319303450806573
17214,normal,normal,0.9981990344214868
17215,normal,normal,0.9998140997408801
17216,attack,attack,0.007082055922615823
17217,attack,attack,0.0004126017515732649
17218,normal,normal,0.998740906046819
17219,attack,normal,0.9562777844129646
17220,attack,attack,0.005774945945622426
17221,normal,normal,0.9972281586366325
17222,attack,normal,0.9993584297207475
17223,normal,normal,0.9476131543924947
17224,attack,attack,0.00023301074688700046
17225,normal,normal,0.9975490634985976
17226,normal,normal,0.9698647479900547
17227,normal,normal,0.9891245580862787
17228,attack,attack,7.558212999911134e-05
17229,normal,normal,0.9893491387737092
17230,normal,normal,0.9964448706978319
17231,attack,normal,0.9936412415427499
17232,normal,normal,0.9988057341501437
17233,normal,normal,0.9942362081829466
17234,attack,attack,0.000283500608160093
17235,attack,attack,0.0002692737225328715
17236,attack,attack,1.8482014922140575e-07
17237,normal,normal,0.9973908349423447
17238,normal,normal,0.9806058005416147
17239,normal,normal,0.9977452455982605
17240,normal,normal,0.9904068856162085
17241,attack,attack,4.525227911037754e-08
17242,normal,normal,0.9063631863441859
17243,attack,normal,0.995751253782777
17244,normal,normal,0.9918485722663443
17245,attack,attack,0.061511264364369295
17246,normal,normal,0.8660258602066583
17247,attack,normal,0.9960351841916351
17248,normal,normal,0.9915915922466381
17249,attack,attack,0.006533612984750481
17250,attack,attack,0.0022368524862336576
17251,normal,normal,0.8895340547110347
17252,attack,attack,4.506908018361422e-09
17253,normal,normal,0.99080458570438
17254,attack,normal,0.9985999242917035
17255,normal,normal,0.997961285952121
17256,normal,normal,0.9862278440583685
17257,attack,normal,0.999999969660887
17258,normal,normal,0.9980173695328683
17259,normal,normal,0.9993003713507298
17260,attack,attack,8.218315073583593e-05
17261,attack,normal,0.9990312871672924
17262,normal,attack,0.0043953526877155025
17263,attack,normal,0.9999998122011402
17264,normal,normal,0.9941121369897106
17265,attack,attack,0.0003537648455532889
17266,attack,attack,0.0001210107954657593
17267,normal,normal,0.9952860496243152
17268,normal,attack,0.030392297872724006
17269,attack,normal,0.7354510901135758
17270,normal,normal,0.9976444645918919
17271,normal,normal,0.9779824842347986
17272,normal,normal,0.9092410109926565
17273,attack,normal,0.9357344513388416
17274,attack,normal,0.8133721979538981
17275,attack,normal,0.9989237627938025
17276,attack,attack,0.00022835870364627938
17277,attack,attack,0.0006233578257222744
17278,attack,normal,0.9929817311359748
17279,normal,normal,0.9835104341914892
17280,attack,normal,0.9989992767845884
17281,attack,attack,0.004627732585555185
17282,attack,normal,0.9999997175170662
17283,attack,normal,0.9987587024192363
17284,normal,normal,0.9862271397439663
17285,normal,attack,0.003723818153240124
17286,attack,attack,5.069655596358091e-07
17287,normal,normal,0.9901010549596204
17288,normal,normal,0.5527436424994474
17289,normal,normal,0.995876153237824
17290,attack,normal,0.9934040815697782
17291,attack,attack,0.02376305694808785
17292,attack,normal,0.9984272577923494
17293,attack,normal,0.9999998779728974
17294,normal,normal,0.999708366133221
17295,normal,normal,0.9892004067138948
17296,normal,normal,0.9876625236085054
17297,normal,normal,0.998242708398587
17298,normal,normal,0.9978871256276693
17299,attack,normal,0.9999999202695814
17300,normal,normal,0.9886483922466274
17301,normal,normal,0.9908834175984316
17302,normal,normal,0.9979653003327124
17303,attack,attack,0.019166257217440582
17304,normal,normal,0.9857618286053358
17305,normal,normal,0.9966430714561743
17306,attack,attack,0.0002240989456448573
17307,normal,normal,0.9972289699844944
17308,attack,attack,0.06080846811743174
17309,normal,normal,0.9749708028494495
17310,normal,normal,0.9964727313226505
17311,attack,normal,0.9985563603734933
17312,attack,attack,0.055088522273121325
17313,attack,attack,0.00027966615702589465
17314,normal,normal,0.9855270379458164
17315,attack,normal,0.9870362201283206
17316,attack,attack,0.002236618023721031
17317,normal,normal,0.9991871742558959
17318,attack,attack,0.009558291080994631
17319,normal,normal,0.9929482894223628
17320,normal,normal,0.9897754166165996
17321,normal,normal,0.9995735836237842
17322,attack,attack,0.014458400067169431
17323,normal,normal,0.9998919238370912
17324,attack,attack,0.14371405019100666
17325,normal,normal,0.9963788281536183
17326,attack,normal,0.8506366608224453
17327,normal,normal,0.9964896418319942
17328,attack,normal,0.8149167617927066
17329,normal,normal,0.9947443684056037
17330,attack,attack,0.18395757917011113
17331,normal,normal,0.9819929592987942
17332,attack,attack,3.941114860718158e-07
17333,attack,attack,0.013829421592922303
17334,normal,normal,0.9884604953001362
17335,attack,normal,0.9985123379552077
17336,attack,attack,0.020956149167815234
17337,attack,attack,5.252116467296379e-07
17338,normal,normal,0.997774411477038
17339,normal,normal,0.9902035097392021
17340,attack,normal,0.9895134781469046
17341,attack,attack,0.00019295950742052759
17342,attack,attack,0.00011397408126145899
17343,attack,attack,0.0016240443261079846
17344,normal,normal,0.999862726182839
17345,attack,attack,0.05116387320682786
17346,attack,attack,0.017656043337449617
17347,normal,normal,0.9881297264100477
17348,normal,normal,0.9892352464966195
17349,normal,normal,0.9304753010708936
17350,attack,attack,0.037375705145042896
17351,attack,attack,0.0892660623187133
17352,attack,attack,0.04366065410505121
17353,attack,attack,2.668266479970322e-05
17354,attack,attack,0.04947343760006722
17355,attack,attack,0.006840796804166531
17356,attack,normal,0.9358507289735747
17357,attack,normal,0.9984237805956754
17358,normal,normal,0.9907027331619108
17359,attack,attack,7.680982713328428e-06
17360,attack,normal,0.6330273153374064
17361,attack,normal,0.9923321146883418
17362,attack,attack,0.0009321998554803696
17363,normal,normal,0.9999851471774631
17364,attack,attack,0.0011620838887794816
17365,attack,attack,0.4583561493608359
17366,normal,normal,0.9856135223494016
17367,attack,attack,5.832458927260517e-07
17368,normal,normal,0.9975350812130876
17369,normal,normal,0.9871813217579302
17370,attack,normal,0.813503008282977
17371,attack,attack,0.0013593047527141995
17372,attack,attack,0.001647211812382112
17373,attack,normal,0.9905943745291492
17374,normal,normal,0.999436527150883
17375,attack,attack,0.0009444606468601535
17376,normal,normal,0.9974659910183716
17377,attack,attack,0.000230672050619808
17378,normal,normal,0.9930969363534263
17379,normal,attack,0.010321942932617404
17380,normal,normal,0.9842427689276992
17381,attack,attack,0.0008999595351216784
17382,normal,normal,0.9998688120003256
17383,normal,normal,0.9968889647824771
17384,normal,normal,0.9747191812354933
17385,attack,normal,0.9990550587752329
17386,normal,normal,0.9971840793865757
17387,normal,normal,0.9949359797908146
17388,normal,normal,0.9892382229832305
17389,normal,normal,0.9869520959373898
17390,attack,attack,1.9194406396386335e-06
17391,attack,attack,0.06009093690814763
17392,attack,attack,3.579364406505151e-08
17393,normal,normal,0.9948915649753529
17394,attack,attack,0.0012475234865871594
17395,normal,normal,0.9753175704101713
17396,normal,normal,0.9977662511902449
17397,normal,normal,0.9880489061527242
17398,normal,normal,0.9945366510146723
17399,normal,normal,0.989570431102353
17400,attack,attack,0.00805656608797648
17401,normal,normal,0.9884199786645128
17402,normal,normal,0.9977767600813702
17403,attack,normal,0.8989774802928595
17404,normal,normal,0.9888208227002988
17405,normal,normal,0.9966882715831973
17406,normal,normal,0.997783122733288
17407,attack,normal,0.9886932245049115
17408,attack,attack,0.005494716293734189
17409,normal,normal,0.9978687601311829
17410,normal,normal,0.9876543222558899
17411,attack,attack,0.12330747976272748
17412,normal,normal,0.9965851038661946
17413,attack,attack,0.0009218125930021907
17414,attack,normal,0.7106263960726317
17415,attack,attack,0.006467834145159994
17416,attack,attack,0.0012330119070058543
17417,attack,attack,0.0003609801097551992
17418,normal,normal,0.9998352435523588
17419,attack,attack,0.315863887740008
17420,normal,normal,0.9971037368283614
17421,normal,normal,0.9905005750757007
17422,normal,normal,0.9373002717674949
17423,attack,attack,0.0001844703263305316
17424,attack,attack,0.012993503959654375
17425,normal,normal,0.9971346124108873
17426,normal,normal,0.9926296238139164
17427,attack,normal,0.9909780792237997
17428,attack,normal,0.9359912140782058
17429,normal,normal,0.9978076175484909
17430,normal,normal,0.9978895328995705
17431,attack,attack,0.09580268384024199
17432,normal,normal,0.98923297444591
17433,attack,attack,0.0007990726696217922
17434,normal,normal,0.9605847418969633
17435,normal,normal,0.9955547941754117
17436,attack,attack,0.0015981605379091724
17437,attack,normal,0.935212061736966
17438,attack,attack,0.0017877476000444403
17439,attack,attack,0.00015276789565406838
17440,attack,attack,0.0020071809088822935
17441,normal,normal,0.9747218502261831
17442,normal,normal,0.997397140485251
17443,normal,normal,0.9987716588228549
17444,attack,normal,0.998630595389819
17445,attack,normal,0.9984222179227573
17446,attack,normal,0.8050090597805484
17447,normal,attack,0.004642173830285607
17448,normal,normal,0.9969799877506897
17449,attack,normal,0.9863469893936222
17450,normal,normal,0.9967492685295583
17451,normal,attack,0.007848753199826279
17452,attack,attack,0.00038474492437518237
17453,attack,attack,0.1332471109728549
17454,attack,attack,0.00024323833468532294
17455,attack,attack,0.0014635117904271812
17456,attack,attack,6.806196452867831e-07
17457,attack,attack,7.798248273675831e-07
17458,normal,attack,0.005353920424971749
17459,attack,attack,7.419507772389642e-06
17460,attack,attack,9.361978902663316e-05
17461,normal,normal,0.9963062674500132
17462,normal,normal,0.9876092774202625
17463,attack,attack,0.001847490070300613
17464,attack,normal,0.8358825224427594
17465,attack,normal,0.9999999709050966
17466,normal,normal,0.9972614014114232
17467,attack,attack,0.0013253194549207464
17468,normal,normal,0.9884540363443629
17469,attack,attack,8.982102699974484e-05
17470,attack,attack,0.001008453088024707
17471,normal,normal,0.9771369995891248
17472,normal,normal,0.9898917049898008
17473,normal,normal,0.9994398092946581
17474,normal,normal,0.9890110449063386
17475,attack,attack,2.2851394854346633e-06
17476,normal,normal,0.944243137952828
17477,normal,normal,0.9891202352240059
17478,normal,normal,0.9977232174531546
17479,attack,attack,0.01311367601836795
17480,normal,attack,0.007308702866416681
17481,attack,normal,0.9988432839938391
17482,attack,normal,0.9987156694520054
17483,attack,normal,0.9342382841936757
17484,normal,normal,0.9967339892774892
17485,normal,attack,0.00029313706267511153
17486,attack,attack,0.044824787203612104
17487,attack,normal,0.964521274230055
17488,attack,attack,0.00528319504212762
17489,normal,normal,0.9900594798073213
17490,attack,attack,0.00021351706234808805
17491,normal,normal,0.9995410823526758
17492,attack,normal,0.9966460100781334
17493,normal,normal,0.9869110947406221
17494,normal,attack,0.00819574355949306
17495,normal,normal,0.9919155368074151
17496,attack,attack,0.0010838813376082873
17497,normal,attack,0.19465546704935266
17498,normal,normal,0.9902951247173835
17499,normal,normal,0.9876796955496836
17500,attack,attack,0.0018650469918169582
17501,attack,attack,0.0023855219011739365
17502,attack,normal,0.9999999170870328
17503,attack,attack,0.00017194011619324677
17504,attack,attack,0.0025205449356329093
17505,attack,attack,0.05191379218776163
17506,attack,attack,0.00010145801529815893
17507,attack,attack,0.12335948936171515
17508,normal,normal,0.9893550363608149
17509,attack,attack,0.02074897522926133
17510,normal,normal,0.9862992036890292
17511,normal,normal,0.9924777898843707
17512,attack,attack,0.08811171373256761
17513,attack,normal,0.99503330762829
17514,attack,attack,0.0010087540164678483
17515,attack,attack,5.5168831223148254e-08
17516,normal,normal,0.989348411837946
17517,attack,normal,0.9999999370608821
17518,attack,normal,0.7716910150918461
17519,normal,normal,0.9934855577704923
17520,attack,attack,0.0017191269909884687
17521,attack,attack,0.002736661395535716
17522,normal,normal,0.9878403826718625
17523,attack,attack,0.00039347062904604473
17524,normal,normal,0.9972692378100766
17525,attack,normal,0.9352120368631852
17526,attack,attack,0.0011694293106995247
17527,attack,normal,0.9566093098926777
17528,normal,normal,0.9835450652264213
17529,attack,normal,0.5603224782566568
17530,attack,normal,0.9382351678311643
17531,attack,attack,0.002061474533799012
17532,attack,normal,0.9364835462572776
17533,attack,attack,0.002912080241875328
17534,attack,attack,6.254970011541418e-08
17535,normal,normal,0.992715359631045
17536,attack,attack,0.010676494379955147
17537,normal,normal,0.9861422439840603
17538,normal,normal,0.9992668428182624
17539,normal,attack,0.004846466429056791
17540,attack,normal,0.9935922040717025
17541,normal,normal,0.9973787021599044
17542,normal,normal,0.5727010764922238
17543,normal,normal,0.9998690579861526
17544,attack,normal,0.9340362379439773
17545,normal,normal,0.9851020697143152
17546,attack,attack,0.002400560336663511
17547,normal,attack,0.0040553738557644586
17548,normal,normal,0.997753378187199
17549,normal,normal,0.988050394945011
17550,normal,normal,0.9972189968025307
17551,attack,normal,0.9352120638097807
17552,normal,normal,0.9911443446184405
17553,normal,normal,0.9918160454122623
17554,attack,normal,0.9865640957053303
17555,attack,attack,0.0013396118688680327
17556,attack,normal,0.9868996166769997
17557,attack,normal,0.999997646947445
17558,attack,attack,0.017822605398146382
17559,normal,normal,0.9997494588646568
17560,normal,normal,0.9852018677271057
17561,attack,attack,0.00175839315417162
17562,attack,normal,0.9358507248660088
17563,normal,normal,0.9980999955098936
17564,normal,normal,0.9979214270415281
17565,normal,normal,0.9398310971832727
17566,attack,normal,0.7318376887094705
17567,attack,attack,0.04511918507856643
17568,attack,attack,0.06668026249636126
17569,normal,normal,0.996592039908707
17570,attack,attack,9.290393410643234e-05
17571,attack,attack,0.0015770246836580193
17572,normal,normal,0.9906034715234763
17573,normal,normal,0.9919900308723985
17574,attack,attack,0.004487724115896516
17575,attack,attack,1.8902003219916626e-05
17576,attack,normal,0.9906183462517227
17577,normal,normal,0.9885665212639899
17578,attack,attack,0.48007104663351996
17579,attack,attack,0.01582068790125858
17580,attack,normal,0.938235163866201
17581,attack,attack,4.230957574166675e-05
17582,normal,normal,0.9870345857299204
17583,attack,normal,0.9341804425007233
17584,normal,normal,0.9920815324120087
17585,attack,attack,6.830592012002126e-08
17586,normal,normal,0.9388562807010049
17587,attack,attack,1.7017064996555032e-06
17588,normal,normal,0.992924252904512
17589,normal,normal,0.9958068312770524
17590,attack,normal,0.9534607616158223
17591,normal,normal,0.9992037757316186
17592,normal,normal,0.9955162642819222
17593,normal,normal,0.9996843731197291
17594,attack,normal,0.9996190830087156
17595,normal,normal,0.9994157168897634
17596,attack,attack,4.0388184762949796e-07
17597,attack,attack,0.00023253336510955445
17598,normal,normal,0.9993130346408244
17599,normal,normal,0.9978989916226474
17600,attack,attack,9.104150198499206e-07
17601,attack,normal,0.9986146548958919
17602,normal,normal,0.9980770760134626
17603,normal,normal,0.9894374315772193
17604,attack,attack,5.118068258866223e-07
17605,normal,normal,0.9785240583378608
17606,attack,attack,0.21532570411906996
17607,normal,normal,0.9981554639495628
17608,normal,normal,0.9970263547327038
17609,attack,normal,0.7723417395325576
17610,attack,attack,3.557419837863484e-07
17611,normal,normal,0.9832840777081407
17612,normal,normal,0.9870536786843439
17613,attack,normal,0.8238270891202336
17614,attack,attack,0.04116149981966987
17615,attack,normal,0.9986606893624765
17616,attack,attack,0.00798009948179619
17617,normal,normal,0.9941794377344514
17618,attack,normal,0.9898473683788277
17619,attack,attack,0.0010831493059493744
17620,attack,attack,2.349829563285364e-06
17621,normal,normal,0.9992741012176065
17622,attack,attack,0.0008218089496344804
17623,attack,attack,0.0007553592902928464
17624,attack,attack,0.06841353586197763
17625,normal,attack,0.006169185172811682
17626,attack,normal,0.9979504413211792
17627,normal,normal,0.9961384896359183
17628,attack,attack,0.00020109165788597324
17629,attack,attack,0.047447379183170775
17630,attack,attack,0.00040946718359609314
17631,normal,normal,0.9967905790205576
17632,normal,normal,0.9998231213920209
17633,normal,normal,0.9894548314888136
17634,attack,attack,0.001203788152036527
17635,attack,normal,0.9359876393515957
17636,normal,normal,0.9968286797466535
17637,attack,attack,0.00024623257805489853
17638,normal,normal,0.9808030258368643
17639,attack,attack,0.0013439431203840857
17640,normal,normal,0.9963548329502607
17641,attack,attack,0.0013085791718046148
17642,attack,attack,0.02573753080020174
17643,normal,normal,0.9908016394595318
17644,attack,attack,2.0865147532120904e-07
17645,attack,attack,0.0007126297706380681
17646,normal,normal,0.9705368560942478
17647,attack,normal,0.999999230292439
17648,attack,attack,0.0006190341298732726
17649,normal,normal,0.9996064245269074
17650,attack,normal,0.7849486757528809
17651,attack,attack,0.0014880989514414284
17652,attack,attack,0.00063401959031903
17653,normal,normal,0.9882477681394181
17654,attack,normal,0.9967797064572751
17655,attack,attack,0.0010667733075132096
17656,attack,normal,0.9945042754136314
17657,normal,normal,0.9978251086001674
17658,attack,attack,9.610281412973647e-08
17659,attack,attack,0.024875828899814045
17660,normal,normal,0.943885951042767
17661,attack,attack,0.04635192576258458
17662,normal,normal,0.9739774337159258
17663,normal,normal,0.9345653902608169
17664,attack,attack,0.08642346660522067
17665,attack,attack,3.2851671024736214e-08
17666,normal,normal,0.9982079025549777
17667,attack,attack,0.0005373510251548922
17668,attack,attack,0.0012664468596621226
17669,attack,attack,0.0757530767396329
17670,attack,attack,3.23952389398568e-07
17671,attack,attack,0.00019736416786662886
17672,normal,normal,0.9974586203665264
17673,attack,attack,0.022760484244200435
17674,attack,attack,0.048204648867861646
17675,attack,normal,0.9966549403089858
17676,attack,normal,0.9984237807033511
17677,normal,normal,0.9829322654617506
17678,attack,attack,6.259429459409164e-05
17679,attack,attack,0.00024497922519981137
17680,attack,attack,0.0017209936909851455
17681,attack,normal,0.7739594104914476
17682,attack,attack,1.016497143187156e-06
17683,attack,attack,2.5174764411136984e-08
17684,normal,normal,0.9886449139412086
17685,attack,normal,0.9999999365537708
17686,normal,normal,0.9961592820045576
17687,attack,normal,0.9982264986894359
17688,attack,attack,0.03104210909498804
17689,normal,normal,0.9950712158123238
17690,normal,normal,0.9892036816895945
17691,normal,normal,0.9905617557701004
17692,attack,attack,0.019769379144843745
17693,attack,attack,0.021030890827231297
17694,attack,normal,0.808662770281754
17695,attack,attack,0.0086563356988159
17696,normal,normal,0.9929666566098463
17697,attack,normal,0.9345674491529177
17698,normal,normal,0.9885624262766015
17699,attack,attack,0.0006562315580113072
17700,normal,normal,0.9848933966930156
17701,normal,normal,0.9901016566843017
17702,attack,attack,0.002196160715151377
17703,normal,normal,0.9896443524795445
17704,attack,attack,0.0007850282675140072
17705,attack,attack,0.015178709833502129
17706,attack,attack,0.006391331317845135
17707,attack,attack,0.0011544927437241062
17708,attack,attack,0.018226757499193114
17709,attack,normal,0.9999992145922403
17710,attack,normal,0.9998205866775338
17711,normal,normal,0.9977265162113483
17712,normal,normal,0.9970987425881472
17713,attack,attack,6.080920742817492e-07
17714,normal,normal,0.9857551178321894
17715,attack,attack,0.43316264741592025
17716,attack,normal,0.6776285229280568
17717,attack,normal,0.9987757458462225
17718,normal,normal,0.9961509363656703
17719,normal,normal,0.9806110442032376
17720,attack,attack,0.009402085071935531
17721,normal,normal,0.9944032975464903
17722,attack,attack,0.008300304170880377
17723,attack,normal,0.999999917236901
17724,attack,normal,0.9990398288981251
17725,normal,normal,0.9872083033278201
17726,attack,attack,0.0008353390334279542
17727,normal,normal,0.9976185549859947
17728,normal,normal,0.9996681260138379
17729,normal,normal,0.9976703320834266
17730,attack,attack,0.0017097816335847021
17731,normal,normal,0.9895566234765095
17732,normal,normal,0.9352084257795884
17733,attack,attack,0.00024100622326817575
17734,attack,normal,0.9999971308543333
17735,attack,normal,0.99470974498832
17736,attack,normal,0.9414285730153318
17737,normal,normal,0.9924332423242472
17738,normal,normal,0.9996286422620414
17739,normal,normal,0.9902021472333092
17740,normal,normal,0.9997525373384191
17741,attack,normal,0.9745219439783028
17742,normal,normal,0.9970974544787709
17743,attack,normal,0.9359912202269838
17744,attack,attack,0.10399083077627552
17745,normal,normal,0.9978341260162457
17746,normal,normal,0.9961339517825748
17747,attack,attack,0.01432624562853643
17748,attack,attack,0.223361624822307
17749,normal,normal,0.9875328301115818
17750,attack,attack,0.08141533795228041
17751,attack,attack,0.0014229353852328803
17752,attack,attack,0.0015565910353453147
17753,attack,attack,4.0636959348595046e-05
17754,attack,attack,0.0013542855815972873
17755,attack,normal,0.9098348850828595
17756,normal,normal,0.9958809668218104
17757,attack,normal,0.6805105172738637
17758,attack,attack,0.0014114733465772267
17759,attack,attack,3.629653259149713e-08
17760,normal,normal,0.9877106617923858
17761,normal,normal,0.9968753483490542
17762,attack,normal,0.9987860324521863
17763,normal,normal,0.9968492693091071
17764,normal,normal,0.9443884854151547
17765,attack,normal,0.9989834896681974
17766,attack,attack,7.555630127894738e-07
17767,attack,attack,3.768584204056153e-05
17768,attack,attack,1.8314294780058586e-05
17769,attack,normal,0.7434732017211719
17770,attack,normal,0.9958445898194828
17771,attack,normal,0.9990829198402996
17772,normal,normal,0.9970043433929177
17773,normal,normal,0.9993236802155921
17774,normal,normal,0.9989654228717764
17775,attack,normal,0.9956350859303148
17776,normal,normal,0.994456513127339
17777,normal,normal,0.9976365650559511
17778,normal,normal,0.9996673847413244
17779,normal,normal,0.9956343921685061
17780,attack,normal,0.9985284941268568
17781,normal,normal,0.9859009727660965
17782,normal,normal,0.9951492198513022
17783,normal,normal,0.9879131012517082
17784,normal,normal,0.9880880892142885
17785,attack,attack,5.3981028059105735e-08
17786,normal,normal,0.9897827989326214
17787,normal,normal,0.9966674383982801
17788,attack,normal,0.9588871708487637
17789,attack,attack,4.761497753228464e-05
17790,attack,attack,0.010622972248717433
17791,attack,attack,0.0003591270103860044
17792,attack,attack,0.001722794269320491
17793,normal,normal,0.9950735169140666
17794,attack,attack,0.00019524256698865078
17795,attack,attack,0.05657670485296265
17796,attack,attack,0.000266740419301155
17797,attack,attack,0.20674459709747378
17798,attack,attack,0.001583885686497476
17799,normal,normal,0.9982179654886008
17800,attack,attack,0.00020282181875462486
17801,normal,normal,0.990778448873617
17802,attack,attack,3.668653561753397e-05
17803,attack,attack,2.2605704175098133e-05
17804,normal,normal,0.7664526423165122
17805,normal,attack,0.0035324407108772975
17806,attack,attack,4.0041111363276547e-07
17807,normal,normal,0.9973807410935033
17808,normal,normal,0.9996911276659138
17809,attack,attack,3.330766075488575e-06
17810,normal,normal,0.9920627139460912
17811,normal,normal,0.9592788033202475
17812,normal,normal,0.9855717587774302
17813,attack,normal,0.9981604539970411
17814,attack,normal,0.9999999686797337
17815,normal,normal,0.9979130402721222
17816,attack,attack,0.000748328978103468
17817,attack,attack,0.003768877295614045
17818,attack,attack,0.0011027444276706213
17819,attack,attack,6.239355966129633e-08
17820,normal,normal,0.9995536832484603
17821,normal,normal,0.9936760062674033
17822,attack,attack,0.0009735704564051279
17823,normal,normal,0.9970803669077569
17824,attack,normal,0.8152360122197072
17825,attack,normal,0.9987522388563004
17826,attack,normal,0.9937536779235363
17827,attack,attack,0.0050093440288984156
17828,normal,normal,0.9940608368638285
17829,normal,normal,0.9975479506586216
17830,attack,normal,0.999999881792873
17831,attack,attack,0.011938202082707159
17832,normal,normal,0.9931813348270662
17833,normal,normal,0.996992472587237
17834,normal,normal,0.999479932077553
17835,normal,normal,0.9937509635696749
17836,normal,normal,0.997570121939194
17837,normal,normal,0.9978853605002034
17838,normal,normal,0.9934624047384977
17839,normal,normal,0.9947259494875941
17840,normal,normal,0.9903648171816978
17841,normal,normal,0.9975713139370719
17842,attack,attack,0.001827288046981233
17843,attack,attack,0.0012190944980475275
17844,attack,normal,0.9977253046751237
17845,attack,attack,0.006457632819540192
17846,attack,normal,0.7944220692657136
17847,attack,attack,0.0299616057848979
17848,normal,normal,0.9887759170814849
17849,attack,attack,0.001960808685620352
17850,normal,normal,0.9904057807052362
17851,attack,normal,0.9897780125251897
17852,normal,normal,0.991312299581385
17853,normal,normal,0.9854502794106186
17854,attack,normal,0.934179230422985
17855,normal,normal,0.995204910772643
17856,normal,normal,0.9823230969854083
17857,attack,normal,0.9999999366796388
17858,attack,normal,0.994562900844736
17859,normal,normal,0.9832063846270741
17860,attack,attack,0.03658690593363679
17861,attack,attack,0.0003160121591375513
17862,normal,normal,0.9862149552414535
17863,normal,normal,0.9850891133624101
17864,normal,normal,0.997874713450387
17865,attack,attack,8.552768006955321e-05
17866,attack,attack,0.045658480567667456
17867,attack,attack,0.006656438910256228
17868,attack,attack,0.15768618101102583
17869,normal,normal,0.9999926699453718
17870,normal,normal,0.9955470417942542
17871,attack,attack,0.0012523205973554352
17872,attack,attack,2.3509709266566263e-05
17873,normal,normal,0.9900035998226239
17874,normal,normal,0.9851197391202785
17875,attack,attack,0.28529986618373676
17876,attack,attack,0.005866766477398418
17877,attack,normal,0.9957349849691681
17878,attack,attack,0.00023812312344262247
17879,attack,normal,0.9363683274901357
17880,normal,normal,0.9904090147445948
17881,attack,normal,0.9947722151705041
17882,normal,normal,0.9974908801710729
17883,attack,attack,0.034425578817994976
17884,attack,attack,0.09806522126812342
17885,normal,normal,0.9959751182950743
17886,normal,normal,0.942940179118598
17887,attack,normal,0.9989994586847011
17888,normal,normal,0.997031159961073
17889,attack,attack,0.0015859586006190677
17890,attack,attack,4.903590731790211e-08
17891,attack,attack,0.44719154682413365
17892,attack,normal,0.8932857388664847
17893,attack,attack,0.00015175745870256893
17894,attack,attack,6.359227095006874e-09
17895,attack,attack,0.0009972022100306558
17896,normal,normal,0.9857272223331938
17897,attack,attack,1.8374238197331902e-08
17898,normal,normal,0.9376151184827405
17899,normal,normal,0.9899791312973869
17900,normal,normal,0.9940002961768293
17901,attack,attack,2.463211046401073e-06
17902,attack,normal,0.9978375228160024
17903,attack,attack,6.544099705364599e-07
17904,attack,attack,0.32346369430129707
17905,attack,attack,1.4344429382412653e-07
17906,normal,normal,0.9869287411151146
17907,normal,normal,0.9994218679935273
17908,normal,normal,0.9964505739988287
17909,normal,normal,0.9909770795954294
17910,normal,normal,0.9968813157477135
17911,normal,normal,0.9903516627063869
17912,attack,normal,0.9975842386470126
17913,attack,attack,0.013899995824076743
17914,attack,attack,0.001996267730900283
17915,attack,normal,0.9849665325155336
17916,attack,normal,0.6849382111253803
17917,attack,attack,0.00024007929999273178
17918,attack,normal,0.9603730692694542
17919,attack,attack,0.24481561902826698
17920,attack,normal,0.9591903108620068
17921,attack,attack,1.0903086057150101e-05
17922,attack,attack,0.04491525291180608
17923,attack,attack,8.924742575790833e-06
17924,attack,normal,0.9999999717377231
17925,normal,normal,0.9970824743458716
17926,normal,normal,0.9144419340871067
17927,attack,attack,0.028165295272688868
17928,attack,attack,7.959958820886108e-07
17929,normal,normal,0.9958350047123778
17930,attack,normal,0.9973273392073936
17931,normal,normal,0.9981834384208005
17932,attack,attack,0.025952335547587
17933,attack,attack,0.03934852147230788
17934,normal,normal,0.9974400721677782
17935,attack,normal,0.7812777448897373
17936,normal,normal,0.9992692692523272
17937,attack,normal,0.9528894140067872
17938,attack,normal,0.5614295784246912
17939,attack,attack,1.4063932143730357e-07
17940,attack,attack,0.006441483261676338
17941,attack,attack,0.024209416622517244
17942,normal,normal,0.9360439902033885
17943,attack,normal,0.5205748220418057
17944,normal,normal,0.9956805808874423
17945,normal,normal,0.9968044329835513
17946,normal,normal,0.9994886307996168
17947,attack,normal,0.9969495604199125
17948,attack,attack,0.0002606866091606522
17949,normal,normal,0.9898187935343236
17950,normal,normal,0.994898990427283
17951,attack,attack,2.4774766749412563e-06
17952,normal,normal,0.993458282637617
17953,attack,attack,6.227801450899488e-07
17954,normal,normal,0.9979313399016997
17955,normal,normal,0.9861915209038662
17956,attack,normal,0.614503129785441
17957,attack,attack,0.0004857869559049014
17958,normal,normal,0.9870713799044318
17959,attack,attack,0.0009673117155686316
17960,attack,attack,0.0011962100059564847
17961,normal,normal,0.8327282985791162
17962,attack,normal,0.9983202930452189
17963,attack,normal,0.998269163996589
17964,attack,attack,0.00018235581926304807
17965,normal,normal,0.9856088032742494
17966,normal,normal,0.9975710396922172
17967,attack,attack,0.0021918977166225004
17968,attack,attack,0.06177016735621547
17969,attack,attack,8.716030226131076e-05
17970,normal,normal,0.9936832287749773
17971,attack,normal,0.9989886857653987
17972,attack,normal,0.9926846376965306
17973,normal,normal,0.9903911935697648
17974,normal,normal,0.5773132679873254
17975,attack,attack,0.00750592187893268
17976,normal,normal,0.9974787378100196
17977,attack,attack,3.1074022645473886e-07
17978,attack,attack,0.001196188530337483
17979,normal,normal,0.9998663245678644
17980,attack,normal,0.9353538550946602
17981,attack,attack,0.0650195738233713
17982,attack,attack,0.16564174340087565
17983,normal,attack,0.37581188464936344
17984,attack,attack,0.008410649546482525
17985,normal,normal,0.997109873463179
17986,attack,normal,0.8224036825228904
17987,attack,attack,0.0001867079783908799
17988,normal,attack,3.4731697818611255e-08
17989,normal,normal,0.9987208465578324
17990,normal,normal,0.9878002593512288
17991,normal,normal,0.9915162941215923
17992,attack,attack,0.0013014332689247783
17993,attack,attack,0.05903451347710016
17994,attack,attack,0.1500812210601891
17995,attack,attack,0.03768432214734273
17996,attack,attack,3.6804954137331923e-07
17997,attack,attack,0.0008272770561002056
17998,attack,normal,0.9347105735939217
17999,normal,normal,0.9882730812331981
18000,attack,normal,0.9962527271214927
18001,attack,attack,4.373783699380801e-07
18002,normal,normal,0.9944660695069917
18003,normal,normal,0.9905937563212477
18004,normal,normal,0.9892056557504066
18005,normal,normal,0.9965579096188714
18006,attack,normal,0.9985234289618318
18007,attack,attack,0.20380411956137634
18008,attack,normal,0.9999999286004464
18009,attack,attack,0.03549428267960386
18010,normal,normal,0.9964224993007991
18011,attack,normal,0.998777094209953
18012,attack,attack,0.004635651729099763
18013,normal,normal,0.9690591707702231
18014,normal,normal,0.9906484693644751
18015,attack,attack,5.251397661808543e-07
18016,normal,normal,0.9979200411784572
18017,attack,attack,2.6497114919655893e-07
18018,normal,normal,0.9887586997656038
18019,normal,normal,0.9913907218472259
18020,attack,normal,0.8028128673424734
18021,normal,normal,0.9010179630147545
18022,normal,normal,0.9897442743229837
18023,attack,normal,0.9968503303589971
18024,attack,normal,0.6241375247449141
18025,attack,normal,0.9482311993240335
18026,normal,normal,0.9308119164284112
18027,attack,normal,0.9249270158233175
18028,attack,attack,0.0024843425349220035
18029,attack,normal,0.7351591969542409
18030,attack,attack,0.004157512311195368
18031,normal,normal,0.9967181131851464
18032,normal,normal,0.9940277532156772
18033,attack,attack,0.03377970890062504
18034,normal,attack,0.003495369502951225
18035,attack,normal,0.9946722120765272
18036,normal,normal,0.9998292900076957
18037,attack,attack,8.226313473019166e-09
18038,attack,normal,0.9488921116605288
18039,normal,normal,0.9870094172565914
18040,attack,normal,0.9831601254790013
18041,normal,normal,0.9953378010019222
18042,normal,normal,0.9978210448566014
18043,attack,attack,0.0005682038784200103
18044,attack,attack,0.000235910744292826
18045,attack,normal,0.9999963828542509
18046,attack,normal,0.9981328785376223
18047,attack,attack,0.00026088986885178434
18048,normal,normal,0.9949820497255978
18049,attack,attack,4.4993191457377447e-07
18050,attack,attack,1.0876247093264905e-05
18051,normal,normal,0.995822963869791
18052,normal,normal,0.9727361473398823
18053,normal,normal,0.9959974038864258
18054,normal,normal,0.9980575531074675
18055,attack,attack,1.8274169409926041e-07
18056,normal,normal,0.9993904518230381
18057,attack,normal,0.907110130748475
18058,normal,normal,0.9897700019405647
18059,attack,attack,0.00041340990537271733
18060,attack,attack,5.483522892624629e-05
18061,normal,normal,0.9902458803516646
18062,attack,normal,0.999996533012029
18063,attack,attack,0.001960459186069861
18064,normal,normal,0.988537935300821
18065,attack,normal,0.9539284077219174
18066,normal,normal,0.9979997955320513
18067,normal,normal,0.9969942000852415
18068,normal,normal,0.9874377623183092
18069,attack,attack,0.028687089654531598
18070,attack,attack,8.099872284284236e-05
18071,normal,normal,0.9245619966335064
18072,attack,attack,0.027622946637210464
18073,normal,normal,0.9908679544019487
18074,normal,normal,0.9903068908367021
18075,attack,attack,0.00011837106576465957
18076,normal,normal,0.9955106191539085
18077,normal,normal,0.9872727273555416
18078,normal,normal,0.9967730670475498
18079,normal,normal,0.9973822663494656
18080,attack,attack,0.012287962779456287
18081,normal,normal,0.9870591703263364
18082,normal,normal,0.9877933857687403
18083,normal,normal,0.9974389168819165
18084,normal,normal,0.9907973649273953
18085,normal,normal,0.9725005346617106
18086,attack,attack,1.0316965199800938e-07
18087,normal,normal,0.9962668038947731
18088,attack,attack,6.069168546476479e-08
18089,attack,attack,0.4860043395060723
18090,normal,normal,0.9875120071145039
18091,normal,normal,0.999748076706076
18092,attack,attack,0.00029737790596826946
18093,normal,normal,0.9963905313629936
18094,attack,attack,2.6173408862884814e-05
18095,normal,normal,0.9906704326763494
18096,attack,attack,0.01874264542445037
18097,normal,normal,0.9968345748379833
18098,attack,attack,0.00956153517599172
18099,attack,attack,0.0008952949516292435
18100,attack,attack,0.3110136969712541
18101,normal,normal,0.999677619417661
18102,normal,normal,0.9942368968222841
18103,normal,normal,0.9869408042511011
18104,attack,attack,0.07067485615795006
18105,attack,normal,0.8632114313016613
18106,normal,normal,0.9826704628968767
18107,normal,attack,0.01489901093274651
18108,normal,normal,0.9893166223676476
18109,normal,normal,0.9908835149731723
18110,normal,normal,0.9870801773518489
18111,attack,normal,0.9987330444947661
18112,normal,normal,0.985311734109675
18113,attack,attack,0.06952499041075236
18114,normal,normal,0.9951463250733473
18115,normal,normal,0.996957661662652
18116,attack,attack,0.00018686284454180277
18117,attack,attack,0.0001561586330457525
18118,normal,normal,0.9968626501895567
18119,normal,normal,0.993229656450889
18120,attack,normal,0.9930780555670594
18121,normal,normal,0.9821695470273013
18122,normal,normal,0.9995703918886464
18123,attack,attack,0.06538268032200278
18124,attack,normal,0.9999986179413972
18125,attack,normal,0.9938855834805633
18126,attack,attack,3.8647569203363514e-07
18127,attack,normal,0.9956057114846036
18128,attack,attack,0.005657138492183912
18129,normal,normal,0.9995798690280869
18130,normal,normal,0.9993098789794708
18131,normal,normal,0.99699487801193
18132,normal,normal,0.9930221766311892
18133,normal,normal,0.997168555441034
18134,attack,attack,0.00010204355857882614
18135,attack,normal,0.9944742414803673
18136,attack,attack,0.0002507862647497166
18137,attack,attack,0.17506730656348812
18138,normal,normal,0.9869792846022352
18139,attack,attack,0.0007972200006946358
18140,attack,normal,0.9354707759307328
18141,attack,attack,0.0011379399320883797
18142,normal,normal,0.9940829385374184
18143,attack,normal,0.7802163296226368
18144,normal,normal,0.9982741675461435
18145,normal,normal,0.9898647032546719
18146,normal,normal,0.9872760483828333
18147,normal,normal,0.9973322197867338
18148,attack,normal,0.7740893088492479
18149,attack,attack,0.009074270102283353
18150,normal,normal,0.987166835020972
18151,attack,normal,0.9814203961785237
18152,attack,attack,0.0004414668324697187
18153,normal,normal,0.9909003263207826
18154,normal,normal,0.9739047519873825
18155,normal,normal,0.9980969214951598
18156,attack,attack,0.00014690246989209856
18157,attack,attack,0.037459383804769764
18158,attack,normal,0.9987478996085694
18159,attack,normal,0.9864682830306348
18160,attack,attack,0.002271746292802118
18161,attack,attack,0.0001424910560341689
18162,normal,normal,0.9985031197156922
18163,attack,normal,0.9346219135803279
18164,normal,normal,0.9950959869263395
18165,attack,normal,0.7737453438985054
18166,attack,attack,5.37720971452884e-07
18167,attack,attack,0.0001420312437408136
18168,normal,normal,0.9990493556821886
18169,attack,normal,0.9967528915950792
18170,attack,attack,0.07785264176581576
18171,attack,normal,0.770196019830206
18172,normal,normal,0.9981576638145253
18173,normal,normal,0.9912812628230129
18174,attack,normal,0.9341804172587516
18175,normal,normal,0.9967336376411062
18176,attack,attack,0.00019156180077489827
18177,normal,normal,0.997613219071016
18178,normal,normal,0.9925875719931736
18179,normal,normal,0.9969248285391541
18180,attack,attack,0.005378714128953396
18181,normal,normal,0.9979723848993598
18182,attack,attack,0.0009804011272978265
18183,attack,normal,0.9960629936711569
18184,attack,attack,0.0001950846823051116
18185,attack,attack,2.127888562238771e-05
18186,attack,attack,0.00031816021186583244
18187,attack,normal,0.9986330601401996
18188,attack,attack,0.014046554530255198
18189,attack,normal,0.9510472810644515
18190,normal,normal,0.9804526057556184
18191,normal,normal,0.9969602165340496
18192,normal,normal,0.9849613798654361
18193,attack,attack,0.004584431881767329
18194,attack,normal,0.9999996081984351
18195,attack,attack,8.21306599773722e-05
18196,attack,normal,0.9724063883426459
18197,normal,normal,0.9897876941538991
18198,normal,normal,0.9912231470048871
18199,attack,normal,0.9990678357894642
18200,normal,normal,0.9972825608908803
18201,attack,normal,0.9867859870518372
18202,attack,attack,0.0005657964432026424
18203,normal,normal,0.9963457531036759
18204,attack,attack,0.0013996161467692042
18205,normal,normal,0.9979465783443774
18206,attack,attack,0.009626517498113689
18207,normal,normal,0.9968017838014434
18208,attack,normal,0.5614791406111588
18209,attack,attack,9.306108212318427e-05
18210,normal,normal,0.9857921265880393
18211,attack,attack,3.463426849398888e-07
18212,normal,attack,0.005790978965261167
18213,attack,attack,0.0018758426192189517
18214,attack,attack,0.005928855449455979
18215,attack,attack,0.00027771597891456534
18216,attack,attack,0.04675991967720951
18217,attack,attack,0.13796247006588241
18218,normal,normal,0.9885195662406187
18219,attack,normal,0.9999999707016911
18220,attack,normal,0.9951531774512895
18221,normal,normal,0.9881308502049867
18222,attack,attack,3.4186370936097804e-05
18223,normal,normal,0.9727257392509647
18224,attack,normal,0.9999995839039891
18225,attack,attack,0.15408648367796507
18226,normal,normal,0.9905971874371281
18227,attack,attack,0.4436000653769589
18228,attack,normal,0.9979870565693871
18229,attack,attack,6.683721399708411e-06
18230,normal,normal,0.9675611900064806
18231,attack,normal,0.8670409125893194
18232,attack,normal,0.9986778700871526
18233,attack,attack,0.48849488603761604
18234,attack,normal,0.996265579168575
18235,attack,normal,0.9739858456132857
18236,normal,normal,0.9865783642739501
18237,attack,attack,0.005353139940158487
18238,attack,normal,0.9957529443060691
18239,normal,normal,0.9867711246995442
18240,normal,normal,0.9961415351682081
18241,attack,attack,0.007080985277735567
18242,normal,normal,0.9996866315023162
18243,normal,normal,0.9965111403978438
18244,normal,normal,0.9902063776215417
18245,attack,attack,7.402902318882364e-08
18246,attack,attack,1.0113222333143102e-06
18247,normal,normal,0.988814377592067
18248,attack,attack,3.7695006547794774e-05
18249,attack,attack,0.06475824226217075
18250,normal,normal,0.9976802786223434
18251,attack,attack,6.23385592778634e-08
18252,attack,normal,0.9352120493000767
18253,normal,normal,0.9870058086624365
18254,attack,attack,0.04105132039794954
18255,normal,normal,0.9964652053786035
18256,normal,normal,0.9999996914268188
18257,normal,normal,0.9747640599035202
18258,attack,attack,0.0008251506534680147
18259,attack,normal,0.9999998883837842
18260,normal,normal,0.9970634708779652
18261,attack,attack,0.002333635846206192
18262,attack,attack,0.045480319755188625
18263,attack,attack,4.5097921138436076e-08
18264,attack,attack,0.01655760661822411
18265,attack,normal,0.874562156975024
18266,attack,attack,0.0004845650950716489
18267,attack,attack,0.01715066702504774
18268,normal,normal,0.9921205998052859
18269,attack,normal,0.9986464505307893
18270,attack,normal,0.6577665379892544
18271,attack,attack,0.004653109501918832
18272,normal,normal,0.9997822550099903
18273,normal,normal,0.989409521359916
18274,normal,normal,0.9903027971813209
18275,attack,attack,0.2422646634186189
18276,normal,normal,0.9897538604285999
18277,attack,normal,0.9999999344897054
18278,attack,attack,5.590540893499584e-05
18279,normal,attack,3.195712071152423e-08
18280,normal,normal,0.9870219160814907
18281,normal,normal,0.9972084159584399
18282,attack,attack,0.00027364077529232054
18283,normal,normal,0.9863675379523007
18284,normal,normal,0.9997245907799096
18285,attack,attack,5.192625415662197e-07
18286,attack,attack,5.912730206443038e-08
18287,normal,normal,0.9982817849122462
18288,normal,normal,0.9854289155713437
18289,attack,normal,0.9986133521149458
18290,attack,attack,0.00021543868540424097
18291,normal,attack,0.020298147893855412
18292,normal,normal,0.9905810263341297
18293,normal,normal,0.9964071756169167
18294,attack,normal,0.9970131510392858
18295,attack,normal,0.7275069304873684
18296,attack,attack,1.1698278138286936e-07
18297,normal,normal,0.9893131660121848
18298,normal,normal,0.9900992151690502
18299,attack,attack,0.0018785142546458287
18300,normal,normal,0.9974825243459596
18301,attack,normal,0.9369963784952704
18302,normal,normal,0.9899924435458681
18303,attack,normal,0.7801422736681698
18304,normal,normal,0.9865892373938425
18305,normal,normal,0.9997440971725139
18306,normal,normal,0.9993504924828446
18307,normal,normal,0.9892005144658981
18308,attack,normal,0.9999991591556716
18309,normal,normal,0.9863814049876555
18310,attack,attack,0.00713881214070755
18311,attack,normal,0.9955958347843663
18312,attack,normal,0.99093856947133
18313,attack,normal,0.9989109774394472
18314,attack,normal,0.9907024460938338
18315,attack,normal,0.5641705944223789
18316,attack,normal,0.9359912222765764
18317,normal,normal,0.9999191265905013
18318,attack,attack,0.4250622751194725
18319,attack,attack,4.0854740225652233e-07
18320,attack,attack,0.006339718450288226
18321,normal,normal,0.9899803210220992
18322,normal,normal,0.9875341382458754
18323,normal,normal,0.9974457323296763
18324,attack,normal,0.9965744448555488
18325,normal,normal,0.980892795631993
18326,attack,normal,0.9963681151432764
18327,attack,attack,0.0010716192027194912
18328,attack,attack,1.0006379330645229e-07
18329,normal,normal,0.9864478586873762
18330,normal,attack,0.006159614367049926
18331,attack,attack,0.025672737310230273
18332,attack,normal,0.7444499954393562
18333,attack,attack,0.0015479778007950018
18334,attack,attack,0.010014022710660974
18335,attack,attack,3.510860844864739e-06
18336,attack,attack,0.08726316762813502
18337,attack,attack,4.4726275467094166e-08
18338,normal,normal,0.9926111303415267
18339,normal,normal,0.9905101383027083
18340,normal,attack,0.411434439371578
18341,attack,attack,0.0010212394326101796
18342,normal,normal,0.9969912175639374
18343,normal,normal,0.9967592445257308
18344,normal,normal,0.9998394400931574
18345,attack,normal,0.9141069349589607
18346,normal,attack,0.0036077843666813703
18347,attack,normal,0.7703174738076635
18348,attack,attack,0.00014118273415188369
18349,normal,normal,0.9604469745816403
18350,attack,attack,0.005507499047784854
18351,attack,normal,0.9527992039422982
18352,normal,normal,0.9894647531860205
18353,attack,attack,0.339892793469558
18354,normal,normal,0.9953948472774865
18355,attack,attack,3.1378738150637306e-07
18356,normal,normal,0.9963784661170272
18357,normal,normal,0.9971938951946872
18358,normal,normal,0.9997260315662829
18359,attack,attack,0.0630473846538559
18360,attack,attack,0.0003134526525600377
18361,attack,attack,0.033602622413625535
18362,attack,normal,0.8258719902714303
18363,normal,normal,0.9979611871463704
18364,normal,normal,0.8449000806320787
18365,normal,normal,0.9960542430842231
18366,normal,normal,0.9906989915102862
18367,normal,normal,0.9981744664003687
18368,normal,normal,0.9860473897607591
18369,attack,attack,3.028445400242687e-07
18370,normal,attack,0.0053539246427015364
18371,attack,normal,0.7170782947537143
18372,normal,normal,0.9892356534151489
18373,normal,normal,0.9980620186668437
18374,normal,normal,0.9990198175343495
18375,attack,attack,0.006654803083405056
18376,attack,normal,0.9331264428482177
18377,attack,attack,0.0021120646361510176
18378,normal,normal,0.9931094378320799
18379,attack,normal,0.9984943878792525
18380,attack,normal,0.9988048607403411
18381,attack,attack,4.505452256928459e-05
18382,normal,normal,0.9853035063764936
18383,attack,attack,4.429916057208055e-05
18384,attack,attack,0.0013047131335092133
18385,attack,attack,0.4541277806891284
18386,normal,normal,0.990097245872085
18387,attack,attack,0.003808292041017164
18388,normal,attack,0.0054106118751662425
18389,attack,attack,0.0014376940800650008
18390,normal,attack,0.003532439076093459
18391,attack,attack,0.0045660001875904785
18392,normal,normal,0.9997228443726655
18393,attack,normal,0.9999994385481247
18394,attack,attack,0.0019860336047894623
18395,attack,attack,0.0016844575861788137
18396,attack,attack,2.744316496684129e-06
18397,attack,attack,0.0009337237105239017
18398,normal,normal,0.9964815796204199
18399,normal,normal,0.9976652488813842
18400,normal,normal,0.9956136628293778
18401,attack,normal,0.9348249250119606
18402,normal,normal,0.9970733047261509
18403,normal,normal,0.9904439270610791
18404,normal,normal,0.9953644194734464
18405,normal,normal,0.7482431439190209
18406,attack,attack,0.0013739595434768867
18407,normal,normal,0.9893498258889314
18408,attack,attack,0.0001248238590756864
18409,attack,attack,0.3029676741646935
18410,attack,normal,0.9996751935790431
18411,attack,normal,0.9986543891344928
18412,attack,normal,0.9985831681013586
18413,attack,normal,0.999999970906094
18414,attack,attack,0.019940567412895262
18415,normal,normal,0.9976145752313974
18416,normal,attack,0.036774606858735376
18417,attack,normal,0.999010948265423
18418,normal,normal,0.9956273807819845
18419,normal,normal,0.9972657773095023
18420,normal,normal,0.9996531827982303
18421,normal,normal,0.7870326135887273
18422,normal,normal,0.9902017069066337
18423,normal,normal,0.9951112582537226
18424,normal,normal,0.9907781762776442
18425,attack,normal,0.9333807767956155
18426,normal,normal,0.9888430711244018
18427,attack,normal,0.9999966234097429
18428,normal,normal,0.9896260730490453
18429,attack,normal,0.9354107451659301
18430,attack,attack,6.314270927952446e-07
18431,normal,normal,0.9865778609296763
18432,normal,attack,0.07571774244073973
18433,normal,normal,0.9963317828042655
18434,attack,attack,0.33274057261767115
18435,normal,normal,0.9977134748894256
18436,normal,normal,0.9934743054398214
18437,normal,normal,0.9992243072074024
18438,attack,attack,0.00019184164230392779
18439,attack,attack,1.1685598356229548e-06
18440,attack,normal,0.9763945008739884
18441,attack,attack,2.5440275751757996e-07
18442,normal,normal,0.9970673263097953
18443,normal,normal,0.9962338647655017
18444,attack,normal,0.976970865971231
18445,normal,normal,0.912857902022686
18446,normal,normal,0.9905056931934881
18447,normal,normal,0.9930037866284235
18448,attack,normal,0.9989993792498599
18449,attack,attack,0.0001519742546973498
18450,attack,attack,0.06951195789407162
18451,normal,normal,0.9981130047797674
18452,attack,attack,4.159356474157293e-08
18453,normal,normal,0.9893861192521073
18454,attack,normal,0.7445278582342211
18455,attack,attack,0.0007055097000095428
18456,normal,normal,0.9847284883404359
18457,attack,attack,0.0012210072649062797
18458,normal,normal,0.9893434550042035
18459,normal,normal,0.9993888260565846
18460,normal,attack,0.005914207290949572
18461,attack,attack,0.03125649193923651
18462,attack,attack,0.31352693278170957
18463,normal,normal,0.9966466706804584
18464,normal,normal,0.9956005436503741
18465,attack,normal,0.9999994507239298
18466,attack,normal,0.9951225596746442
18467,attack,normal,0.9930708689940384
18468,normal,normal,0.9870736233554592
18469,normal,normal,0.9986350287275714
18470,attack,normal,0.9906037945895971
18471,attack,normal,0.999999923889656
18472,attack,attack,0.0017312869867104513
18473,attack,normal,0.9051283230487535
18474,normal,normal,0.9993913943130535
18475,attack,attack,4.534137491079314e-07
18476,attack,normal,0.9961618700398291
18477,attack,attack,2.1983166669700466e-06
18478,normal,normal,0.9950323107549315
18479,attack,attack,0.19534971225561842
18480,normal,normal,0.997816020694128
18481,normal,attack,0.013192358768475939
18482,attack,normal,0.9770318114417744
18483,normal,normal,0.9953517634223688
18484,attack,normal,0.9463534927389038
18485,attack,attack,0.4908305330279765
18486,normal,normal,0.9351544843597767
18487,attack,attack,0.01576311860921531
18488,attack,normal,0.5557812374140163
18489,attack,normal,0.999999914120171
18490,normal,normal,0.9468762223649803
18491,attack,attack,0.00014979064860128267
18492,attack,normal,0.9996487841345156
18493,attack,attack,0.0002774048434960822
18494,attack,normal,0.9977307075444997
18495,normal,normal,0.9955920224132738
18496,normal,normal,0.9871968294032456
18497,normal,normal,0.9961064645577209
18498,attack,normal,0.9366192660113251
18499,attack,attack,3.774101810133988e-07
18500,attack,attack,8.57172647533159e-07
18501,attack,normal,0.9989753663617281
18502,normal,normal,0.9965334570215909
18503,attack,normal,0.9862332576369106
18504,normal,normal,0.9978602759244155
18505,attack,attack,0.00038058659109313584
18506,normal,normal,0.9994743792879583
18507,attack,attack,0.00011530825168378062
18508,normal,attack,0.005621731470688734
18509,normal,attack,0.006532721309175303
18510,attack,normal,0.8027663022867866
18511,normal,normal,0.9998629755047155
18512,attack,attack,3.257298775962715e-07
18513,normal,normal,0.9977555447316324
18514,normal,attack,0.005457382802831369
18515,normal,normal,0.9904890188916902
18516,attack,attack,0.001904797779257128
18517,attack,attack,0.019965136464714706
18518,normal,normal,0.9975236626010736
18519,attack,normal,0.7796398774451267
18520,attack,attack,0.0914223929597078
18521,normal,normal,0.9954072280578591
18522,attack,normal,0.9973843711722478
18523,normal,normal,0.9972617628033799
18524,normal,normal,0.99984199824492
18525,attack,normal,0.9984414566060903
18526,normal,normal,0.9976052597034707
18527,attack,attack,0.02068865672967901
18528,normal,normal,0.997665008709716
18529,attack,normal,0.995991879453392
18530,normal,normal,0.9876278385061096
18531,attack,attack,0.007828857014373495
18532,attack,attack,0.00012881016154291935
18533,attack,normal,0.999999986701154
18534,attack,attack,0.019660657778536348
18535,normal,normal,0.9972655698864412
18536,attack,attack,0.0002404146306720485
18537,attack,attack,0.001297975987002243
18538,attack,normal,0.9988174350486619
18539,attack,attack,1.3282186313571501e-06
18540,attack,attack,2.65760892697406e-07
18541,normal,normal,0.9964474863379629
18542,attack,normal,0.7625124866011745
18543,attack,normal,0.7704933265703419
18544,attack,normal,0.9991840470607408
18545,normal,normal,0.9978400343758468
18546,normal,normal,0.9968954169349079
18547,normal,normal,0.999840106558092
18548,attack,attack,0.00013756923802803016
18549,attack,attack,7.657462770307142e-05
18550,normal,normal,0.9879389727392603
18551,attack,normal,0.9990151265903346
18552,attack,attack,0.013260814217167486
18553,attack,attack,0.001288298008531509
18554,attack,normal,0.9985989358479368
18555,attack,attack,0.0002748471893555869
18556,normal,normal,0.9982087858676447
18557,attack,attack,0.017228544785272443
18558,normal,normal,0.9978799008777139
18559,attack,normal,0.9646522123369532
18560,attack,attack,0.1424158003789192
18561,attack,attack,0.0647352829649351
18562,normal,normal,0.9971636434520739
18563,normal,normal,0.9997637677052285
18564,attack,attack,6.167192275503694e-05
18565,attack,attack,0.0021824120216607573
18566,attack,attack,0.0015141615115155309
18567,attack,attack,0.000974235404798779
18568,normal,normal,0.9889406399457634
18569,attack,attack,6.360266765150337e-08
18570,attack,normal,0.9999999727831613
18571,normal,normal,0.9883092927857844
18572,normal,attack,0.004816123989341202
18573,attack,attack,0.00015667921510944776
18574,normal,normal,0.9887628034854301
18575,attack,attack,0.005881994344889699
18576,normal,normal,0.9948686247033401
18577,attack,normal,0.9496457602923731
18578,normal,normal,0.9980899523309631
18579,normal,normal,0.9864826252506217
18580,normal,normal,0.9982171300428998
18581,normal,normal,0.9979982921653793
18582,attack,attack,0.03275908330859398
18583,normal,normal,0.8841083781124033
18584,attack,attack,1.4210246765816393e-06
18585,attack,attack,0.0886725894176169
18586,attack,attack,0.0004926139377507757
18587,attack,normal,0.942858328088811
18588,attack,normal,0.8201364276787257
18589,normal,normal,0.997862079054844
18590,normal,normal,0.997599783631635
18591,normal,normal,0.9839699467038481
18592,attack,attack,0.0014128963349891277
18593,attack,normal,0.9376186395477191
18594,normal,normal,0.999840891075682
18595,normal,normal,0.9910926164554948
18596,attack,normal,0.9826287420487045
18597,normal,normal,0.9976357996066026
18598,attack,normal,0.9958726165282578
18599,attack,attack,1.4279149796548622e-07
18600,attack,attack,0.22705419162808882
18601,normal,normal,0.9965161590826633
18602,normal,normal,0.99729518261859
18603,normal,normal,0.9904060206458063
18604,attack,attack,0.001147501810656365
18605,attack,attack,0.006204770136587792
18606,normal,normal,0.9955437367351437
18607,normal,normal,0.9878927598631647
18608,attack,normal,0.9471043554487795
18609,normal,normal,0.986832817177215
18610,normal,attack,0.0049502323378165436
18611,attack,normal,0.9999999253497764
18612,normal,normal,0.9731834146604968
18613,attack,normal,0.7766883195598407
18614,normal,normal,0.9908999153063964
18615,attack,attack,0.00014317544796728826
18616,normal,normal,0.9944266501918044
18617,normal,normal,0.9974915007368514
18618,attack,attack,4.369240269948888e-07
18619,attack,normal,0.9972402907507255
18620,attack,normal,0.9548503152609089
18621,attack,normal,0.8049769056013866
18622,attack,attack,0.019545448916177637
18623,attack,attack,0.0016172448186321641
18624,normal,normal,0.9930697878541909
18625,attack,normal,0.9353538426831084
18626,normal,normal,0.9923971225116348
18627,attack,normal,0.9967165849293153
18628,attack,attack,0.0034802776559923264
18629,normal,normal,0.9978367171743184
18630,attack,normal,0.9583957960524597
18631,attack,attack,0.001710209912884311
18632,normal,normal,0.9998153107346615
18633,normal,normal,0.9908656965443129
18634,normal,normal,0.9963058014437839
18635,attack,normal,0.7930825795420812
18636,attack,attack,0.00010039860056599428
18637,normal,normal,0.9868248309766314
18638,attack,attack,0.39605932585053655
18639,normal,normal,0.990308845972742
18640,normal,normal,0.9892317726215349
18641,attack,normal,0.9988663563922756
18642,normal,normal,0.9807926280162829
18643,attack,attack,0.017099354787569025
18644,normal,normal,0.9945092347847597
18645,normal,normal,0.9894559430182033
18646,attack,normal,0.9999998873990288
18647,normal,normal,0.9529762384418523
18648,normal,normal,0.9940559581588392
18649,attack,attack,0.0010803083291065997
18650,normal,normal,0.9884766829374064
18651,attack,attack,0.10871269790129909
18652,attack,attack,0.043208292137212674
18653,normal,normal,0.9899959909847391
18654,attack,normal,0.9955966676898435
18655,normal,normal,0.9980370352647454
18656,attack,normal,0.5579518823798079
18657,normal,normal,0.8546841193907972
18658,attack,attack,0.0002683336342930133
18659,normal,normal,0.9359886121499775
18660,normal,normal,0.7035028025169509
18661,normal,normal,0.9889060254203903
18662,attack,normal,0.935353838545924
18663,normal,normal,0.9982051919515654
18664,attack,attack,7.316908278292742e-07
18665,attack,normal,0.936047597991863
18666,attack,attack,0.00314330863937901
18667,attack,normal,0.5736723143128375
18668,attack,normal,0.9977042040043549
18669,normal,normal,0.9947634408195858
18670,attack,normal,0.9984238612467683
18671,normal,normal,0.9905014704407419
18672,normal,normal,0.9932830260164022
18673,attack,attack,0.007472506563639441
18674,normal,normal,0.98676764352584
18675,normal,normal,0.996245855525122
18676,normal,normal,0.9878962616744561
18677,attack,attack,0.00142272409275358
18678,normal,normal,0.9977631071031449
18679,normal,normal,0.9937020030863831
18680,attack,attack,0.001238596305081296
18681,normal,normal,0.9901878539923413
18682,attack,attack,0.002000660019999713
18683,attack,normal,0.9999997630557917
18684,normal,normal,0.994080224707925
18685,normal,normal,0.9373002950404978
18686,attack,attack,0.00024053805791617575
18687,attack,normal,0.9937103049267718
18688,attack,attack,4.891330608000166e-07
18689,normal,normal,0.9942085375464949
18690,normal,normal,0.9956401197860308
18691,attack,normal,0.9971699992674318
18692,normal,normal,0.9836593919664491
18693,normal,normal,0.9865729208611304
18694,attack,normal,0.9987663425361653
18695,normal,normal,0.9990334596001074
18696,attack,attack,1.89409015133159e-05
18697,attack,attack,0.029868684429151054
18698,attack,normal,0.8105174570898189
18699,normal,normal,0.9998699666916504
18700,attack,normal,0.9973873352320565
18701,attack,attack,8.687068353708816e-05
18702,normal,normal,0.9977760821015839
18703,normal,normal,0.9996869352177187
18704,normal,normal,0.9985189555142376
18705,attack,normal,0.8995898333300941
18706,attack,attack,0.0011686044088529519
18707,attack,attack,0.0003554135853842567
18708,attack,attack,0.0009336427768213678
18709,normal,normal,0.9639359718965809
18710,attack,attack,0.2705108616874895
18711,normal,attack,0.004704690192174222
18712,normal,normal,0.9903050066747844
18713,normal,normal,0.9995017170086476
18714,attack,normal,0.9441725328243442
18715,attack,attack,0.0033447069741281508
18716,normal,normal,0.9930537003343184
18717,attack,normal,0.935410741032136
18718,attack,attack,0.0004486992509395721
18719,normal,normal,0.9866723021308519
18720,attack,attack,4.025154586824537e-07
18721,normal,normal,0.9995915233596557
18722,attack,normal,0.9952023689451303
18723,normal,normal,0.9907040940369944
18724,normal,normal,0.999842427910666
18725,normal,normal,0.9943668134093188
18726,attack,normal,0.9842478579704403
18727,attack,attack,0.0013627742083929023
18728,attack,attack,0.00014112851315982322
18729,attack,attack,0.0001565525101493449
18730,attack,attack,0.00020944005090768467
18731,attack,attack,4.200918984539138e-07
18732,normal,normal,0.9992574299580202
18733,attack,attack,0.00017579061146123082
18734,attack,attack,0.00013022891453000527
18735,normal,normal,0.9920831006422217
18736,normal,normal,0.9995122997901926
18737,attack,normal,0.9999999686795548
18738,attack,normal,0.9987189555986068
18739,attack,attack,0.02779483811519319
18740,attack,normal,0.9163819532421261
18741,normal,attack,0.00626987307599047
18742,attack,attack,5.642893011621345e-08
18743,attack,normal,0.9329250578321973
18744,attack,attack,2.1835831821119455e-05
18745,attack,normal,0.9995314332233404
18746,attack,normal,0.9994306009368911
18747,normal,normal,0.9340325798087398
18748,normal,normal,0.9899041085548239
18749,attack,attack,0.08959080752533724
18750,normal,normal,0.9908998185913417
18751,normal,normal,0.995296052962786
18752,normal,normal,0.9981291882615648
18753,attack,normal,0.8378107129272995
18754,normal,normal,0.9970236683998711
18755,attack,normal,0.5727278616095539
18756,attack,attack,0.013070049287537282
18757,normal,normal,0.9866060709406839
18758,attack,attack,0.001865503063959219
18759,attack,attack,0.00042245200974691446
18760,attack,attack,0.14371978606638378
18761,attack,attack,0.0007063172412004997
18762,attack,normal,0.8257094584798438
18763,attack,attack,0.0001908056457226745
18764,attack,normal,0.7204168640348234
18765,attack,normal,0.9987930232004127
18766,normal,attack,0.0073086971200617456
18767,attack,attack,0.002298164178343491
18768,normal,normal,0.9908998233867805
18769,attack,normal,0.9974314660854249
18770,normal,normal,0.9851047728764035
18771,attack,attack,0.0003923076885286289
18772,attack,normal,0.9863078066045902
18773,attack,attack,0.42782198686586353
18774,normal,normal,0.9904176538800282
18775,normal,attack,1.9573252990603636e-08
18776,attack,attack,2.447909521044303e-06
18777,normal,normal,0.9932906079772871
18778,normal,normal,0.9978231696303893
18779,attack,attack,0.055480741590101884
18780,normal,normal,0.9998703029743845
18781,normal,normal,0.9948428995186761
18782,attack,attack,0.0032873427595034883
18783,attack,attack,0.0012393970488212068
18784,normal,normal,0.9967447226905681
18785,attack,attack,0.0014836163175507653
18786,attack,attack,0.002505431802037411
18787,attack,attack,0.0015966706678077517
18788,attack,attack,1.3563159181806374e-06
18789,attack,attack,0.0015186797423860556
18790,attack,attack,0.21082599171570596
18791,normal,normal,0.9942727258415403
18792,attack,attack,0.016366155975148795
18793,attack,normal,0.997984864932502
18794,attack,attack,0.00017509602098830427
18795,attack,normal,0.9977917565325956
18796,normal,normal,0.9875596310313576
18797,attack,normal,0.9990109987672147
18798,attack,attack,0.001775658966341313
18799,attack,attack,0.04382285308643944
18800,normal,normal,0.9979697189156291
18801,attack,attack,0.1379343684898806
18802,normal,normal,0.9977223536771386
18803,normal,normal,0.9997392087599954
18804,normal,normal,0.9937849325502329
18805,normal,normal,0.9978504238311631
18806,attack,normal,0.9970809597693067
18807,attack,attack,3.088305439528158e-08
18808,attack,attack,5.047748540436764e-06
18809,attack,normal,0.823425147404141
18810,attack,attack,0.019821277253090762
18811,attack,attack,0.000910471584219972
18812,attack,attack,1.940991381350398e-07
18813,normal,normal,0.9967042892266454
18814,attack,attack,0.03698161747026387
18815,attack,normal,0.9699106503555566
18816,normal,normal,0.9891067340201443
18817,attack,normal,0.9980173041374124
18818,attack,attack,0.0007285685796855565
18819,attack,attack,4.942235231210565e-05
18820,attack,attack,0.025406225909447147
18821,attack,normal,0.6495542531428333
18822,attack,normal,0.9354696960521924
18823,normal,normal,0.9989905707451108
18824,attack,attack,7.499622461217666e-07
18825,normal,normal,0.9872536035692112
18826,attack,attack,0.00031544199828926345
18827,normal,normal,0.9992779908082714
18828,normal,attack,2.900120370857154e-07
18829,normal,normal,0.9875503408666906
18830,attack,attack,3.254560897458986e-05
18831,normal,normal,0.9975047581614543
18832,attack,normal,0.9976434824381444
18833,normal,normal,0.9864360630247012
18834,attack,normal,0.9936585647658099
18835,attack,attack,6.270544972478297e-05
18836,attack,normal,0.9999998615283142
18837,attack,attack,0.00029579516811808267
18838,attack,normal,0.7221323345487358
18839,normal,normal,0.9960865886771565
18840,attack,normal,0.8946938167812027
18841,attack,attack,2.9647158061646185e-05
18842,attack,attack,6.132865224447098e-06
18843,normal,normal,0.9906093746605068
18844,normal,normal,0.9972254501273957
18845,normal,normal,0.997616861423727
18846,attack,attack,0.01875911526750998
18847,attack,attack,4.105736001755596e-06
18848,attack,normal,0.6203978498651548
18849,attack,attack,1.4941458653135231e-05
18850,attack,attack,0.003411864862169102
18851,attack,attack,0.0001471509435785738
18852,normal,attack,0.00182939751715136
18853,attack,attack,0.0029250971417616764
18854,attack,normal,0.999471748675107
18855,attack,attack,5.79048716509344e-05
18856,normal,attack,0.004055385742886201
18857,normal,normal,0.9842047192626517
18858,attack,attack,0.000101978879410725
18859,attack,normal,0.9908462654353214
18860,normal,normal,0.9856558828175117
18861,normal,normal,0.99715050659892
18862,normal,normal,0.9885357517198111
18863,attack,attack,0.004273849851091195
18864,normal,attack,0.28601799203151856
18865,normal,normal,0.999299206725488
18866,normal,attack,0.08339173147997743
18867,attack,attack,0.04515743505304991
18868,normal,normal,0.9975516054593516
18869,attack,normal,0.9913582788868336
18870,attack,normal,0.9985350341563621
18871,attack,attack,3.775576398678414e-05
18872,attack,normal,0.8907022772450593
18873,attack,normal,0.9348285789065723
18874,attack,attack,0.4527977254586666
18875,normal,normal,0.9970861924102081
18876,attack,attack,0.0010482404578334523
18877,attack,attack,7.233706969213464e-08
18878,attack,attack,0.02826529416389158
18879,normal,normal,0.9965976798400539
18880,normal,normal,0.9976143242048849
18881,attack,attack,0.00017106090636431637
18882,attack,normal,0.8080623571021381
18883,attack,normal,0.9950659623699731
18884,normal,normal,0.9556653081900358
18885,attack,normal,0.9985579724154632
18886,attack,normal,0.9991140654352133
18887,normal,normal,0.9367558011732297
18888,normal,normal,0.9995351021637062
18889,normal,normal,0.9906075581522013
18890,attack,attack,0.0009928527458067575
18891,attack,attack,0.0012630622228211733
18892,normal,normal,0.9888048982664641
18893,normal,normal,0.9987499906181032
18894,normal,normal,0.9969224632677481
18895,attack,normal,0.8192225929576937
18896,normal,normal,0.8856550984464968
18897,normal,normal,0.996907161127104
18898,attack,normal,0.883080402929333
18899,attack,attack,0.00013780192748084715
18900,attack,normal,0.7152326154404982
18901,normal,normal,0.9977631950879976
18902,attack,attack,0.00020055401503606102
18903,normal,normal,0.9965108537167116
18904,attack,normal,0.998481326568162
18905,normal,normal,0.9981013347592388
18906,normal,normal,0.9908044038760192
18907,attack,attack,0.00022982871608729394
18908,attack,normal,0.7669802751978169
18909,attack,normal,0.9984702593595335
18910,attack,attack,4.465331769519925e-05
18911,attack,normal,0.9955527732111139
18912,normal,normal,0.9974946072629414
18913,attack,normal,0.9999997243867869
18914,normal,normal,0.9918518680953963
18915,normal,normal,0.9884200996945082
18916,attack,attack,0.006046951594396946
18917,attack,attack,0.0402453354168023
18918,normal,normal,0.9861379864529455
18919,attack,attack,9.331943873269972e-08
18920,normal,normal,0.993611546587197
18921,attack,normal,0.9993465139912786
18922,normal,normal,0.9874091474856646
18923,attack,attack,0.0010779362134757994
18924,normal,normal,0.9899945221337372
18925,attack,normal,0.5677184743205745
18926,attack,attack,0.00017618741477223984
18927,normal,normal,0.9966579422029309
18928,attack,normal,0.7724130261282326
18929,attack,attack,0.00825703368571965
18930,normal,normal,0.9593296936328114
18931,attack,normal,0.9999997869562026
18932,attack,normal,0.9957909705378057
18933,attack,attack,3.674215010836396e-06
18934,normal,normal,0.9937676342186844
18935,attack,attack,0.0011212608228755381
18936,attack,normal,0.9347679923732743
18937,attack,normal,0.7880813507536832
18938,normal,normal,0.9979880805267016
18939,normal,normal,0.9924324765108739
18940,normal,normal,0.9950334154228346
18941,normal,normal,0.9979191618551048
18942,attack,attack,0.01780892342885453
18943,normal,normal,0.9979618047389709
18944,attack,attack,0.0013167285133382667
18945,attack,attack,4.585198065340929e-07
18946,attack,attack,0.2749509514953636
18947,normal,normal,0.9938465893107494
18948,normal,normal,0.9316470568516317
18949,attack,attack,3.4769956118512616e-07
18950,normal,normal,0.9966274088062662
18951,attack,attack,7.256418135332286e-07
18952,attack,normal,0.9966619605677669
18953,normal,normal,0.9968453110092292
18954,attack,attack,9.056327176068528e-08
18955,attack,normal,0.9347679944593055
18956,attack,attack,1.4660498407699922e-07
18957,attack,attack,0.0005366249248414267
18958,normal,normal,0.9865572748209552
18959,attack,normal,0.999999916933648
18960,normal,normal,0.9914538019911754
18961,normal,normal,0.9898905412539862
18962,attack,attack,0.09901874093953673
18963,normal,normal,0.9906049632147179
18964,normal,normal,0.9983503067759084
18965,normal,normal,0.9902040200347827
18966,attack,attack,0.0002666368546523231
18967,attack,normal,0.8019833276186432
18968,attack,normal,0.999995558041507
18969,normal,normal,0.9901888981590953
18970,normal,normal,0.9864411983043757
18971,attack,normal,0.6014602492823928
18972,attack,attack,4.812858275693269e-07
18973,attack,normal,0.9987156697152905
18974,normal,normal,0.9977150455291971
18975,attack,normal,0.9984290567581389
18976,normal,attack,0.03540415542371417
18977,normal,attack,0.0054106140062395456
18978,normal,normal,0.9397569622396882
18979,normal,normal,0.9969777265538539
18980,attack,attack,0.40316648707155744
18981,normal,normal,0.99717513893728
18982,attack,attack,0.03199530328149482
18983,attack,normal,0.9707756776265092
18984,attack,attack,0.00023291654087140051
18985,normal,normal,0.9977506117405769
18986,attack,attack,0.035844162913634056
18987,normal,normal,0.9977719258090455
18988,attack,attack,0.20038896324507532
18989,attack,attack,0.007472512653067283
18990,attack,attack,0.0003075177861004435
18991,normal,normal,0.9968517997363315
18992,normal,normal,0.9854239479444362
18993,attack,normal,0.8918089804002495
18994,attack,attack,0.00017472889870890384
18995,attack,normal,0.9989725664502617
18996,attack,normal,0.8488936121494187
18997,normal,normal,0.9950625379107788
18998,attack,attack,0.00031989031482396467
18999,attack,normal,0.9667759459846249
19000,normal,normal,0.9967867172555418
19001,attack,normal,0.9987576056180112
19002,normal,normal,0.99813250345599
19003,normal,normal,0.5008840709647914
19004,normal,normal,0.997869589511241
19005,attack,attack,0.07867769240125258
19006,attack,attack,0.0010730113827940057
19007,normal,normal,0.9355249383434129
19008,attack,attack,4.394504871662309e-07
19009,normal,attack,0.007194237955123212
19010,attack,normal,0.999079699528155
19011,attack,attack,0.00011732129200264611
19012,normal,normal,0.9964395146955973
19013,attack,attack,0.0007280427048034683
19014,normal,normal,0.9919850555931836
19015,normal,normal,0.9885919127927416
19016,attack,attack,1.045245558467429e-06
19017,attack,attack,0.00013199395088787328
19018,attack,attack,2.8527240671300306e-07
19019,attack,attack,0.00014539066148136379
19020,normal,normal,0.9488307790284436
19021,attack,attack,0.3176867974824298
19022,normal,normal,0.9907062930370657
19023,normal,normal,0.9919865711050224
19024,attack,attack,0.0013594709307218717
19025,normal,attack,0.011808666018373024
19026,attack,normal,0.994738897073699
19027,attack,attack,0.0016272662173222943
19028,normal,normal,0.9997442534926083
19029,attack,attack,0.027317542266592523
19030,attack,attack,0.01845013725280511
19031,attack,attack,2.7613324991717902e-05
19032,attack,attack,0.03337648011432557
19033,attack,attack,0.00011869225168832999
19034,attack,normal,0.849350229534018
19035,normal,normal,0.9901838131823567
19036,attack,attack,0.0014394788638095062
19037,normal,normal,0.989372065228303
19038,normal,normal,0.9906727982848144
19039,normal,normal,0.9781005312622819
19040,attack,attack,0.10286617271021864
19041,attack,attack,0.00284748662225588
19042,normal,normal,0.9872510228254643
19043,normal,normal,0.9760911628783495
19044,normal,normal,0.9971017110881668
19045,attack,attack,0.4844527149618519
19046,attack,normal,0.992447907032432
19047,attack,normal,0.9987770942935225
19048,normal,normal,0.980793654543412
19049,normal,normal,0.9996837508735946
19050,normal,normal,0.9904525088498969
19051,attack,attack,2.332090582387088e-06
19052,attack,attack,0.0001808468839982537
19053,attack,attack,1.920793749316188e-07
19054,attack,attack,2.804040353572617e-07
19055,normal,normal,0.9976574288734775
19056,normal,normal,0.9802592252786839
19057,normal,normal,0.996112072127404
19058,normal,normal,0.989443795658601
19059,attack,attack,0.016652994201189937
19060,attack,normal,0.5169067450918888
19061,attack,attack,1.723588570128217e-09
19062,attack,attack,2.836883415209422e-07
19063,attack,attack,6.575818137884518e-08
19064,attack,normal,0.9966518002172571
19065,attack,attack,0.29655734488431656
19066,normal,normal,0.9897952445101549
19067,normal,normal,0.9922372148374272
19068,attack,attack,0.0009710436867010055
19069,attack,attack,0.0023827818446379794
19070,normal,normal,0.9980772030543026
19071,attack,normal,0.9972907204070708
19072,attack,normal,0.9939354180758763
19073,normal,normal,0.997607141390418
19074,normal,attack,0.003330389986899358
19075,normal,normal,0.9991172162393955
19076,attack,attack,0.0006840386920528869
19077,attack,normal,0.8619268422894814
19078,attack,attack,0.0002652852186757951
19079,attack,normal,0.8158944675762213
19080,attack,normal,0.998699910232983
19081,normal,normal,0.9997352043022851
19082,normal,normal,0.9903048307908221
19083,attack,attack,3.974495892615401e-05
19084,attack,normal,0.9999169969218514
19085,normal,normal,0.9892107168688535
19086,normal,normal,0.913158366366606
19087,attack,attack,0.0012474065250254055
19088,normal,attack,0.007308705987801049
19089,normal,normal,0.99433510945959
19090,attack,attack,0.0011033102962392102
19091,attack,normal,0.9990539759964681
19092,attack,attack,0.012985560181094195
19093,attack,attack,0.011920690613742603
19094,normal,normal,0.9873514361508897
19095,attack,normal,0.9217992767211993
19096,attack,attack,0.0003781569803192572
19097,attack,attack,0.025201310997128523
19098,normal,normal,0.9901026480430704
19099,normal,normal,0.9971573943662628
19100,normal,normal,0.9967912361053496
19101,attack,attack,2.2849442531168257e-07
19102,attack,attack,0.0012022333406298677
19103,normal,normal,0.9958711409832028
19104,attack,normal,0.9999997850468536
19105,attack,normal,0.9987142497614033
19106,normal,normal,0.9977886581359214
19107,normal,normal,0.9974781851334827
19108,attack,attack,0.003619524501305985
19109,attack,attack,0.004427675712297029
19110,attack,normal,0.9988830551151057
19111,attack,attack,0.268722869192583
19112,normal,normal,0.974717641150036
19113,normal,normal,0.9692433047700285
19114,normal,normal,0.9897855666277183
19115,normal,normal,0.9852186976330031
19116,normal,attack,0.07062325332976384
19117,attack,normal,0.9988248855377144
19118,normal,normal,0.9091355537617842
19119,normal,normal,0.990607698165292
19120,normal,normal,0.9877728532775969
19121,normal,normal,0.991388778316481
19122,normal,normal,0.9960941312026607
19123,attack,attack,0.0010741888350593637
19124,attack,attack,1.0920662549340793e-08
19125,normal,normal,0.8438519739114689
19126,attack,attack,0.0011848771536340323
19127,normal,normal,0.9954470638710227
19128,normal,normal,0.9918166119647593
19129,attack,attack,0.003881004425633676
19130,normal,normal,0.9946159876942282
19131,normal,normal,0.9959432309494605
19132,normal,normal,0.9894611094178332
19133,attack,attack,0.30490157912901034
19134,normal,normal,0.9925093034661491
19135,attack,attack,0.0009766507420668198
19136,attack,normal,0.9158744566160144
19137,normal,normal,0.9995791528087158
19138,attack,attack,0.051722698621826116
19139,attack,normal,0.9935487984790626
19140,normal,normal,0.9969397539964882
19141,attack,attack,0.005044869437670172
19142,attack,normal,0.9795005532864733
19143,normal,normal,0.9863962320708856
19144,normal,normal,0.8830864658440589
19145,attack,attack,0.000354244356982906
19146,attack,attack,0.013751028131963817
19147,attack,normal,0.9999999691403617
19148,attack,attack,0.00011279290324997583
19149,attack,attack,0.00022552777989122988
19150,attack,attack,0.019660891467877886
19151,attack,normal,0.9341804214657475
19152,attack,attack,1.1000599034161015e-06
19153,normal,normal,0.9855462005111223
19154,normal,normal,0.9979318816423349
19155,attack,attack,7.003014101969806e-07
19156,attack,attack,0.06843995150769788
19157,normal,normal,0.9869915616726023
19158,attack,normal,0.9924710400705481
19159,attack,attack,0.000736077929721271
19160,attack,normal,0.9988048608220154
19161,attack,attack,2.940672649974958e-09
19162,normal,normal,0.9899490704281382
19163,normal,normal,0.988195601619449
19164,normal,normal,0.9904067873267073
19165,normal,normal,0.9969694934562696
19166,normal,normal,0.9980171161502985
19167,normal,normal,0.997977867153248
19168,normal,normal,0.997789922793414
19169,normal,normal,0.9924236491893094
19170,attack,normal,0.7399428402688947
19171,attack,attack,5.029523024242898e-08
19172,attack,attack,0.004663638535860793
19173,attack,attack,0.000312670437144757
19174,normal,normal,0.9976675944512201
19175,normal,normal,0.9364809487391584
19176,attack,attack,0.0016145979219028181
19177,normal,normal,0.9689568799731071
19178,attack,normal,0.9347105652429649
19179,attack,normal,0.7992164785950268
19180,attack,attack,0.002246088005881203
19181,normal,normal,0.9965837266855276
19182,attack,attack,0.0008065798904733461
19183,attack,attack,4.830568430174957e-07
19184,attack,attack,0.01875910015435006
19185,attack,normal,0.9968892398621854
19186,normal,normal,0.9978569811210699
19187,attack,normal,0.9999970698799394
19188,normal,normal,0.9932738608178442
19189,normal,normal,0.9979001193275872
19190,normal,normal,0.9963509556625718
19191,attack,attack,8.062381779143097e-05
19192,attack,normal,0.9448919720729844
19193,attack,attack,0.01854753103169737
19194,attack,attack,0.0017990314386469562
19195,normal,normal,0.995716076965794
19196,normal,normal,0.9887563023704551
19197,normal,attack,0.001998926698388769
19198,attack,normal,0.9984760821107582
19199,attack,attack,0.0009571442180100383
19200,attack,normal,0.9924624493919509
19201,normal,normal,0.7214303323940819
19202,attack,normal,0.7277889323903483
19203,attack,attack,0.04702288393417639
19204,attack,attack,0.00022598963937153614
19205,normal,normal,0.9883426530477979
19206,normal,normal,0.9975520370984483
19207,normal,normal,0.9903994201013638
19208,attack,attack,5.603375014568756e-06
19209,attack,attack,0.001747367988052041
19210,attack,attack,0.00024137091977882458
19211,normal,normal,0.9985766905946061
19212,attack,attack,0.0032576247179958166
19213,normal,normal,0.9977847396474042
19214,attack,normal,0.6830618191965836
19215,normal,normal,0.9873564831876014
19216,attack,attack,0.00018409094101625484
19217,attack,attack,1.0127219945163375e-07
19218,attack,attack,0.10885727805209337
19219,attack,attack,2.5406578447704933e-07
19220,attack,attack,0.01580478834215661
19221,attack,attack,0.0009235764372360016
19222,normal,normal,0.9991974035422762
19223,attack,attack,0.041840517823605594
19224,normal,normal,0.9887777529988894
19225,attack,normal,0.9996265639277252
19226,attack,normal,0.7542562881467072
19227,normal,normal,0.9972366039036479
19228,attack,attack,0.003252132822064305
19229,attack,attack,0.00021832722967922758
19230,attack,attack,0.0009021459098026682
19231,normal,normal,0.9970440421644226
19232,attack,attack,3.1820923722023456e-05
19233,normal,normal,0.9973026954994262
19234,attack,normal,0.9999948581289676
19235,attack,attack,4.421642397102227e-07
19236,attack,attack,0.0008463787080789888
19237,attack,attack,0.05967529145732363
19238,normal,normal,0.9973609086486641
19239,normal,normal,0.9978551340428712
19240,attack,attack,9.346944157185803e-08
19241,attack,normal,0.715690914147786
19242,normal,normal,0.9900999340768147
19243,normal,normal,0.9856842537862714
19244,attack,attack,0.0008510286529261936
19245,attack,attack,8.999191339913989e-05
19246,normal,normal,0.9699279780052358
19247,attack,attack,0.00020273332099348304
19248,normal,normal,0.9935999497913018
19249,attack,attack,0.0036197862466892257
19250,normal,normal,0.9889457354736653
19251,attack,normal,0.9990141128204801
19252,normal,normal,0.9973321999372645
19253,normal,normal,0.9962263257242449
19254,attack,normal,0.9764074725107346
19255,attack,normal,0.9981513714406178
19256,attack,attack,5.130563819162827e-08
19257,normal,attack,0.11348771108126436
19258,normal,normal,0.9976557386980449
19259,normal,normal,0.9979121534815747
19260,attack,attack,0.03261958389712696
19261,attack,attack,8.054148545356859e-08
19262,normal,normal,0.9998315220588144
19263,attack,attack,0.1009332096758689
19264,normal,normal,0.9531531820567878
19265,normal,normal,0.9899568386119413
19266,attack,normal,0.998422217814975
19267,normal,normal,0.9972068823335041
19268,attack,normal,0.9868878422752579
19269,attack,attack,0.000790441650783369
19270,attack,normal,0.999999927603647
19271,normal,attack,0.26491220703252144
19272,attack,normal,0.9329250621136709
19273,attack,normal,0.9954888288692868
19274,attack,attack,1.5264961447702897e-05
19275,normal,attack,0.005353925007058488
19276,attack,normal,0.9999998895046078
19277,attack,normal,0.9952950946346166
19278,attack,normal,0.9957659737929342
19279,normal,attack,0.004177664736906003
19280,attack,normal,0.9799373158314006
19281,attack,attack,5.57035286967211e-08
19282,normal,normal,0.9893997488031734
19283,attack,attack,0.10789810344570706
19284,attack,attack,0.01984552932086886
19285,normal,normal,0.9976932001794192
19286,normal,normal,0.9938575586770954
19287,normal,normal,0.9907412561488899
19288,normal,normal,0.9972249962764272
19289,attack,attack,2.3209814675887503e-06
19290,normal,normal,0.9873429376138791
19291,normal,attack,0.004846470248970602
19292,attack,normal,0.9500945877441306
19293,attack,attack,0.06686556871597084
19294,attack,normal,0.9983885305714416
19295,attack,normal,0.9855685359708121
19296,normal,normal,0.9964724832059207
19297,normal,normal,0.9895662874208943
19298,attack,normal,0.9437718490319029
19299,normal,normal,0.999823698057032
19300,normal,normal,0.99741908513939
19301,attack,attack,0.02696094855715626
19302,normal,normal,0.9908013925206601
19303,normal,normal,0.9965082142033914
19304,normal,normal,0.9979711423608439
19305,attack,attack,0.0003593615100039514
19306,normal,normal,0.9811330242702545
19307,attack,attack,0.0022442045585547394
19308,attack,normal,0.9933453810579027
19309,attack,attack,0.00016376047560298337
19310,attack,normal,0.9554387499279594
19311,attack,attack,6.027924684022094e-06
19312,attack,attack,6.166631934207503e-07
19313,attack,normal,0.6439668044148382
19314,attack,attack,0.029217897878929054
19315,normal,normal,0.9997746872558911
19316,attack,attack,0.016347606737468236
19317,attack,normal,0.9952415152223403
19318,normal,normal,0.987143061315642
19319,attack,normal,0.8542290979706008
19320,attack,normal,0.9397070399365887
19321,normal,normal,0.9897856393336771
19322,normal,normal,0.9974758903192522
19323,attack,normal,0.9985827666247235
19324,attack,attack,0.0016311704097548847
19325,attack,attack,0.18934409698759308
19326,normal,normal,0.9962018106610356
19327,attack,normal,0.9956886843316334
19328,attack,attack,0.00031714294364217055
19329,normal,normal,0.9976535316010824
19330,attack,normal,0.9126867474923968
19331,attack,attack,5.547153611464286e-08
19332,attack,normal,0.9152340453116707
19333,normal,normal,0.9907030115083674
19334,attack,attack,0.00032703863538696346
19335,attack,normal,0.530668574807223
19336,attack,attack,0.025540609875250163
19337,attack,attack,0.0017185913452600625
19338,attack,attack,0.002511745680377045
19339,normal,normal,0.9354167532650828
19340,normal,normal,0.9950824868329295
19341,normal,normal,0.9864323570034897
19342,attack,attack,4.121461620753424e-07
19343,attack,normal,0.9965140423253208
19344,attack,attack,0.02460724824043209
19345,attack,attack,0.00012589681254928108
19346,normal,normal,0.9957907588955145
19347,attack,attack,0.36712965042634993
19348,attack,normal,0.8877757612892648
19349,normal,normal,0.9908973126154469
19350,normal,attack,0.0018694368044706875
19351,attack,attack,7.211787164926979e-05
19352,normal,normal,0.9975203612715515
19353,attack,normal,0.9919234768596915
19354,attack,normal,0.9981606338333119
19355,attack,normal,0.9987893067913551
19356,normal,attack,0.001290424362748342
19357,attack,attack,0.0015610767215115306
19358,attack,normal,0.9907404413001101
19359,attack,attack,0.002244836654300359
19360,attack,attack,0.02736995304298549
19361,attack,normal,0.9916592861409678
19362,attack,attack,0.2541185547106386
19363,attack,attack,9.799461399486174e-08
19364,attack,normal,0.9533129168463846
19365,attack,attack,0.00015725986300212336
19366,attack,normal,0.9962396388840626
19367,attack,attack,0.0013927141030479313
19368,attack,attack,0.001000882081289492
19369,attack,normal,0.9758279255091332
19370,attack,normal,0.9986450007853233
19371,normal,normal,0.9996158591765981
19372,attack,normal,0.9999983579800897
19373,normal,normal,0.9970630144247128
19374,attack,attack,0.05008625270946801
19375,attack,normal,0.9915592002541924
19376,normal,normal,0.995714522892936
19377,attack,normal,0.7693724206646099
19378,attack,attack,3.452110683494751e-07
19379,attack,attack,0.00011145271282929296
19380,normal,normal,0.995201566227691
19381,normal,normal,0.9972575652324716
19382,normal,normal,0.9908275026940653
19383,normal,normal,0.9753688492910364
19384,attack,attack,0.0012092910289020562
19385,attack,normal,0.6986760555337151
19386,attack,attack,0.018039244268700374
19387,normal,normal,0.9875478415648477
19388,attack,normal,0.8094564225617275
19389,normal,normal,0.9746852403100285
19390,attack,attack,2.439402390365125e-07
19391,attack,attack,0.026273097207251385
19392,attack,normal,0.9987824995231361
19393,attack,normal,0.998894926080009
19394,normal,normal,0.9951475717072428
19395,normal,normal,0.9975871285730001
19396,attack,attack,6.2791197816520004e-09
19397,attack,normal,0.9340362400517577
19398,attack,attack,0.00022053462425077145
19399,normal,normal,0.9979574195696437
19400,attack,normal,0.9995743861774061
19401,attack,attack,0.00021210490368097506
19402,normal,normal,0.9812375004708384
19403,normal,attack,0.0043021599732812775
19404,attack,normal,0.9987477609125633
19405,attack,attack,0.021125626183491317
19406,attack,normal,0.6305115805798357
19407,attack,attack,0.007458450929654015
19408,attack,normal,0.9999970632733852
19409,normal,normal,0.9950870916938626
19410,normal,normal,0.9960059237535187
19411,normal,normal,0.9870432269026151
19412,attack,normal,0.9369963825344173
19413,attack,attack,4.534205870866487e-05
19414,attack,attack,5.936814626665668e-08
19415,attack,normal,0.9999998515528972
19416,normal,attack,0.0060400317798980745
19417,normal,normal,0.9974022513377329
19418,attack,attack,0.0003571680502453309
19419,normal,normal,0.9890956195273037
19420,attack,attack,0.00034368245242055457
19421,attack,attack,0.0019266257132086878
19422,normal,normal,0.9979350859179166
19423,normal,normal,0.998825370277106
19424,attack,attack,0.015272327458665602
19425,normal,normal,0.9998164813022061
19426,attack,attack,3.0148662735657565e-07
19427,attack,attack,0.0064517276479313735
19428,normal,normal,0.9856507862496969
19429,normal,normal,0.9896651135440604
19430,normal,normal,0.9997702574374536
19431,attack,normal,0.9981977925853616
19432,attack,normal,0.9808890270177151
19433,normal,normal,0.9904105197060529
19434,normal,normal,0.9786848103572813
19435,normal,normal,0.9966918577421183
19436,attack,normal,0.8573001756460266
19437,normal,normal,0.9294272348285243
19438,attack,attack,0.00096011310642248
19439,attack,attack,0.0001043507900183809
19440,normal,normal,0.9907635458822128
19441,normal,normal,0.9990846311648905
19442,normal,attack,0.004664337431249296
19443,normal,normal,0.9979046071905334
19444,attack,attack,0.015173201936974832
19445,attack,attack,0.0010824195164726544
19446,normal,normal,0.9894935297471803
19447,normal,normal,0.9952651043998862
19448,attack,normal,0.7383549573855823
19449,attack,attack,0.0020357103347826617
19450,attack,normal,0.8216556266158201
19451,attack,attack,0.00028100157881017277
19452,attack,attack,2.5852747797101994e-05
19453,normal,normal,0.8118642089723115
19454,normal,normal,0.9971520271972559
19455,attack,attack,0.019009279063489686
19456,attack,attack,1.8352889170171657e-06
19457,normal,normal,0.9995381777865864
19458,normal,normal,0.9895334107619798
19459,normal,attack,0.005790990168385545
19460,normal,normal,0.9961506706296689
19461,normal,normal,0.9966371944306013
19462,normal,normal,0.9371079608055006
19463,attack,attack,0.00712021644953295
19464,normal,normal,0.9903005093062627
19465,attack,attack,0.011290730641609313
19466,attack,normal,0.9999999169337195
19467,normal,normal,0.9900876879979026
19468,attack,normal,0.9795784450371497
19469,normal,normal,0.9958652932737818
19470,normal,normal,0.9508223315257658
19471,attack,attack,0.0011519456165988468
19472,normal,normal,0.9974165564843229
19473,normal,normal,0.9972250238209521
19474,normal,normal,0.9971838991442045
19475,attack,attack,0.00019591335732664175
19476,normal,normal,0.9975396617806805
19477,attack,attack,0.0026679403645036774
19478,attack,attack,4.8326336260771295e-08
19479,attack,attack,9.623687173955786e-05
19480,attack,normal,0.9328661333616425
19481,normal,normal,0.9997388937706684
19482,attack,normal,0.9965776567787709
19483,normal,normal,0.9868177411296797
19484,attack,normal,0.912454114927304
19485,attack,attack,5.50923391540472e-07
19486,normal,normal,0.9974404230067306
19487,attack,attack,0.005467698603550963
19488,attack,attack,0.020386264835512008
19489,attack,attack,0.00015423015753661875
19490,attack,normal,0.9301569166144052
19491,attack,attack,0.020557828426739436
19492,normal,normal,0.9879467804529862
19493,attack,normal,0.9181949113790848
19494,normal,normal,0.9989942506594798
19495,normal,normal,0.9797049802306587
19496,attack,attack,2.525114667771879e-07
19497,normal,normal,0.9898286569387906
19498,normal,normal,0.9969661571360406
19499,attack,attack,0.0047170025185486845
19500,normal,normal,0.9867029874711657
19501,normal,normal,0.9976915731113029
19502,normal,normal,0.9969836552904234
19503,attack,attack,0.0006266074411184484
19504,normal,normal,0.9885340514427209
19505,normal,normal,0.9794574483158409
19506,attack,attack,0.0062515844427868065
19507,normal,normal,0.9826033070498852
19508,normal,normal,0.7174282833159371
19509,attack,normal,0.9989864457649741
19510,attack,attack,0.020384122259695537
19511,normal,normal,0.9978926485232819
19512,normal,attack,0.004055373993937178
19513,normal,normal,0.9890271705349639
19514,attack,attack,0.0002024495756373561
19515,attack,attack,6.99147198061355e-05
19516,normal,normal,0.9961966407276133
19517,normal,normal,0.9348249491398786
19518,normal,normal,0.9861200347820871
19519,attack,normal,0.9959495294991869
19520,attack,attack,0.0002732040591612406
19521,attack,attack,0.13214536552080883
19522,attack,attack,0.00028329220344131245
19523,attack,attack,0.008910890235660392
19524,attack,attack,0.011356485129582157
19525,normal,normal,0.990949914115989
19526,attack,normal,0.9950379874439363
19527,attack,normal,0.7912423879545892
19528,attack,attack,0.049014532657362345
19529,normal,normal,0.9980030435522615
19530,attack,attack,0.008602448509398824
19531,normal,normal,0.9976061977668272
19532,attack,attack,0.0862582229870892
19533,attack,normal,0.9983962902821177
19534,attack,attack,0.002685097005555721
19535,attack,attack,0.10381352886077914
19536,normal,attack,0.005681223651139339
19537,normal,normal,0.9904099459410874
19538,normal,normal,0.9975820487701671
19539,attack,normal,0.9999999152537403
19540,normal,normal,0.9551366322433332
19541,attack,normal,0.9255330822401987
19542,attack,attack,0.010447399673442033
19543,normal,normal,0.9864476413985738
19544,normal,normal,0.9967014731956472
19545,normal,normal,0.993277149514571
19546,attack,normal,0.998928254325626
19547,normal,attack,0.0035699122540733237
19548,attack,normal,0.9981117141373931
19549,normal,normal,0.9972884007596801
19550,attack,attack,0.24493571116182675
19551,attack,normal,0.9695800703851257
19552,attack,attack,0.000733395594725788
19553,attack,attack,0.0027746641423749127
19554,attack,attack,0.13116754186014631
19555,attack,attack,0.0006131733919439105
19556,attack,attack,0.0013844359019570998
19557,normal,normal,0.994942040356914
19558,normal,normal,0.9884907834898126
19559,attack,normal,0.9359876156246338
19560,attack,attack,6.556906742489808e-05
19561,normal,normal,0.9974855796014123
19562,normal,normal,0.9901036137968845
19563,attack,normal,0.8321139573567921
19564,normal,normal,0.9906094110844424
19565,normal,normal,0.9973884012973085
19566,normal,normal,0.987939205881195
19567,normal,normal,0.9989284200117372
19568,normal,normal,0.995643979003661
19569,normal,normal,0.9979657421548218
19570,normal,normal,0.980633118116447
19571,normal,normal,0.9853423064453193
19572,attack,normal,0.8962090898393503
19573,attack,attack,1.347762957314479e-07
19574,attack,attack,0.003930736054052541
19575,attack,attack,0.03285367809173595
19576,attack,normal,0.9981109785839593
19577,attack,normal,0.9498111030707923
19578,normal,normal,0.9890552303783803
19579,normal,normal,0.9976042390382841
19580,attack,normal,0.9951848527640186
19581,attack,attack,6.0783393095707825e-06
19582,attack,normal,0.9952251133334028
19583,normal,normal,0.9948186168092977
19584,normal,normal,0.9960805322800813
19585,attack,attack,0.0002890738322009054
19586,attack,attack,0.00026039454740165845
19587,attack,attack,8.491729242310461e-05
19588,normal,normal,0.9994004349636458
19589,attack,attack,1.1619596273304856e-05
19590,attack,attack,7.506270637752583e-06
19591,normal,normal,0.9977504419594967
19592,normal,normal,0.997844273535553
19593,normal,normal,0.9955571965249999
19594,attack,normal,0.6946624039990639
19595,attack,attack,0.0004639428494091561
19596,attack,normal,0.8129328263611977
19597,attack,normal,0.6097198603230254
19598,normal,attack,0.2873097097885718
19599,normal,normal,0.9871562559534927
19600,normal,normal,0.9876066997217005
19601,normal,normal,0.9994920207047665
19602,normal,normal,0.9972857188038332
19603,attack,normal,0.5449950641774978
19604,normal,normal,0.9882948487192555
19605,normal,normal,0.9870605868377775
19606,attack,normal,0.8059466360414852
19607,attack,attack,0.31884637976625835
19608,normal,normal,0.9973886885356865
19609,attack,attack,0.034127628167508126
19610,normal,normal,0.9907978570685547
19611,attack,attack,0.0003534333431389294
19612,attack,normal,0.9542759563456046
19613,attack,attack,5.194240932688773e-07
19614,attack,attack,0.007469030053517117
19615,normal,normal,0.9950252269191817
19616,normal,normal,0.9999040069910566
19617,attack,attack,1.989600962299563e-07
19618,attack,attack,0.0012571751394397067
19619,attack,normal,0.99645377963669
19620,attack,normal,0.986476506821433
19621,attack,attack,0.0009882407057926121
19622,normal,normal,0.9972488020701453
19623,normal,normal,0.9990288265749927
19624,attack,normal,0.9987191000818791
19625,attack,attack,0.005647023041002701
19626,attack,attack,0.00953997859932097
19627,attack,normal,0.9978917842996815
19628,attack,attack,0.006778943672475954
19629,normal,normal,0.9997137155334335
19630,normal,normal,0.9823960834864348
19631,attack,normal,0.9987675018414499
19632,normal,normal,0.9837311748137673
19633,attack,attack,0.014781992622795163
19634,attack,normal,0.9989724324161722
19635,attack,normal,0.9874410836834661
19636,attack,normal,0.9770804604960516
19637,attack,attack,0.012879579348361243
19638,normal,normal,0.9894740217561147
19639,attack,attack,0.0009373483144332772
19640,normal,normal,0.9961431969452855
19641,normal,normal,0.9808741755103186
19642,normal,normal,0.9907735404986275
19643,attack,normal,0.9981840286758024
19644,normal,normal,0.9980166594301013
19645,attack,attack,0.010899298247893607
19646,attack,attack,3.028341861421153e-05
19647,normal,normal,0.8838992027549278
19648,attack,normal,0.9360449859110768
19649,attack,normal,0.9921182796192435
19650,attack,attack,0.00010296924600646327
19651,attack,attack,1.8579172828972463e-05
19652,normal,normal,0.9907031971687228
19653,attack,attack,0.0013089667259777351
19654,attack,attack,0.001441400215861801
19655,attack,normal,0.8666577455962965
19656,normal,normal,0.999841287571769
19657,attack,normal,0.9345674470609223
19658,attack,attack,0.0020447096355333382
19659,attack,attack,0.000147729878014244
19660,attack,attack,0.0024703257379176725
19661,attack,attack,0.024193236101186594
19662,attack,attack,2.2135832907704216e-05
19663,attack,normal,0.9591336087053177
19664,normal,normal,0.9928388638254151
19665,normal,normal,0.9875454529246519
19666,attack,attack,3.1504032019367553e-05
19667,attack,attack,0.00020812816667265452
19668,attack,normal,0.9991550679423687
19669,attack,attack,9.310233351172551e-07
19670,attack,normal,0.9981405441627077
19671,attack,attack,0.22209199686482883
19672,attack,normal,0.9475595139525873
19673,normal,normal,0.9959506907788216
19674,attack,normal,0.9999996158547272
19675,attack,normal,0.938235159901237
19676,attack,normal,0.9342382926007905
19677,attack,attack,2.288484658665139e-06
19678,attack,attack,0.0002482383939578558
19679,attack,attack,0.046310497394552626
19680,attack,attack,0.0006922327632629273
19681,attack,attack,0.0005812669385484364
19682,normal,normal,0.9978671554494176
19683,normal,normal,0.9879234419182668
19684,attack,attack,0.00029091585535668087
19685,attack,attack,1.616221640573469e-07
19686,normal,normal,0.997626878982461
19687,normal,normal,0.9993774130113027
19688,normal,normal,0.9974926195315231
19689,normal,normal,0.8079929579732714
19690,normal,normal,0.9924146150017031
19691,normal,normal,0.9827805445765143
19692,normal,attack,0.006532721531201345
19693,attack,normal,0.9875092710615418
19694,attack,attack,2.692695983504209e-07
19695,normal,normal,0.9882913713961127
19696,attack,attack,0.004304812311608987
19697,attack,attack,0.00011875705223724251
19698,attack,normal,0.998767180678802
19699,normal,normal,0.9358471624988814
19700,normal,normal,0.9980719425655461
19701,normal,normal,0.9996523614347459
19702,attack,attack,0.1904043089578834
19703,normal,normal,0.9869906272928205
19704,normal,normal,0.9955561197384507
19705,normal,normal,0.9891952599665312
19706,attack,attack,0.08559236249208488
19707,attack,normal,0.9999999252833096
19708,normal,normal,0.9961291197964025
19709,attack,attack,6.754633451117659e-05
19710,normal,normal,0.996466366464264
19711,normal,normal,0.9882146086597646
19712,normal,normal,0.9849964466926001
19713,attack,attack,6.081787326186573e-09
19714,attack,attack,6.280027142530451e-07
19715,attack,attack,0.02722034233689215
19716,normal,normal,0.9836978010536627
19717,attack,normal,0.9767440352156512
19718,attack,normal,0.9957130172502546
19719,normal,normal,0.9879177473121226
19720,normal,normal,0.9876425722451683
19721,normal,normal,0.9980850625907225
19722,normal,normal,0.9969991846715452
19723,normal,normal,0.992271913444273
19724,attack,attack,0.019819869964687545
19725,normal,normal,0.9978742997198852
19726,attack,attack,0.0012257168142464185
19727,normal,normal,0.9906653884203825
19728,attack,attack,0.0020842537168020655
19729,attack,normal,0.995716392798101
19730,attack,attack,0.0018025464499375453
19731,attack,attack,0.0020099291817760536
19732,attack,attack,0.00028228586333872696
19733,attack,normal,0.9987522387284015
19734,normal,attack,0.004188096322314699
19735,attack,attack,9.584582012528323e-08
19736,normal,normal,0.9977057916691541
19737,attack,attack,0.00027884432481930236
19738,attack,normal,0.9326644343543946
19739,attack,attack,0.00022389342927637315
19740,normal,normal,0.9760517261405239
19741,attack,normal,0.9947701717111199
19742,normal,normal,0.8936732518294125
19743,attack,attack,0.0010368210994276992
19744,normal,normal,0.9989924914961105
19745,attack,normal,0.9639610260758643
19746,normal,normal,0.9861269854437784
19747,normal,normal,0.9889961341150794
19748,attack,attack,2.6032831879892184e-07
19749,attack,normal,0.9971937669097315
19750,normal,normal,0.8805586844708044
19751,attack,normal,0.9850171059428394
19752,attack,normal,0.9988549088883346
19753,normal,normal,0.9876094531745292
19754,normal,normal,0.9913795277863251
19755,attack,attack,0.001316049521995585
19756,attack,normal,0.9999947878468485
19757,normal,normal,0.9999983611416745
19758,normal,normal,0.9980484617071099
19759,attack,normal,0.9999999351669042
19760,normal,normal,0.9998493150776924
19761,normal,normal,0.9998667852252509
19762,normal,normal,0.9554517296867248
19763,normal,normal,0.997189189038132
19764,attack,normal,0.9991599940714982
19765,normal,normal,0.9975300927825217
19766,attack,attack,0.0005506756815220883
19767,attack,attack,0.08826296293863278
19768,attack,normal,0.7945330787239717
19769,attack,normal,0.9978714683438069
19770,attack,attack,8.636457727526242e-05
19771,normal,normal,0.9093470568753603
19772,normal,normal,0.9867857265889808
19773,attack,attack,0.00020980961649874331
19774,attack,attack,3.396616823799478e-07
19775,normal,normal,0.9902070948867505
19776,normal,normal,0.9874754391144531
19777,attack,normal,0.8940119086963368
19778,normal,attack,0.0035699223582336295
19779,attack,attack,0.0012918923655216446
19780,normal,normal,0.9976381998042534
19781,normal,normal,0.9995609568024257
19782,attack,attack,1.5863772874420805e-06
19783,attack,attack,2.0598671007458632e-07
19784,attack,normal,0.9661939396669387
19785,normal,normal,0.9780305732185861
19786,normal,normal,0.9906565814971293
19787,normal,normal,0.9994156986796695
19788,attack,normal,0.8349557002971764
19789,normal,normal,0.9998555301936535
19790,normal,normal,0.9533279085071973
19791,normal,normal,0.9937106442893935
19792,normal,normal,0.7715564844092551
19793,attack,normal,0.9231441214314968
19794,attack,attack,0.001251662294188621
19795,attack,attack,4.069233565898449e-07
19796,attack,attack,0.0017495192725945912
19797,attack,normal,0.7255489385756808
19798,normal,normal,0.9963893959771807
19799,attack,attack,1.826227298327798e-07
19800,attack,attack,0.3663537340135915
19801,attack,attack,0.0015026949751958218
19802,normal,normal,0.9886752762331816
19803,attack,normal,0.9909092906056931
19804,normal,normal,0.9888851121019885
19805,attack,attack,9.095764152661812e-07
19806,normal,normal,0.9977836415603976
19807,normal,normal,0.9852056049905896
19808,attack,attack,3.97796230321886e-08
19809,attack,normal,0.9999999179371962
19810,normal,normal,0.9810799374223199
19811,normal,normal,0.9995136288072225
19812,attack,normal,0.9364835340478893
19813,attack,attack,0.0002097722069092453
19814,attack,normal,0.7369986953288721
19815,normal,normal,0.9898771916751788
19816,normal,normal,0.9926544230247777
19817,normal,normal,0.9996465707892684
19818,attack,attack,0.0013613166056935643
19819,normal,normal,0.9990252243796386
19820,attack,attack,0.0014936815048620794
19821,attack,attack,0.10003591077670652
19822,normal,normal,0.9965028566348957
19823,normal,normal,0.9979126822534345
19824,normal,normal,0.9854421766801177
19825,normal,normal,0.9908999500435643
19826,attack,attack,3.2436527486068657e-06
19827,normal,normal,0.9998214572232473
19828,normal,normal,0.9537811652407697
19829,attack,attack,1.932377502214879e-06
19830,attack,attack,0.00012473100639382012
19831,attack,attack,0.002011668253960204
19832,normal,normal,0.9872247682450498
19833,normal,normal,0.9953871464936068
19834,attack,attack,0.00026483710846103033
19835,normal,normal,0.997093377941976
19836,attack,attack,0.0015122028834557535
19837,attack,attack,0.00026883864482566945
19838,normal,normal,0.9978172388219265
19839,attack,attack,0.07089022207107144
19840,attack,normal,0.9932390995660278
19841,attack,attack,0.00027574067433247664
19842,normal,normal,0.9912983236604244
19843,attack,attack,1.923511791125277e-06
19844,attack,attack,0.0008952462036396607
19845,attack,normal,0.9999999721294236
19846,attack,attack,0.0009100850884770085
19847,attack,attack,0.00022817949567656065
19848,normal,normal,0.9894607682387858
19849,attack,attack,0.0086737434075149
19850,attack,attack,0.053355793871533885
19851,normal,attack,0.004045986355201431
19852,attack,attack,0.00017776618348271193
19853,attack,attack,0.0015304141877209893
19854,normal,normal,0.9806142581945755
19855,attack,normal,0.5586858787231318
19856,attack,attack,1.0145846054430018e-05
19857,normal,normal,0.9888861408644528
19858,attack,normal,0.9902242988416832
19859,normal,normal,0.9979613291997975
19860,attack,attack,3.0984669097040546e-07
19861,attack,attack,0.018668445659714643
19862,normal,normal,0.9998359569408117
19863,attack,normal,0.9869047562935519
19864,normal,attack,0.0072999245556407775
19865,normal,normal,0.9896909507369416
19866,attack,attack,7.254168862306884e-08
19867,attack,attack,0.0005060470432892821
19868,attack,normal,0.9357314161158226
19869,attack,attack,1.750654462338709e-06
19870,attack,normal,0.7166946247745888
19871,normal,normal,0.9904894395770777
19872,normal,attack,0.0057909835252938175
19873,normal,normal,0.7471371318354391
19874,attack,attack,1.7509241381120746e-08
19875,normal,normal,0.9744717676056929
19876,attack,normal,0.9957523917519145
19877,attack,attack,0.0016877285822295062
19878,normal,normal,0.9975932845735798
19879,normal,normal,0.9993695648438433
19880,normal,normal,0.9884200341250214
19881,normal,normal,0.9998434539246375
19882,attack,normal,0.9821426044413755
19883,attack,normal,0.9420686623681692
19884,attack,attack,0.06218688165751162
19885,attack,normal,0.9999999340496445
19886,normal,normal,0.9796887388372136
19887,attack,attack,0.00092875864346143
19888,attack,attack,0.006923484024445954
19889,attack,attack,0.00016197647887648256
19890,attack,normal,0.9987390175884323
19891,normal,normal,0.9858605246173013
19892,attack,attack,0.23268090905509323
19893,normal,normal,0.9972456034107289
19894,normal,normal,0.9857817641710691
19895,attack,normal,0.9809535624736766
19896,normal,normal,0.9964032496288856
19897,normal,normal,0.9863351715829329
19898,attack,attack,0.005507494550781318
19899,attack,attack,0.0009083062200916653
19900,attack,attack,0.24814419061059192
19901,attack,normal,0.9999942679358366
19902,attack,attack,0.03308203068220126
19903,attack,attack,0.0007668819306884733
19904,attack,normal,0.9918995685782305
19905,normal,attack,2.152943680196505e-08
19906,attack,attack,0.015199934921175901
19907,attack,normal,0.6097762542678162
19908,normal,normal,0.9998523854356977
19909,normal,normal,0.9905041754197869
19910,normal,normal,0.9996718983771052
19911,normal,normal,0.9866983873552763
19912,attack,attack,0.025926233316167304
19913,normal,normal,0.9979234577388162
19914,normal,normal,0.997745067484587
19915,attack,normal,0.9986036386361795
19916,attack,normal,0.9958183054606141
19917,attack,attack,0.0009132032741340837
19918,normal,normal,0.9939628550844191
19919,attack,attack,0.18237333723809615
19920,normal,normal,0.997602810282507
19921,attack,normal,0.9999995409734952
19922,attack,normal,0.9966279590286452
19923,attack,attack,0.0012429069143077437
19924,normal,normal,0.9971543560066537
19925,attack,normal,0.9604367913659972
19926,attack,attack,0.00020641756288409955
19927,normal,normal,0.9859879287409733
19928,normal,normal,0.9975662501715039
19929,attack,normal,0.9966906211490257
19930,attack,attack,0.0028074919361002447
19931,normal,normal,0.98671302373672
19932,normal,normal,0.990707140008427
19933,attack,attack,5.624396469963589e-07
19934,normal,normal,0.9782802917856309
19935,attack,attack,0.0007897504906756389
19936,normal,normal,0.9905107734049406
19937,attack,attack,0.01677678536854955
19938,attack,attack,0.384697487125878
19939,normal,normal,0.9948697523184962
19940,attack,attack,3.280409050096569e-05
19941,normal,normal,0.9902516049624356
19942,normal,normal,0.9430432384837565
19943,attack,normal,0.7014887263519483
19944,attack,normal,0.7930518015259331
19945,normal,normal,0.9978333034391497
19946,attack,attack,0.00020538845005042545
19947,attack,normal,0.7648292651494804
19948,normal,normal,0.997721487615748
19949,attack,attack,1.0379237341576706e-07
19950,normal,normal,0.997277337351522
19951,normal,normal,0.9755803665887235
19952,normal,normal,0.985009913236795
19953,attack,attack,0.041553973466380095
19954,normal,normal,0.9690866104873782
19955,normal,normal,0.9964846085413487
19956,attack,attack,8.057457494727659e-05
19957,attack,attack,0.0036189988640808034
19958,attack,attack,0.0012755285981432053
19959,normal,normal,0.9984492667054597
19960,attack,attack,0.017031144106038513
19961,attack,attack,0.04676777238299281
19962,attack,attack,0.10877845851467573
19963,normal,normal,0.9976791504909197
19964,attack,normal,0.9958143841525356
19965,attack,attack,0.026901046005426
19966,normal,normal,0.999640250405079
19967,attack,normal,0.9530120701207564
19968,attack,attack,1.0444297542999195e-07
19969,attack,normal,0.9999999073184317
19970,attack,normal,0.9999999728618113
19971,normal,normal,0.995947289130824
19972,normal,normal,0.5087740679441533
19973,attack,attack,0.055735856046064604
19974,attack,normal,0.9347105715061826
19975,attack,normal,0.9951335199414945
19976,normal,attack,0.00016523682709914737
19977,attack,normal,0.9999999354096096
19978,attack,normal,0.9991151248095411
19979,normal,normal,0.9975002711302445
19980,normal,normal,0.9956715130403382
19981,attack,normal,0.9986006880825226
19982,attack,normal,0.9069230197354821
19983,normal,normal,0.9908120952523546
19984,attack,normal,0.8268438455233754
19985,attack,attack,0.09413722464920937
19986,normal,normal,0.9913244063316814
19987,normal,normal,0.9973412390895083
19988,normal,normal,0.9966685608678021
19989,attack,attack,0.4305439322829492
19990,normal,normal,0.9906921283491483
19991,normal,attack,0.0064892771689362035
19992,attack,attack,0.03242470977956224
19993,normal,normal,0.9970836303979088
19994,attack,attack,0.00011470455334232302
19995,normal,normal,0.9824516211921962
19996,normal,normal,0.9967468750691605
19997,attack,normal,0.9353292192240015
19998,attack,attack,0.00013771671825209449
19999,attack,normal,0.9968860067202702
20000,normal,normal,0.9997568422672805
20001,attack,normal,0.9970109113454241
20002,attack,attack,5.78023810618017e-07
20003,normal,normal,0.9989198765102657
20004,normal,normal,0.9900982847240707
20005,normal,normal,0.9907060495012352
20006,attack,attack,2.4213747487058145e-05
20007,normal,normal,0.9139173045748563
20008,attack,attack,3.0044349628417435e-07
20009,attack,normal,0.9914611217996894
20010,normal,normal,0.9962667451806135
20011,normal,normal,0.9964039835178214
20012,attack,normal,0.7968874126475913
20013,normal,normal,0.9921689704701135
20014,attack,attack,0.00949673221731541
20015,attack,attack,0.015279413717168438
20016,attack,attack,1.0427754386141158e-07
20017,normal,normal,0.9890062068171145
20018,normal,normal,0.6099861287825349
20019,attack,attack,3.455841763168385e-07
20020,normal,normal,0.9865613088312866
20021,normal,normal,0.9918005236884916
20022,attack,attack,1.275465582002806e-05
20023,normal,attack,0.47358605814200144
20024,normal,normal,0.9892274183839337
20025,attack,attack,0.0011902018851987824
20026,attack,attack,1.826876980041501e-06
20027,normal,normal,0.9920807947288021
20028,attack,attack,0.08914725826356662
20029,normal,normal,0.995611459545028
20030,normal,normal,0.9995746742311513
20031,attack,attack,0.001125549770409445
20032,normal,normal,0.9972638705649387
20033,normal,normal,0.9867017211581856
20034,normal,attack,2.7943756950753088e-08
20035,attack,attack,0.19029766540968474
20036,attack,attack,0.0010074176988691642
20037,attack,normal,0.9989407531939714
20038,attack,normal,0.9994069850665643
20039,normal,normal,0.9878728973620636
20040,attack,attack,0.0079499698081414
20041,normal,normal,0.9977532884673664
20042,normal,normal,0.9872898757708947
20043,normal,normal,0.9341803057732697
20044,attack,normal,0.7295504996732759
20045,attack,attack,0.0010016972615412797
20046,attack,attack,0.0008743530366487837
20047,normal,normal,0.9877407556283099
20048,normal,attack,0.17661057703147381
20049,normal,normal,0.7763988553627674
20050,normal,normal,0.9958825664098948
20051,normal,normal,0.9906977743584324
20052,attack,attack,0.046743921355375445
20053,attack,normal,0.9939651190840755
20054,attack,attack,0.00034284837282013895
20055,attack,attack,0.011825211823451314
20056,attack,attack,0.002068014393239491
20057,attack,normal,0.994638967637403
20058,attack,normal,0.992909178192063
20059,attack,normal,0.7099232979862018
20060,attack,attack,0.0016811556578590946
20061,normal,normal,0.9868973708777189
20062,attack,attack,0.00028005330413460796
20063,attack,attack,0.01682067416632005
20064,normal,normal,0.9998700446296332
20065,attack,normal,0.9335263080438205
20066,attack,attack,0.024372759907070166
20067,normal,normal,0.9903866640103985
20068,attack,normal,0.9982765304439688
20069,normal,normal,0.9957196743882761
20070,attack,normal,0.827624123650473
20071,attack,normal,0.7540859700813503
20072,attack,attack,0.3630705564557151
20073,normal,attack,0.0070732767840892465
20074,attack,attack,0.45975752886067844
20075,attack,normal,0.9542465498349555
20076,attack,attack,0.00274331567537108
20077,attack,attack,0.019798146643339867
20078,normal,normal,0.9997615446272964
20079,attack,attack,0.0020785872659725524
20080,attack,normal,0.7768947720444873
20081,normal,normal,0.9975058199744984
20082,attack,attack,0.05948979421922262
20083,attack,normal,0.9990108975582314
20084,attack,attack,0.011636447453934242
20085,attack,attack,0.007882745550992547
20086,attack,attack,8.682999366671495e-07
20087,normal,normal,0.6075911573318521
20088,normal,normal,0.9972887485924578
20089,normal,normal,0.9897800909770946
20090,attack,attack,0.00023924317052241396
20091,normal,normal,0.9997136977433703
20092,attack,attack,0.0019957252630654
20093,attack,attack,0.00854196794135925
20094,normal,normal,0.9977852762595997
20095,attack,attack,0.03843540599645753
20096,attack,attack,0.00026760144314510835
20097,attack,attack,0.0016071736628861177
20098,attack,attack,0.08811037236333293
20099,attack,normal,0.9986329901791673
20100,attack,normal,0.8704339423073213
20101,attack,normal,0.9999999169292422
20102,attack,attack,1.5273199290752379e-06
20103,attack,attack,0.4995111286306229
20104,normal,normal,0.9977774117592448
20105,attack,attack,0.0005416218018109434
20106,normal,normal,0.9977666172036523
20107,attack,attack,0.0001624309051742681
20108,attack,attack,0.26421422332181727
20109,attack,normal,0.8977059902636143
20110,normal,normal,0.9868813311309328
20111,attack,attack,0.000968345101115694
20112,attack,attack,0.004440778778800793
20113,attack,attack,0.0004420588540089533
20114,normal,normal,0.9858357610345126
20115,normal,normal,0.9908433705155784
20116,attack,normal,0.9354707779958414
20117,attack,attack,7.3689673407488345e-06
20118,attack,attack,0.000302956642355547
20119,normal,normal,0.996909277047242
20120,normal,normal,0.997943891678134
20121,normal,normal,0.9913567978521826
20122,attack,attack,0.39908795179077555
20123,normal,normal,0.9980222058864345
20124,normal,normal,0.9768598774177379
20125,attack,normal,0.9986746214101903
20126,normal,normal,0.994746389149796
20127,attack,normal,0.9989283092650495
20128,attack,attack,0.00014751913586131063
20129,attack,normal,0.9988522112837834
20130,normal,normal,0.9981548313159795
20131,attack,attack,0.00015346123872923088
20132,normal,normal,0.9869222174469331
20133,attack,attack,0.10289983940137362
20134,attack,attack,5.429892493861859e-07
20135,normal,normal,0.9979427896951055
20136,normal,normal,0.997568912616887
20137,normal,normal,0.9846820587481444
20138,attack,attack,0.0032869931581598435
20139,attack,attack,0.030015545219918793
20140,attack,attack,0.00013374862384578907
20141,attack,normal,0.9999998781611323
20142,attack,normal,0.9990686179228176
20143,normal,normal,0.9950262015391799
20144,normal,normal,0.9974998586698643
20145,attack,attack,1.8970445622204103e-07
20146,attack,attack,7.78535725351982e-05
20147,attack,attack,0.022145959623496032
20148,normal,normal,0.9966316529133719
20149,normal,normal,0.9996854369790823
20150,normal,normal,0.9884186523413202
20151,normal,normal,0.998028050798591
20152,attack,normal,0.9103591807068339
20153,attack,normal,0.9376186415486738
20154,attack,attack,0.0013823725233824491
20155,normal,normal,0.9896800050966977
20156,attack,normal,0.9920203116108608
20157,attack,attack,0.02308206082666296
20158,attack,attack,2.534826283771589e-07
20159,normal,normal,0.989990309467874
20160,attack,attack,0.01247155093259565
20161,attack,normal,0.9465786657780177
20162,normal,normal,0.9904102956321019
20163,normal,normal,0.9888913619849309
20164,attack,attack,0.007283810300400842
20165,normal,normal,0.9973491661802283
20166,normal,normal,0.9907719024652738
20167,normal,normal,0.9998127057159837
20168,attack,attack,0.0035753164468501075
20169,normal,normal,0.9905086566208874
20170,attack,normal,0.9959962153260359
20171,normal,normal,0.9837644025919337
20172,normal,normal,0.9976546673908157
20173,attack,attack,3.830648408532039e-05
20174,attack,normal,0.9987860326181051
20175,attack,attack,0.03636153889249731
20176,normal,normal,0.9966627288452582
20177,normal,normal,0.9862579755513399
20178,normal,normal,0.9856912397444056
20179,normal,normal,0.999592306473658
20180,attack,attack,0.001106630754507053
20181,attack,attack,0.0016637463389852013
20182,attack,normal,0.9960723893477139
20183,attack,normal,0.7626382361530911
20184,normal,normal,0.9966600284406913
20185,normal,normal,0.9980093155648352
20186,normal,normal,0.9589452827855162
20187,normal,normal,0.9981489190035954
20188,normal,normal,0.9972794551230372
20189,attack,normal,0.9973488271971942
20190,normal,normal,0.9884173663605044
20191,normal,normal,0.9937551199777502
20192,attack,attack,0.00021131130360777954
20193,attack,normal,0.9372458852807358
20194,normal,attack,0.047041529183708734
20195,normal,normal,0.9998672624527889
20196,attack,attack,4.4987401355736196e-07
20197,attack,attack,0.04332157726676768
20198,attack,attack,0.01633310454517694
20199,attack,normal,0.9973977712292197
20200,normal,normal,0.9964223618387849
20201,normal,normal,0.9722766307814309
20202,normal,normal,0.9975695106065022
20203,normal,normal,0.9978609884417824
20204,attack,attack,0.0016949497588541098
20205,normal,normal,0.9698714141463233
20206,attack,attack,0.03463987010291766
20207,normal,normal,0.9999272522776674
20208,normal,normal,0.9980266148326964
20209,normal,normal,0.9962369360681839
20210,attack,attack,0.0007025998461109736
20211,normal,normal,0.9950714082653851
20212,normal,normal,0.9996447262357079
20213,normal,normal,0.9864465946193531
20214,normal,normal,0.9962161610800921
20215,normal,normal,0.9966610313096159
20216,normal,normal,0.978759873001214
20217,normal,normal,0.9958900808009697
20218,normal,normal,0.997352457748938
20219,normal,normal,0.9875795231703837
20220,attack,normal,0.9996013039076753
20221,attack,attack,0.0008505776480049054
20222,normal,normal,0.9966538510879529
20223,normal,normal,0.9944697151089774
20224,attack,normal,0.9341804403972259
20225,attack,attack,4.538359620400286e-07
20226,attack,attack,0.0032388181458073363
20227,normal,normal,0.991196765666171
20228,attack,normal,0.998866500011735
20229,normal,normal,0.9885098439373956
20230,normal,attack,0.364958171153717
20231,normal,normal,0.9959971376231153
20232,attack,attack,0.001144008764579666
20233,attack,attack,0.00024338392065372598
20234,attack,attack,0.0011644664453137473
20235,normal,normal,0.7016884045468188
20236,attack,attack,0.0007797728443251148
20237,normal,normal,0.9977268587274493
20238,attack,normal,0.9974198942631508
20239,attack,attack,8.088509975476162e-05
20240,normal,normal,0.9994898445111943
20241,normal,normal,0.9790833994491942
20242,attack,normal,0.9999971470087169
20243,attack,normal,0.941384483693136
20244,attack,attack,0.00015338866173877761
20245,normal,normal,0.9972775765459992
20246,attack,attack,6.197473599550853e-05
20247,attack,attack,0.00022354312087598482
20248,attack,normal,0.9999991544550755
20249,normal,normal,0.9885098017642594
20250,normal,normal,0.9885366378991639
20251,attack,normal,0.9358507269197919
20252,attack,normal,0.9994658767212719
20253,normal,attack,0.006716305334075498
20254,normal,normal,0.9975592309174044
20255,attack,attack,0.0001843271017624035
20256,attack,normal,0.9952244839309142
20257,normal,normal,0.9901989922377403
20258,normal,normal,0.9968571459755726
20259,attack,attack,0.03430847672927468
20260,normal,normal,0.9998033662699838
20261,normal,normal,0.9504624255918084
20262,normal,normal,0.9994001046823043
20263,attack,attack,5.39343696569909e-06
20264,normal,normal,0.9869136506553957
20265,attack,attack,0.00017683353405332784
20266,normal,attack,0.005353924824880005
20267,normal,normal,0.9866963352942045
20268,normal,normal,0.9856504423556229
20269,normal,normal,0.9992441514112275
20270,attack,attack,0.013767978198029012
20271,attack,attack,0.014828367850579694
20272,attack,normal,0.9947780446998395
20273,attack,attack,0.0014892974590154458
20274,normal,normal,0.9957646884918794
20275,attack,attack,0.010773698525328602
20276,attack,normal,0.9999996258510969
20277,normal,normal,0.9904615784162946
20278,attack,attack,5.584863572504097e-08
20279,normal,normal,0.9981765472730482
20280,attack,normal,0.7077723965843316
20281,attack,normal,0.9984169963190888
20282,normal,normal,0.9137145376763617
20283,attack,attack,3.8392959403172136e-05
20284,attack,attack,5.975447479714801e-05
20285,normal,normal,0.983732675995442
20286,normal,attack,0.009527928938772178
20287,attack,attack,0.0050930080253787455
20288,attack,attack,0.001345116184994068
20289,normal,normal,0.505487419776401
20290,normal,normal,0.9997468401391022
20291,attack,normal,0.9704865979017214
20292,normal,normal,0.9882729166917824
20293,normal,normal,0.9871393973846189
20294,attack,normal,0.9348274869455053
20295,normal,normal,0.9955623401018617
20296,normal,normal,0.9919378764225609
20297,normal,normal,0.9853041066438734
20298,attack,attack,0.0013529209013767572
20299,normal,normal,0.9865366009039657
20300,attack,normal,0.999999912748183
20301,normal,normal,0.9911125337279632
20302,attack,attack,0.0031714495465279737
20303,normal,normal,0.9970448617808192
20304,attack,attack,2.6322681162386426e-07
20305,attack,attack,3.6101709568748506e-06
20306,normal,attack,0.0056217336844455205
20307,attack,attack,0.006054886766974515
20308,normal,normal,0.9904166721422988
20309,normal,normal,0.999656921638424
20310,attack,attack,0.00022965028291011924
20311,attack,attack,0.12641522242035944
20312,attack,attack,0.0012647719939930155
20313,normal,normal,0.9968552651098092
20314,attack,attack,0.0001269953214551934
20315,attack,normal,0.9987709680615194
20316,attack,normal,0.986281623161125
20317,normal,normal,0.9913506968409523
20318,normal,normal,0.9990386475520453
20319,normal,normal,0.9981784396146294
20320,normal,normal,0.9927714803091471
20321,attack,attack,2.7543419809941817e-07
20322,normal,normal,0.9335152380658182
20323,attack,normal,0.9922511355036753
20324,attack,attack,4.4777882501262913e-07
20325,normal,normal,0.9873377677072841
20326,normal,normal,0.9976638597010096
20327,attack,attack,4.560332507004481e-06
20328,normal,normal,0.999702125556526
20329,attack,attack,7.54353201133324e-09
20330,attack,attack,3.061076209871694e-07
20331,normal,normal,0.9968413602771813
20332,attack,normal,0.9971746368189933
20333,attack,attack,0.0002938243689949556
20334,normal,normal,0.9469020625343518
20335,normal,normal,0.9758106378885892
20336,normal,normal,0.9994314442995849
20337,attack,attack,0.00303811487602156
20338,normal,normal,0.9948309934306598
20339,attack,normal,0.9955187563224723
20340,attack,normal,0.9988437368323966
20341,normal,normal,0.9911263085526353
20342,attack,attack,0.020391085490318508
20343,normal,normal,0.9998657217697262
20344,attack,attack,0.15568502363102424
20345,normal,normal,0.9991646047881116
20346,attack,normal,0.9352120513728918
20347,attack,normal,0.8650164331132019
20348,attack,attack,0.002548566603557694
20349,attack,attack,2.155213370913973e-06
20350,normal,normal,0.9959931069279419
20351,normal,normal,0.9762597868869306
20352,attack,attack,0.00017159156346656024
20353,normal,normal,0.9887779303901358
20354,attack,attack,0.012755509955700664
20355,normal,normal,0.9893459204296027
20356,attack,attack,0.00012865109340164132
20357,attack,attack,3.062747615666565e-07
20358,normal,normal,0.9811056821583082
20359,normal,normal,0.998084184492075
20360,attack,attack,0.018419704838535157
20361,normal,normal,0.9901188197918777
20362,attack,attack,0.0067685200838178096
20363,attack,attack,0.3856039116191077
20364,attack,attack,0.011500923490257635
20365,attack,normal,0.9809066643756971
20366,attack,attack,8.60643474116268e-07
20367,normal,normal,0.9907050782732453
20368,attack,attack,5.991962503638971e-07
20369,attack,normal,0.993036071780688
20370,attack,normal,0.9376186535544018
20371,normal,normal,0.9909002857986751
20372,attack,attack,0.0002538014802846843
20373,attack,attack,0.00010936900663985735
20374,normal,normal,0.9908473310807588
20375,normal,normal,0.9983919138449927
20376,attack,normal,0.7617486592007796
20377,normal,normal,0.9900779593290796
20378,normal,normal,0.9973968505211424
20379,attack,attack,0.002362477368428259
20380,normal,normal,0.974515947608917
20381,normal,normal,0.9974760388573914
20382,attack,attack,0.0008109920511065137
20383,normal,normal,0.9953358438346291
20384,attack,attack,0.009070603715670266
20385,attack,attack,0.000999811165411092
20386,normal,normal,0.9902905935459647
20387,attack,attack,0.0007956440597069933
20388,normal,normal,0.9907070281593631
20389,normal,normal,0.9953595261455751
20390,normal,normal,0.986910996851001
20391,attack,normal,0.9983191097214739
20392,normal,normal,0.9945856684052632
20393,attack,normal,0.9877763793969202
20394,normal,normal,0.9871591829423585
20395,attack,attack,0.001003345890704412
20396,attack,attack,0.001718280342024004
20397,normal,normal,0.998120771733826
20398,attack,normal,0.7483963782576131
20399,normal,normal,0.9890006517887754
20400,attack,attack,0.0009237274354296971
20401,normal,normal,0.8915366533414883
20402,attack,normal,0.7346575805179497
20403,attack,attack,4.84832616590821e-06
20404,normal,normal,0.9877894170677353
20405,attack,attack,0.03731685463848512
20406,normal,normal,0.9992766023030645
20407,attack,attack,0.001205199103655994
20408,attack,attack,0.0010213279519486404
20409,normal,normal,0.9968045378618405
20410,attack,attack,0.10433273147552286
20411,attack,normal,0.9999999684018804
20412,attack,normal,0.8233105072528379
20413,normal,normal,0.9971601361093926
20414,attack,attack,0.011617472112286897
20415,attack,normal,0.9796511239799419
20416,attack,normal,0.9831936253545547
20417,attack,normal,0.7241781415998453
20418,attack,normal,0.9983667887393597
20419,normal,normal,0.935211929076699
20420,attack,attack,0.484447028878656
20421,normal,normal,0.9868370506095843
20422,normal,normal,0.9935683078852564
20423,attack,attack,0.001214813695172029
20424,attack,normal,0.9999999264508309
20425,attack,attack,0.00030024852514233026
20426,attack,attack,1.0367887877676282e-05
20427,normal,normal,0.9827786087713017
20428,normal,attack,0.02670755461669396
20429,attack,attack,0.029729589027885354
20430,normal,normal,0.9875409296691966
20431,normal,normal,0.9837693466222738
20432,attack,attack,0.0018832438032242115
20433,attack,normal,0.9987535879234507
20434,attack,attack,3.336295528039228e-07
20435,attack,normal,0.8195127395863638
20436,normal,normal,0.9932521825567328
20437,attack,attack,0.00044960034025043886
20438,attack,attack,0.00015948981821514325
20439,normal,normal,0.998002627219116
20440,attack,normal,0.9903058042777786
20441,attack,normal,0.9345674637968838
20442,normal,attack,0.0069924802237494015
20443,normal,normal,0.9863508251843889
20444,attack,attack,0.029911758036911866
20445,normal,normal,0.990804055047717
20446,normal,normal,0.9904951970945249
20447,normal,normal,0.9977640950118883
20448,normal,attack,0.004846468339013327
20449,attack,attack,0.0012233383021362284
20450,normal,normal,0.9974404785097514
20451,normal,attack,0.005457394106848741
20452,normal,normal,0.987689077005702
20453,attack,attack,6.623335304957916e-06
20454,normal,attack,0.14620114626956604
20455,normal,normal,0.9892382654513789
20456,normal,normal,0.999722573815925
20457,attack,attack,0.04861527140076222
20458,normal,normal,0.996349807508367
20459,normal,normal,0.9998406583752925
20460,attack,attack,8.765660086278545e-08
20461,attack,normal,0.9405466002993943
20462,attack,attack,0.0013904663566563745
20463,attack,normal,0.9990255202742305
20464,attack,attack,0.0681880524707068
20465,attack,attack,5.805041676992985e-08
20466,attack,attack,0.00026788828621636596
20467,normal,normal,0.9953313738098415
20468,attack,attack,2.6597473848394436e-07
20469,attack,normal,0.9986816552015035
20470,attack,attack,0.00013647428957618137
20471,attack,attack,0.006128975266633212
20472,attack,attack,2.222224437143152e-07
20473,normal,normal,0.9364248545245926
20474,attack,normal,0.9999996258705804
20475,attack,normal,0.9788725729411164
20476,normal,normal,0.9862880000281216
20477,attack,attack,0.00030119788349519905
20478,normal,normal,0.9875764525631557
20479,normal,normal,0.9977111297681523
20480,attack,normal,0.8517414371162961
20481,attack,normal,0.9999999153026983
20482,attack,attack,0.01456456513426314
20483,attack,attack,0.00014491945506280864
20484,normal,normal,0.9932599374436046
20485,attack,normal,0.8244394791821414
20486,attack,attack,0.4474079401994196
20487,normal,normal,0.9899947877200262
20488,normal,normal,0.849351742529268
20489,normal,normal,0.9972585675305841
20490,attack,normal,0.9987522385578697
20491,normal,normal,0.989443043028906
20492,normal,attack,0.22819372702063992
20493,attack,attack,0.08811030639482999
20494,attack,attack,5.15291682469993e-07
20495,attack,normal,0.9978355325799966
20496,normal,normal,0.9994323334162608
20497,attack,attack,0.3732975186517642
20498,attack,attack,0.04653274698649229
20499,attack,normal,0.9990221316408913
20500,attack,normal,0.9388459904334642
20501,attack,normal,0.9868644799554438
20502,attack,attack,0.10199207464483719
20503,attack,attack,0.005291644296630915
20504,normal,normal,0.9904055066545975
20505,attack,attack,0.006623303084496725
20506,normal,normal,0.9865212972224207
20507,attack,attack,0.053745344544225235
20508,attack,attack,9.274700870543836e-05
20509,attack,attack,0.0017195220700593065
20510,normal,normal,0.997503282183331
20511,normal,normal,0.9933703648887167
20512,attack,normal,0.9348273821002224
20513,attack,attack,0.16711034731995517
20514,attack,normal,0.9792947107251501
20515,attack,attack,0.00010672491879695104
20516,attack,attack,0.003873747807172324
20517,normal,normal,0.9974794779949776
20518,attack,attack,0.07604306639078197
20519,attack,attack,0.003980248977525833
20520,attack,attack,4.3230833008660823e-07
20521,normal,normal,0.9899988635663274
20522,attack,normal,0.998654664490846
20523,normal,normal,0.9929495059767294
20524,normal,normal,0.9862492263562692
20525,attack,attack,0.0870687329445429
20526,normal,normal,0.9948595263659527
20527,normal,normal,0.9952346392369211
20528,attack,normal,0.9448155264838785
20529,normal,normal,0.9945202277512148
20530,normal,normal,0.9997762727735433
20531,attack,normal,0.9012699982603477
20532,attack,normal,0.9999998466203626
20533,attack,normal,0.7631594237768191
20534,attack,attack,0.011142464976425678
20535,normal,normal,0.9978864053441182
20536,normal,normal,0.9989117669120241
20537,normal,normal,0.9974951966192503
20538,normal,normal,0.9842003908289223
20539,attack,attack,0.33348674921688365
20540,attack,normal,0.997386472902132
20541,normal,normal,0.9906680442929909
20542,attack,attack,0.10423738648663342
20543,attack,attack,3.9968664349083545e-06
20544,attack,attack,7.84394703878049e-06
20545,attack,attack,0.0002561716083101135
20546,attack,attack,0.00943854460413988
20547,attack,normal,0.9999995077930754
20548,attack,normal,0.9988115767454744
20549,normal,normal,0.9622251417452752
20550,normal,normal,0.9989511044757996
20551,normal,normal,0.998679013304742
20552,attack,normal,0.9388425321623711
20553,normal,normal,0.9902922494308534
20554,attack,attack,0.02609134012064081
20555,attack,normal,0.7247972328306782
20556,attack,normal,0.9304704636209105
20557,normal,normal,0.9874756599904614
20558,attack,attack,0.00010113327036160406
20559,normal,normal,0.9998475428295075
20560,attack,attack,0.008070859834056992
20561,attack,normal,0.9089652836653375
20562,attack,attack,0.008784864263861464
20563,attack,attack,9.451215502736652e-05
20564,attack,attack,0.036502877803825724
20565,attack,attack,0.0004002796337446315
20566,normal,normal,0.9973515265133754
20567,normal,normal,0.9774105315576763
20568,attack,attack,1.6774887073514766e-07
20569,normal,normal,0.9872585390149629
20570,attack,attack,0.011399916472060819
20571,normal,normal,0.993320825932139
20572,attack,normal,0.9958118355107133
20573,normal,normal,0.9895875418570818
20574,normal,normal,0.9926723035131363
20575,normal,normal,0.9997155194680539
20576,normal,normal,0.9925480053648162
20577,attack,normal,0.9990523644469956
20578,normal,normal,0.9552766201935141
20579,normal,normal,0.9874680789652346
20580,normal,normal,0.9995810439834004
20581,attack,attack,0.00013109805756757496
20582,normal,normal,0.9974522377552152
20583,normal,normal,0.9976693245204761
20584,normal,normal,0.9883621759883762
20585,attack,normal,0.9964155017911304
20586,attack,attack,0.0004662895838917604
20587,attack,attack,0.0013731984678051197
20588,attack,attack,0.0004145587195651499
20589,normal,normal,0.9918457337674156
20590,normal,normal,0.9894090344986609
20591,normal,normal,0.9969626625199064
20592,normal,normal,0.9746209347737558
20593,attack,normal,0.8821061825357
20594,normal,normal,0.9348822523136788
20595,attack,attack,0.00022446163466933444
20596,normal,normal,0.9974624561398674
20597,attack,normal,0.9999999361769313
20598,attack,attack,0.00025135059375745966
20599,attack,attack,0.02066267265208605
20600,normal,normal,0.9970774782018417
20601,attack,attack,0.013067882433202472
20602,attack,attack,9.639965691310652e-05
20603,attack,normal,0.950254392613808
20604,attack,attack,0.04145992113395425
20605,normal,normal,0.9944429824721238
20606,normal,normal,0.9980852775187189
20607,attack,normal,0.9568226454877284
20608,attack,attack,0.00790345722132978
20609,attack,normal,0.9933623038913783
20610,normal,normal,0.9997732010955346
20611,attack,attack,6.955912000668986e-05
20612,attack,attack,0.0001052603174234782
20613,attack,attack,0.0011778761047965042
20614,normal,normal,0.9988582573895037
20615,normal,normal,0.9964732599391762
20616,attack,attack,0.05891120195575995
20617,attack,normal,0.7887293138770468
20618,normal,normal,0.9901890285800415
20619,normal,normal,0.9905282021941896
20620,attack,normal,0.991881635605667
20621,attack,normal,0.9413301402562613
20622,normal,normal,0.9998238688660102
20623,normal,normal,0.9958694501639819
20624,normal,normal,0.9893488564407757
20625,attack,normal,0.9979283401578622
20626,normal,normal,0.9977733663670231
20627,attack,normal,0.9987130404749689
20628,attack,attack,2.7614222944127993e-05
20629,attack,attack,5.635251989100688e-08
20630,attack,attack,4.42678217180897e-07
20631,normal,normal,0.9998010270627228
20632,normal,normal,0.9817560336946962
20633,attack,attack,0.33045840535108595
20634,attack,attack,5.980382183156508e-08
20635,normal,normal,0.9898917183504805
20636,attack,attack,0.00030252109338125036
20637,normal,normal,0.97703403836215
20638,attack,attack,0.002092983531904453
20639,normal,normal,0.9905495068663449
20640,normal,normal,0.9833814766357173
20641,normal,normal,0.9996636749476746
20642,attack,attack,2.5601397237629903e-07
20643,attack,attack,0.002550012913234486
20644,attack,attack,0.00145412145979799
20645,attack,normal,0.9983188877054541
20646,attack,attack,0.0016364860485714337
20647,attack,normal,0.9950323679110064
20648,attack,attack,0.005432343936336569
20649,attack,attack,0.0022225183117728117
20650,attack,normal,0.9999999286041668
20651,attack,normal,0.9335846964432498
20652,normal,normal,0.9858727329108325
20653,attack,normal,0.9940377733553561
20654,normal,normal,0.9976987922260313
20655,normal,normal,0.9978411030630228
20656,normal,normal,0.9944101958997135
20657,normal,normal,0.9976700111362575
20658,normal,normal,0.989751161649571
20659,attack,attack,0.00026709338260866723
20660,normal,attack,0.005252413469773603
20661,attack,attack,8.578991609758959e-07
20662,normal,normal,0.9941348541902261
20663,attack,attack,0.00031895615680529543
20664,attack,attack,0.00016342904359434876
20665,attack,attack,0.01507511670517216
20666,attack,attack,0.0006055307878113945
20667,normal,normal,0.9981119803578312
20668,normal,attack,0.04397078230357816
20669,attack,normal,0.5577423156124406
20670,attack,attack,0.002939053242206415
20671,normal,normal,0.8024425748214469
20672,normal,normal,0.9998829138279107
20673,normal,normal,0.9969424577518095
20674,attack,attack,1.1564582339024435e-07
20675,attack,attack,0.10284234002772563
20676,attack,attack,0.022145977403676784
20677,normal,normal,0.9953275062626276
20678,attack,attack,0.32058952371620086
20679,attack,normal,0.9985550026047906
20680,normal,normal,0.9994866158188505
20681,normal,normal,0.9975768037197346
20682,attack,normal,0.9679910260844216
20683,attack,attack,0.0019865238327586455
20684,attack,normal,0.9989560860893099
20685,attack,attack,0.0007026844743269702
20686,normal,normal,0.9750535912756069
20687,attack,attack,0.08265407029277624
20688,attack,normal,0.6754357834099742
20689,attack,attack,7.690423253307315e-06
20690,normal,normal,0.9966865568569623
20691,normal,normal,0.9978873106821582
20692,attack,normal,0.8627162919570476
20693,attack,normal,0.9999997740890723
20694,attack,normal,0.9987319963414563
20695,attack,normal,0.9480147021107698
20696,normal,normal,0.9845144620278142
20697,attack,normal,0.9995804885589362
20698,attack,attack,0.0010055827502639867
20699,normal,normal,0.9906837821111689
20700,attack,attack,0.0008159616394471072
20701,attack,normal,0.9990301771758231
20702,normal,normal,0.9956338702181843
20703,attack,normal,0.9946491622833468
20704,normal,attack,0.004177666526721146
20705,attack,normal,0.9987860322862675
20706,attack,attack,0.000212774007907494
20707,attack,attack,0.09045654318694078
20708,attack,attack,0.01406102788499331
20709,normal,normal,0.9933501593916865
20710,attack,attack,1.8356718101919838e-05
20711,normal,normal,0.9965260419655977
20712,attack,attack,3.4079459667704484e-05
20713,attack,normal,0.9778317131362438
20714,normal,normal,0.9976595758628629
20715,attack,attack,1.5107642152376601e-05
20716,attack,normal,0.9972678697487053
20717,normal,normal,0.9861189070530548
20718,normal,normal,0.9965020602667622
20719,normal,attack,0.005197369239292089
20720,attack,normal,0.9975830875586804
20721,normal,normal,0.9884611316741176
20722,attack,normal,0.9910579126565242
20723,attack,attack,0.008161076821121247
20724,normal,attack,0.009362751271002067
20725,normal,normal,0.9851303363030134
20726,attack,attack,0.0009220854036450793
20727,attack,attack,0.000650898291796326
20728,attack,attack,0.0002110696748459778
20729,attack,normal,0.7409005425382447
20730,attack,attack,0.2832266715193048
20731,attack,attack,0.0001465956031518668
20732,attack,attack,0.0010109781391556569
20733,normal,normal,0.9897618357177231
20734,normal,normal,0.9952804612079534
20735,attack,attack,0.03117552263403607
20736,attack,attack,0.0003531003584028577
20737,attack,attack,4.7420497797685806e-07
20738,normal,normal,0.9905887828819213
20739,normal,normal,0.9901038128380473
20740,attack,attack,9.457060724940636e-05
20741,normal,normal,0.9875018885325665
20742,attack,attack,9.285311289485579e-08
20743,attack,attack,0.07107878038499608
20744,normal,normal,0.9997685350156977
20745,normal,normal,0.9982001618581596
20746,attack,attack,0.00011680624121731483
20747,attack,attack,0.00011761100326273617
20748,normal,normal,0.9895493477693807
20749,attack,attack,0.00010777705069038229
20750,attack,attack,0.001293682864643301
20751,attack,attack,0.0023207996839464404
20752,attack,attack,4.75470413023159e-07
20753,attack,normal,0.999999930759715
20754,normal,attack,0.04240230587270506
20755,attack,attack,0.00096359407352888
20756,attack,attack,0.001668846984039376
20757,normal,normal,0.9998631936031742
20758,attack,attack,0.00019787236805164386
20759,normal,normal,0.9949173092593365
20760,normal,normal,0.9996163461401854
20761,normal,normal,0.9969434751822812
20762,attack,attack,0.02947738771222585
20763,attack,normal,0.999999970902935
20764,attack,attack,0.0007626756848044668
20765,attack,normal,0.9981137289176282
20766,attack,attack,0.0014311837275373998
20767,attack,normal,0.9862804285813666
20768,normal,normal,0.9940520198839494
20769,attack,attack,0.00017726875487020563
20770,attack,attack,0.0005407972661461435
20771,attack,normal,0.9999994755807579
20772,attack,attack,0.007686340672332667
20773,normal,normal,0.9967054535196741
20774,normal,normal,0.9963618176647512
20775,attack,attack,0.011127017329894736
20776,normal,normal,0.9842960926043258
20777,attack,attack,0.02541295638285977
20778,normal,attack,0.0040553773310373275
20779,attack,attack,0.03872358601859698
20780,attack,attack,0.0001132284415482169
20781,normal,attack,1.2007706073976218e-08
20782,attack,attack,0.00017850313584275823
20783,normal,normal,0.9964137818262323
20784,attack,attack,0.11685743875980484
20785,normal,normal,0.9953369436612112
20786,attack,normal,0.9999999328536878
20787,attack,normal,0.9945164315677215
20788,normal,normal,0.9908043816041427
20789,normal,normal,0.9948060933100141
20790,attack,attack,0.0013341487894593517
20791,normal,normal,0.9967816328506672
20792,attack,normal,0.9363683295284739
20793,attack,attack,0.00025449004713285595
20794,attack,normal,0.9961365196358554
20795,normal,normal,0.9896796287880076
20796,normal,attack,0.05777222592347608
20797,attack,attack,9.390968773475631e-09
20798,normal,normal,0.993544888208007
20799,attack,normal,0.9999999218002263
20800,normal,normal,0.9845258663702711
20801,normal,attack,0.0057910080981913685
20802,normal,normal,0.9955716026677485
20803,attack,attack,0.004187510922048939
20804,normal,normal,0.9969273889030498
20805,normal,attack,0.017733905546979123
20806,normal,normal,0.8698416403051121
20807,normal,normal,0.996680481439765
20808,attack,attack,0.05777821213745349
20809,normal,normal,0.9933517715068312
20810,attack,attack,0.0029062243028323284
20811,attack,attack,0.0008336884819106952
20812,normal,normal,0.9948547579004895
20813,normal,normal,0.9960225957366114
20814,normal,normal,0.9874909498375779
20815,normal,normal,0.9966045329073052
20816,attack,normal,0.999079605217323
20817,normal,normal,0.9878615790335523
20818,attack,normal,0.9985043842257156
20819,normal,attack,0.16730529129088065
20820,normal,normal,0.9905087309035924
20821,normal,normal,0.9971328920402537
20822,attack,attack,2.802031346293622e-06
20823,normal,normal,0.9803097000955107
20824,normal,normal,0.9902815511121199
20825,normal,normal,0.9893239081203565
20826,attack,normal,0.9393799673110125
20827,normal,normal,0.9897810499906848
20828,normal,normal,0.9758232173152216
20829,attack,attack,4.296971424301507e-05
20830,attack,attack,0.0015175447404096685
20831,attack,attack,8.527688407688794e-05
20832,attack,attack,7.85143342047628e-08
20833,attack,normal,0.9989983865193353
20834,attack,normal,0.9994283049365005
20835,attack,attack,0.004760101559146065
20836,attack,attack,0.015211320937823312
20837,attack,attack,0.002663638885499342
20838,normal,normal,0.9978546995940591
20839,attack,attack,2.8753782907901206e-05
20840,normal,normal,0.9960329800851919
20841,normal,normal,0.9867916482892364
20842,attack,normal,0.999996213082718
20843,attack,attack,2.473697941909463e-07
20844,normal,normal,0.6364025585128025
20845,attack,attack,0.0004487703584233664
20846,normal,normal,0.9888150144161315
20847,normal,normal,0.9895639427367909
20848,attack,normal,0.9971538587575888
20849,attack,normal,0.74858053200365
20850,attack,normal,0.9961551485804663
20851,normal,normal,0.9978997676306723
20852,normal,normal,0.9957694374368598
20853,normal,normal,0.9979107479726054
20854,normal,normal,0.9965560320013025
20855,attack,normal,0.995495703000034
20856,attack,attack,0.0014524109677951306
20857,attack,attack,4.988726847457613e-07
20858,attack,normal,0.9877466046663707
20859,normal,normal,0.9980735470626506
20860,normal,normal,0.9872765973619845
20861,attack,attack,0.00026678798556862724
20862,attack,normal,0.9968365360584347
20863,attack,normal,0.9358497148894709
20864,normal,normal,0.999816102717209
20865,normal,normal,0.9906093802538145
20866,attack,attack,0.0012180616832251896
20867,normal,normal,0.9922776801465685
20868,normal,normal,0.9955882218777556
20869,normal,normal,0.9847240078117104
20870,normal,normal,0.9950979425706633
20871,normal,normal,0.9969031888401454
20872,attack,attack,0.0012055350725418263
20873,attack,attack,0.004956141532557459
20874,normal,normal,0.9887272161327072
20875,normal,attack,0.004660170630163972
20876,attack,normal,0.6111414085234143
20877,attack,normal,0.9953677845101745
20878,attack,normal,0.9986985746644068
20879,attack,attack,2.3101766667600542e-07
20880,normal,normal,0.9865690956745664
20881,attack,attack,0.0010320536282738498
20882,attack,normal,0.932094188136545
20883,normal,normal,0.995300345998619
20884,attack,normal,0.9999101256816869
20885,normal,normal,0.9875627731804479
20886,attack,attack,0.0030517992263052423
20887,attack,normal,0.9996801521810543
20888,attack,attack,0.0007231621895042592
20889,attack,normal,0.9985993721377341
20890,attack,normal,0.9983669090254651
20891,normal,normal,0.9977489777884769
20892,attack,attack,0.0010211656947924932
20893,attack,attack,0.0009863563560598763
20894,attack,attack,0.04426529965262942
20895,attack,normal,0.9999768455070077
20896,attack,attack,0.15659901282878114
20897,attack,attack,0.007729291387463059
20898,normal,normal,0.9957934360787871
20899,normal,normal,0.996457325608863
20900,attack,normal,0.8161629877414085
20901,normal,normal,0.9993903354664729
20902,attack,normal,0.998771961167064
20903,attack,attack,0.0008904248207683877
20904,attack,attack,7.539858003153224e-05
20905,attack,attack,0.0005739551933142731
20906,normal,normal,0.9941712497599566
20907,normal,normal,0.9438890132948506
20908,attack,attack,0.0001981823500632381
20909,normal,normal,0.9994866209569729
20910,normal,normal,0.9894555908145956
20911,attack,normal,0.9994269026169326
20912,attack,attack,0.006967149124338576
20913,normal,attack,8.824120275547362e-09
20914,attack,attack,0.06743847640886724
20915,attack,attack,9.053219573177055e-05
20916,attack,attack,0.0002766479069555714
20917,attack,attack,0.009171796610284322
20918,attack,normal,0.9987199605211737
20919,attack,attack,0.1180298868830122
20920,normal,normal,0.9946013242579509
20921,attack,attack,0.0007730058584491181
20922,attack,normal,0.9919852373540469
20923,attack,attack,0.00010546343316267651
20924,attack,attack,0.0009785028642928025
20925,attack,attack,4.191307617878004e-08
20926,normal,normal,0.9696394689819884
20927,normal,normal,0.9959256734132291
20928,attack,attack,0.0011657063245086115
20929,attack,attack,0.006310656840100008
20930,attack,normal,0.9341804235692455
20931,attack,attack,0.009958449829820654
20932,normal,normal,0.9960282685651268
20933,attack,normal,0.9044702942417212
20934,normal,normal,0.5357942982588623
20935,attack,normal,0.9869646854514847
20936,attack,attack,0.00018588867024384094
20937,attack,attack,0.008762051436115975
20938,attack,attack,5.923867790039844e-07
20939,normal,normal,0.8711645430132744
20940,normal,normal,0.9902632462754347
20941,attack,attack,0.00012709179687667174
20942,attack,attack,0.009146511750150093
20943,attack,attack,0.007159928651407831
20944,normal,normal,0.997716005163906
20945,attack,attack,7.15135426444575e-05
20946,attack,normal,0.9910485218184274
20947,attack,attack,0.006211388729073432
20948,normal,normal,0.996900851716411
20949,normal,normal,0.982324817203797
20950,attack,normal,0.9996802177215517
20951,normal,normal,0.989119940026258
20952,normal,normal,0.9978340376646969
20953,normal,normal,0.9869975182946573
20954,attack,attack,6.201465646747014e-08
20955,attack,attack,0.016188475935583
20956,attack,attack,1.4711197399146964e-06
20957,attack,attack,0.019910331793218775
20958,normal,normal,0.9921691888869408
20959,attack,normal,0.9999998026124567
20960,attack,normal,0.9990100175869936
20961,attack,attack,7.909567768122452e-05
20962,normal,attack,0.005353922533836225
20963,normal,normal,0.9943418296810297
20964,attack,attack,0.00032324519503843625
20965,attack,attack,0.032128464763894624
20966,attack,normal,0.80842391281178
20967,normal,normal,0.9820126197258751
20968,normal,normal,0.9899969880251046
20969,normal,normal,0.9998987996466885
20970,normal,normal,0.9900361102692526
20971,attack,attack,0.002632835636728254
20972,normal,normal,0.9903534394650109
20973,attack,attack,0.1141010002540826
20974,normal,normal,0.9902981343702563
20975,normal,normal,0.9922222420265366
20976,attack,attack,0.02902575530832888
20977,normal,normal,0.9926137822516894
20978,attack,attack,0.0007239120292188767
20979,attack,normal,0.7824382704468563
20980,attack,attack,0.048152394810260235
20981,normal,normal,0.9978969122449084
20982,attack,attack,0.0010857518875722373
20983,attack,attack,7.439676285549766e-07
20984,attack,attack,0.0015816828232575438
20985,attack,normal,0.9991627384083877
20986,normal,normal,0.9898969747505788
20987,attack,attack,9.981400784762293e-08
20988,attack,normal,0.990322532137961
20989,attack,attack,0.0003674275122954992
20990,attack,attack,0.008900406025680303
20991,normal,normal,0.9974665917557296
20992,normal,normal,0.9836194895357343
20993,normal,normal,0.9892379668901311
20994,attack,attack,0.00022206122954158538
20995,attack,attack,4.109033142070895e-08
20996,attack,normal,0.9974352636760097
20997,normal,normal,0.990776176654078
20998,attack,attack,0.07626707019487015
20999,normal,normal,0.9996702083097466
21000,attack,normal,0.6747329572978946
21001,attack,normal,0.9989097333167195
21002,normal,normal,0.9934550588647507
21003,normal,normal,0.9937555249320634
21004,attack,attack,0.00024230282866644055
21005,attack,normal,0.9980234882717021
21006,normal,normal,0.9626257544772303
21007,attack,attack,6.480124247093282e-07
21008,attack,attack,0.0003893546812162242
21009,normal,normal,0.9906093501462959
21010,attack,normal,0.9989844450865276
21011,normal,normal,0.9963193240521048
21012,attack,normal,0.8203256424115931
21013,attack,attack,0.02383011833837515
21014,normal,normal,0.9995871763869422
21015,attack,attack,0.0075553934791965935
21016,attack,normal,0.9461386160813219
21017,attack,attack,0.03257937179209651
21018,attack,attack,2.809833188331762e-07
21019,normal,attack,0.0036077857902522136
21020,attack,attack,0.0009696998141956127
21021,attack,normal,0.9989292615308427
21022,attack,normal,0.990145001644929
21023,attack,normal,0.9895931416894501
21024,attack,normal,0.7923561383412433
21025,normal,normal,0.9957133983340853
21026,attack,attack,0.12342651186698878
21027,normal,normal,0.9970956379589311
21028,attack,attack,8.749687154493281e-05
21029,normal,normal,0.9832850857118657
21030,attack,attack,0.002010999411612419
21031,attack,normal,0.9987675021362347
21032,attack,attack,0.0018578458211677494
21033,normal,normal,0.9782692105295222
21034,normal,normal,0.9474768982307723
21035,normal,normal,0.9928385868165737
21036,normal,normal,0.9960139574003362
21037,normal,normal,0.9970376186946889
21038,attack,normal,0.8540219354756259
21039,attack,normal,0.6110456195131897
21040,normal,normal,0.9897804982591126
21041,normal,normal,0.9881065644882733
21042,attack,attack,0.0011386929121770008
21043,attack,attack,0.001691310881985597
21044,normal,normal,0.9946013773403645
21045,attack,attack,0.0012558411422452654
21046,attack,attack,4.776460038001104e-08
21047,normal,attack,0.006329754849614834
21048,normal,normal,0.9851129410358241
21049,normal,normal,0.9957942662981063
21050,attack,attack,0.012071893627842108
21051,attack,attack,7.969941569076794e-07
21052,normal,normal,0.9949125185701834
21053,attack,attack,0.0030227436195845374
21054,attack,normal,0.8008787740045522
21055,attack,normal,0.988477420885987
21056,normal,normal,0.9897825633497833
21057,normal,normal,0.9609151497990689
21058,attack,normal,0.9951867293324232
21059,normal,normal,0.9889175278510554
21060,attack,attack,0.00021169173079793577
21061,normal,normal,0.9762800996949221
21062,normal,normal,0.9879887708385254
21063,attack,attack,0.0003398908330206704
21064,attack,attack,0.0015661038019714744
21065,attack,attack,0.001165010209130209
21066,normal,normal,0.9774543680136574
21067,normal,normal,0.9979282958682137
21068,attack,normal,0.9999999159184823
21069,normal,normal,0.6681487619690486
21070,normal,normal,0.9997330479191665
21071,normal,normal,0.9979411675921883
21072,attack,normal,0.935353857163252
21073,attack,normal,0.9951999164080474
21074,attack,normal,0.9768770576179381
21075,attack,attack,3.6883742451075975e-06
21076,attack,normal,0.8962460243148208
21077,attack,normal,0.9995386800411429
21078,normal,normal,0.9875155003492769
21079,normal,normal,0.9974943381210348
21080,attack,normal,0.9963678757637855
21081,attack,normal,0.9982815865426313
21082,attack,attack,0.0009984874038417694
21083,attack,attack,0.30429627605688364
21084,normal,normal,0.9715003787129476
21085,normal,attack,0.006042083346799103
21086,attack,attack,0.41092390456433503
21087,attack,normal,0.9990100176884956
21088,normal,normal,0.9861394749663898
21089,attack,attack,0.002739057135166982
21090,attack,normal,0.9999966763369419
21091,attack,normal,0.9999994305210215
21092,normal,normal,0.9943945246506548
21093,normal,normal,0.9965189075653712
21094,attack,attack,4.121973155602516e-07
21095,normal,normal,0.9973896672142092
21096,attack,attack,0.2595554817884112
21097,attack,normal,0.7587683826042854
21098,attack,normal,0.8330687481501833
21099,normal,normal,0.9967330163028593
21100,attack,normal,0.5181984554041794
21101,normal,normal,0.9974656659560929
21102,attack,attack,0.0004929447137238817
21103,attack,normal,0.9990544768776749
21104,normal,normal,0.9933326016825307
21105,attack,attack,0.0023191180965976598
21106,attack,normal,0.6433566234356315
21107,attack,attack,0.031442177204434804
21108,attack,normal,0.9999999352355242
21109,normal,normal,0.9884843573388226
21110,attack,normal,0.9475962576453673
21111,attack,attack,0.1170139320356658
21112,attack,normal,0.9999996471315171
21113,attack,attack,9.635278500641861e-06
21114,normal,normal,0.9977560661346305
21115,normal,normal,0.9997661736511446
21116,normal,normal,0.9978951623214091
21117,attack,attack,3.3332999349932847e-07
21118,attack,attack,0.14766795143973488
21119,attack,attack,1.5966607813891032e-07
21120,attack,normal,0.7407691339275176
21121,normal,attack,0.053855282488409636
21122,normal,normal,0.9973658909032975
21123,attack,attack,0.00030377852730137356
21124,attack,attack,0.048201576425902073
21125,attack,normal,0.9359912284253536
21126,normal,normal,0.9959226730797948
21127,attack,attack,0.010346091505643702
21128,attack,normal,0.990707488154888
21129,normal,normal,0.9894609542347335
21130,attack,attack,0.006645201117361947
21131,normal,normal,0.9347895839363218
21132,normal,normal,0.9968338068426452
21133,attack,attack,0.014797045401888313
21134,attack,attack,0.0024861994421666476
21135,attack,attack,5.2739117519804745e-08
21136,normal,normal,0.9868256309186643
21137,attack,attack,3.57649954088486e-05
21138,attack,normal,0.9958953925948432
21139,attack,attack,8.478885205549175e-07
21140,attack,normal,0.9984455301389765
21141,attack,attack,6.433929431672609e-07
21142,normal,normal,0.996874982089757
21143,attack,normal,0.9449653315406549
21144,attack,attack,0.05398144946496383
21145,normal,attack,0.024966742229151614
21146,normal,normal,0.9336425639816129
21147,attack,normal,0.998630487078878
21148,normal,normal,0.9906022997508005
21149,normal,normal,0.9355044399265715
21150,normal,normal,0.9358471149479484
21151,attack,attack,0.00010389605789917857
21152,attack,normal,0.999999917329913
21153,attack,attack,4.962645857490719e-07
21154,attack,attack,4.308207050414404e-07
21155,attack,normal,0.7814396114588477
21156,normal,normal,0.994229413913207
21157,attack,attack,0.0002076572537296397
21158,attack,normal,0.5809107428029583
21159,attack,normal,0.9999999086757653
21160,attack,attack,0.014907944376583507
21161,normal,normal,0.9527540456694821
21162,normal,normal,0.9982515846508292
21163,attack,attack,0.001515518622259881
21164,attack,normal,0.9974279013098837
21165,attack,attack,0.0014249154953670288
21166,normal,normal,0.9916188848105236
21167,normal,normal,0.9981723083467385
21168,normal,normal,0.9740767154892095
21169,normal,normal,0.9888084456887228
21170,attack,normal,0.9937477983722987
21171,normal,normal,0.9966702207178801
21172,attack,attack,0.000623074453745298
21173,normal,normal,0.9962152091582369
21174,attack,attack,0.07632052391676612
21175,normal,normal,0.9978755996825857
21176,attack,normal,0.8371188976969673
21177,attack,attack,0.1645862296794935
21178,attack,attack,0.0002056302803923364
21179,normal,normal,0.996522013862949
21180,normal,normal,0.9977602995567533
21181,normal,normal,0.98601406504512
21182,normal,normal,0.9947219558634101
21183,attack,attack,2.5719499669807125e-07
21184,normal,normal,0.9872457150321149
21185,normal,normal,0.9902071038035414
21186,normal,normal,0.9849765605298144
21187,attack,attack,2.1205972111812295e-07
21188,attack,attack,0.00044402881679763914
21189,attack,attack,0.04734094245221528
21190,attack,normal,0.5393913251953494
21191,attack,attack,0.009359067969105994
21192,normal,normal,0.9876791014739692
21193,attack,normal,0.6243903621106848
21194,attack,attack,0.0033648573579337033
21195,normal,normal,0.9873480287728603
21196,normal,normal,0.9875399772006292
21197,normal,normal,0.975100910156035
21198,normal,normal,0.9969584477646741
21199,normal,normal,0.999990789312133
21200,normal,normal,0.9965463078583627
21201,attack,normal,0.6903055858035033
21202,attack,attack,4.5329439281322935e-07
21203,normal,normal,0.9931930549552476
21204,attack,normal,0.9999998031987797
21205,normal,normal,0.9886341747785258
21206,attack,normal,0.9134973363264172
21207,normal,normal,0.9978643438716389
21208,attack,attack,0.4980406375564978
21209,attack,normal,0.7750384914354176
21210,normal,normal,0.9822389603604553
21211,normal,normal,0.9905005847225113
21212,normal,normal,0.9967303839976119
21213,attack,attack,0.0008630486113712444
21214,attack,attack,0.0007294806622806464
21215,normal,normal,0.9968340022070866
21216,attack,attack,0.022104988138538232
21217,normal,normal,0.9991431779897646
21218,normal,normal,0.9998392931991709
21219,attack,normal,0.9895997211010736
21220,attack,attack,0.0010335849269204882
21221,normal,normal,0.9908934927341938
21222,attack,attack,0.003062843512476742
21223,normal,normal,0.986790955435896
21224,attack,attack,9.42593669644055e-08
21225,attack,normal,0.992343293954819
21226,attack,normal,0.9999999157661332
21227,normal,normal,0.9976856007900878
21228,normal,normal,0.9891235796112806
21229,attack,normal,0.9224047271026881
21230,normal,normal,0.9998321222753982
21231,normal,normal,0.9893390541363835
21232,normal,normal,0.9851564997545224
21233,normal,normal,0.9923297388317067
21234,attack,attack,0.0017962218825325125
21235,attack,attack,0.04629871477805505
21236,normal,normal,0.9977735015417583
21237,normal,normal,0.9890119003456571
21238,attack,normal,0.9871618523056054
21239,attack,normal,0.999999791525427
21240,attack,attack,0.024845510424894933
21241,normal,normal,0.997650713748964
21242,attack,attack,2.8571204660788256e-07
21243,normal,normal,0.9352542210250576
21244,normal,normal,0.998054368052029
21245,normal,normal,0.9976075299629282
21246,normal,normal,0.9906091355237653
21247,attack,normal,0.9062907759663964
21248,normal,normal,0.9975750529191427
21249,normal,normal,0.9884191133217787
21250,normal,normal,0.9905294341284631
21251,normal,normal,0.9860275942150142
21252,attack,attack,0.00011855651774930776
21253,normal,normal,0.9777255229900716
21254,attack,attack,0.0016201771530355462
21255,attack,normal,0.7601886535311358
21256,normal,normal,0.9849800983180326
21257,attack,attack,0.05048021488767488
21258,normal,normal,0.9971436291878476
21259,normal,normal,0.9910016059325351
21260,attack,normal,0.9990109988348157
21261,attack,attack,0.0009444090112908854
21262,normal,normal,0.9887074546950891
21263,normal,normal,0.9873210424560047
21264,normal,normal,0.9922811307185854
21265,attack,attack,2.423513140337963e-07
21266,normal,normal,0.9970023457941567
21267,normal,normal,0.9863507577904073
21268,attack,attack,0.00171356880820697
21269,normal,normal,0.9885749593589029
21270,attack,attack,8.307792727616044e-05
21271,attack,normal,0.8445631498271291
21272,attack,normal,0.9363653478421308
21273,attack,attack,0.004248931567339464
21274,attack,attack,9.995783445675495e-05
21275,attack,normal,0.7350235775767212
21276,attack,attack,0.00032713814574729654
21277,normal,normal,0.9868933853311249
21278,attack,attack,0.00234883051115522
21279,attack,normal,0.9854301763360752
21280,normal,normal,0.9867855607415384
21281,attack,normal,0.9341804319832361
21282,attack,normal,0.9989652727383376
21283,attack,attack,0.039119705435490974
21284,normal,normal,0.9968674760664827
21285,normal,normal,0.9853560373146575
21286,normal,attack,0.0037238165571377036
21287,attack,attack,0.0002060364368753366
21288,normal,normal,0.9917936675277877
21289,normal,normal,0.9869538830751071
21290,attack,attack,4.157045679573341e-07
21291,attack,attack,0.0007073438110534937
21292,attack,normal,0.9887653679323587
21293,attack,normal,0.9931884218340084
21294,normal,normal,0.9896742474013396
21295,attack,attack,0.05290972419924845
21296,normal,normal,0.9842771703663507
21297,normal,normal,0.9889416141302705
21298,attack,normal,0.908177573036184
21299,attack,attack,7.82174653794176e-05
21300,attack,attack,1.752335058967288e-06
21301,normal,normal,0.9414239578062102
21302,attack,normal,0.9999997315303667
21303,normal,normal,0.988978800810098
21304,normal,normal,0.9852395818005567
21305,attack,normal,0.9911335616678558
21306,attack,normal,0.9991277615982723
21307,normal,normal,0.9857945653263125
21308,attack,attack,0.0008133675309793507
21309,attack,attack,4.843947464165512e-08
21310,normal,normal,0.9959829181837435
21311,attack,normal,0.9984199045096344
21312,normal,normal,0.9873570979100473
21313,normal,attack,0.005790981442240708
21314,attack,attack,6.636901419586649e-07
21315,normal,normal,0.9894616387424604
21316,attack,normal,0.9542014243470415
21317,attack,normal,0.9163412808078772
21318,attack,normal,0.9990692051727501
21319,normal,normal,0.999742754722798
21320,attack,attack,0.023732961883430364
21321,normal,normal,0.9903080820980343
21322,attack,attack,0.001981078233507192
21323,normal,normal,0.9910620592162522
21324,normal,normal,0.9987304679069177
21325,normal,normal,0.99761649528048
21326,attack,attack,2.2661684161855354e-07
21327,attack,normal,0.7877672304705582
21328,normal,normal,0.987813845966298
21329,normal,normal,0.9998139067256209
21330,attack,normal,0.9983170636287764
21331,attack,normal,0.7767441193947368
21332,attack,normal,0.999997604200648
21333,normal,normal,0.7878798972946701
21334,normal,normal,0.9890107284159803
21335,normal,normal,0.9994621303710373
21336,normal,normal,0.9905107843764476
21337,normal,attack,0.0036077859132301743
21338,attack,normal,0.940373066364137
21339,normal,normal,0.9976166857775814
21340,attack,normal,0.8090543835181001
21341,normal,normal,0.9862595004396366
21342,attack,normal,0.9987446218946612
21343,attack,attack,0.0179440048285615
21344,attack,normal,0.9956850426636816
21345,attack,attack,0.001985445070646482
21346,normal,normal,0.9996247356959288
21347,attack,attack,3.4128824405779945e-07
21348,normal,normal,0.9974694082984312
21349,attack,attack,0.00151132582686514
21350,attack,attack,0.0025850102154185072
21351,normal,normal,0.997582398394554
21352,attack,normal,0.7876339713803217
21353,attack,attack,0.0016826382364185568
21354,normal,normal,0.988612199980458
21355,normal,normal,0.9896777448694779
21356,normal,normal,0.9998127116100956
21357,normal,attack,0.003495365364846165
21358,attack,normal,0.9950841130957909
21359,attack,normal,0.9957777382485116
21360,normal,normal,0.9964102392335414
21361,normal,normal,0.9971509066437272
21362,attack,normal,0.9999994726762539
21363,normal,normal,0.9969996325789433
21364,attack,normal,0.9990253554754653
21365,normal,normal,0.9978463043817678
21366,normal,normal,0.9906076846110832
21367,attack,attack,0.0006906596020466281
21368,attack,attack,0.00020106704848253844
21369,normal,normal,0.9894193781402852
21370,normal,normal,0.9969712035356544
21371,attack,attack,5.1478435900269884e-05
21372,normal,normal,0.9997446005191872
21373,attack,attack,3.917630748121033e-07
21374,attack,attack,1.136686384243592e-06
21375,normal,attack,3.6324285993415846e-05
21376,attack,normal,0.999009966933642
21377,normal,normal,0.9980741381556715
21378,attack,normal,0.9984699372602573
21379,attack,attack,4.6072234091373215e-08
21380,attack,attack,0.0009022609879031446
21381,normal,normal,0.9809836071856071
21382,normal,normal,0.9911596040856102
21383,attack,normal,0.998151163063513
21384,attack,attack,0.00018807788489646373
21385,normal,normal,0.985271290508958
21386,attack,normal,0.9999944172483415
21387,attack,normal,0.9398421381399052
21388,normal,normal,0.9845219150173896
21389,attack,attack,0.07911352755265584
21390,attack,normal,0.9962016578169605
21391,normal,normal,0.9996174004099534
21392,attack,attack,0.00019195710803881173
21393,normal,normal,0.9970635999090695
21394,normal,normal,0.9981012624568304
21395,attack,attack,0.00022380807963647413
21396,normal,normal,0.9388425321623711
21397,normal,normal,0.9977580869916846
21398,attack,normal,0.7007249049729839
21399,attack,attack,0.002892312322059728
21400,normal,normal,0.9985073299578955
21401,attack,attack,0.001117384319408007
21402,attack,normal,0.9991466725248758
21403,attack,normal,0.9090115764646479
21404,normal,normal,0.9730127252842153
21405,attack,normal,0.9978602946226204
21406,normal,normal,0.9998029945278765
21407,attack,attack,0.4468001318053201
21408,normal,normal,0.9864195254773079
21409,attack,normal,0.9988720316684342
21410,attack,attack,0.043595762845676934
21411,attack,attack,0.10473479192301038
21412,normal,normal,0.8779628180806698
21413,attack,normal,0.8809292384003772
21414,normal,normal,0.9988304503147556
21415,normal,normal,0.6558621097855132
21416,attack,normal,0.9999999163466456
21417,normal,normal,0.9966411442747627
21418,attack,attack,1.1355641908972458e-06
21419,normal,normal,0.9877748467092219
21420,normal,normal,0.986043646511165
21421,attack,normal,0.9999942625282623
21422,normal,normal,0.9909930570792335
21423,attack,attack,0.012633390807624625
21424,attack,normal,0.6506210723983296
21425,attack,attack,0.0018836765274322426
21426,normal,normal,0.9956148919538185
21427,attack,attack,6.561482661905493e-07
21428,normal,normal,0.9891163586582373
21429,attack,normal,0.9883961011842161
21430,normal,attack,0.007264702415070392
21431,normal,normal,0.9958001683285794
21432,normal,attack,4.649842869443923e-06
21433,attack,normal,0.9354107368983415
21434,attack,attack,0.0009171641125307671
21435,attack,normal,0.7469980060449835
21436,normal,normal,0.9945566393323827
21437,attack,normal,0.6286652760262831
21438,normal,normal,0.9899492325224325
21439,normal,normal,0.9868266107278298
21440,attack,normal,0.9963065846780533
21441,normal,normal,0.9998480441390322
21442,normal,normal,0.9966485186892469
21443,normal,normal,0.985710084901322
21444,attack,attack,0.3687807551495774
21445,normal,attack,1.6462078733053293e-07
21446,attack,attack,0.026374204890629565
21447,normal,normal,0.9908964184226817
21448,attack,attack,6.0705629143886615e-05
21449,normal,normal,0.9898941226724641
21450,attack,normal,0.9314998988524713
21451,attack,attack,0.3491823758031615
21452,normal,normal,0.9558862491647252
21453,attack,normal,0.7796202384676997
21454,normal,normal,0.999854615353084
21455,attack,normal,0.9999998261010636
21456,attack,attack,8.661286604562142e-05
21457,attack,attack,0.00378614914885891
21458,attack,normal,0.9985469661056814
21459,attack,attack,0.0008517719078224897
21460,normal,normal,0.997403174523975
21461,attack,attack,0.041959124916047474
21462,attack,attack,3.1930737048384455e-07
21463,attack,attack,0.019554918756884535
21464,attack,attack,0.1058135467756338
21465,normal,normal,0.9960733886986618
21466,normal,normal,0.9975940004737688
21467,attack,attack,1.0660228227966601e-07
21468,normal,normal,0.9807057766230514
21469,attack,attack,0.10382629764357125
21470,attack,normal,0.9987898012082469
21471,normal,normal,0.9969301733571265
21472,normal,normal,0.9968208541159742
21473,attack,attack,0.3661013390260486
21474,attack,normal,0.9364835442223796
21475,attack,attack,0.05656097427797389
21476,normal,normal,0.9848011619816602
21477,attack,normal,0.9956527874385236
21478,normal,normal,0.9984370066610007
21479,attack,attack,0.001217210517879983
21480,attack,normal,0.999999972310519
21481,normal,attack,0.043034942185751546
21482,normal,attack,0.005400792781656357
21483,normal,normal,0.982262774415852
21484,normal,attack,0.004020571179528623
21485,attack,attack,2.58998449452078e-06
21486,normal,normal,0.9895658783442083
21487,normal,normal,0.9979378414776541
21488,normal,normal,0.9992947819610623
21489,normal,normal,0.9280438753528872
21490,normal,normal,0.9861276265851698
21491,normal,normal,0.989182997130303
21492,attack,attack,3.0691206295962433e-07
21493,attack,normal,0.9999999169335765
21494,attack,normal,0.9984137500719442
21495,normal,normal,0.9998582175021228
21496,attack,normal,0.9327235500886014
21497,normal,normal,0.9907181926320643
21498,attack,normal,0.9304958048425884
21499,attack,attack,0.023705950707776636
21500,attack,attack,0.00019788219252071877
21501,normal,normal,0.9926887055357063
21502,normal,normal,0.9972229618989015
21503,normal,normal,0.9991974015544732
21504,normal,normal,0.9951544150350266
21505,attack,normal,0.9335846837161518
21506,normal,normal,0.9901038133662641
21507,attack,attack,0.001686320477832835
21508,attack,attack,0.0011787269456420507
21509,normal,attack,0.08045091951794096
21510,attack,attack,0.00020781437646021376
21511,normal,normal,0.9843020117989317
21512,attack,attack,0.0018683950278753738
21513,attack,normal,0.9999999701502875
21514,normal,normal,0.9982121404614592
21515,normal,normal,0.9902059035711971
21516,normal,normal,0.9871197981989784
21517,normal,normal,0.9201514481012306
21518,attack,attack,0.004565093877067155
21519,attack,normal,0.9349429915620296
21520,normal,normal,0.9968280449602762
21521,normal,normal,0.9878771903182382
21522,normal,normal,0.9888928294260898
21523,normal,attack,0.0034953663867358033
21524,normal,normal,0.9758174551130716
21525,attack,normal,0.9481797897425275
21526,normal,attack,0.23343123825076564
21527,attack,attack,0.003766857085553468
21528,attack,attack,0.019428455178691954
21529,normal,normal,0.9899994547411497
21530,normal,normal,0.9955799003496443
21531,attack,attack,0.0006946811603663033
21532,attack,normal,0.9996436748536541
21533,attack,normal,0.997196450853507
21534,normal,normal,0.9921909005246957
21535,normal,normal,0.9706673529494431
21536,attack,attack,0.00183446653650805
21537,normal,normal,0.9927273873527098
21538,attack,attack,0.04618010490783051
21539,normal,attack,0.0006622237146854937
21540,attack,normal,0.934710556892007
21541,normal,normal,0.9976573859298653
21542,normal,normal,0.9898823523769896
21543,normal,normal,0.9974902709546389
21544,attack,attack,0.03486602220207213
21545,attack,normal,0.7129866413105456
21546,attack,attack,0.004308641063166487
21547,attack,normal,0.996968577600704
21548,attack,normal,0.9959785773714246
21549,normal,normal,0.9977581267854807
21550,attack,attack,2.7625512659007313e-07
21551,normal,attack,0.07497996006636887
21552,attack,attack,0.0017719263008882447
21553,normal,normal,0.9490573611609076
21554,attack,normal,0.9905767890424019
21555,attack,normal,0.8858370740622649
21556,attack,attack,1.1953025933677982e-06
21557,attack,attack,0.10343171855022254
21558,attack,attack,0.0039528195635638265
21559,attack,attack,4.314692613092439e-05
21560,attack,attack,0.013677668361786379
21561,attack,attack,0.04369338389790739
21562,normal,normal,0.9959453956546509
21563,attack,attack,0.1936877841404107
21564,normal,normal,0.9903026775860466
21565,normal,normal,0.9973475728411735
21566,attack,attack,0.0011212279043604648
21567,normal,normal,0.9974574186245916
21568,normal,normal,0.997439021868352
21569,attack,normal,0.9958797765972593
21570,normal,normal,0.993290498589623
21571,attack,attack,0.0002478595909420953
21572,attack,attack,1.7888155955071024e-06
21573,normal,normal,0.9906091348872715
21574,attack,attack,3.815377894005777e-05
21575,attack,attack,0.00010979142419840196
21576,attack,attack,1.737560416007663e-05
21577,normal,normal,0.987933937479456
21578,normal,normal,0.9875992432959669
21579,attack,attack,3.0401398505830364e-07
21580,attack,attack,5.209438952775244e-07
21581,normal,normal,0.9981692178791031
21582,attack,attack,0.01297969354770517
21583,normal,normal,0.98809720195685
21584,attack,attack,0.0001343520214176092
21585,attack,normal,0.9986274473999837
21586,attack,normal,0.9905191066330552
21587,attack,attack,0.001210826248302673
21588,normal,normal,0.9892419092685875
21589,normal,normal,0.9968638358268609
21590,attack,attack,0.010788928705628902
21591,normal,normal,0.9986751970436046
21592,attack,attack,0.04621215581010524
21593,normal,normal,0.9747169212747732
21594,attack,attack,0.03696985493923464
21595,attack,normal,0.9476285667737264
21596,attack,attack,0.00011420929666255428
21597,attack,normal,0.9999999714861837
21598,attack,normal,0.9864528748219192
21599,normal,attack,0.003315811163190214
21600,normal,normal,0.9981209755820495
21601,normal,normal,0.9871379508195288
21602,normal,normal,0.9980634085320987
21603,attack,attack,8.788163373608792e-05
21604,attack,attack,4.794702097890465e-05
21605,normal,normal,0.9925497417896132
21606,normal,attack,2.228358476253475e-08
21607,attack,normal,0.9982409751505263
21608,normal,normal,0.9132437224596188
21609,attack,attack,0.01387690785447692
21610,attack,attack,0.00026494225504743966
21611,attack,normal,0.9999349256618075
21612,normal,normal,0.9967803217180488
21613,normal,normal,0.5514820257399825
21614,normal,attack,0.005158041900343637
21615,attack,attack,0.22714717246236885
21616,attack,normal,0.9520329426112534
21617,normal,normal,0.996277205741704
21618,normal,attack,0.00015035983396545377
21619,attack,attack,0.0001519632003470383
21620,attack,normal,0.9371095074937832
21621,normal,normal,0.9999993578405577
21622,attack,attack,0.003390963135702457
21623,normal,normal,0.9998593305898358
21624,normal,attack,0.005142919840776083
21625,attack,attack,0.0011759746840884011
21626,attack,attack,1.0042680482710209e-06
21627,attack,attack,0.001295794721481405
21628,normal,normal,0.9878269120150229
21629,attack,attack,0.015881805339460885
21630,attack,attack,0.0003384839696339084
21631,normal,normal,0.9818277332250142
21632,attack,attack,0.4476823554913906
21633,normal,attack,1.737938585680234e-07
21634,attack,attack,0.48642826061575767
21635,attack,normal,0.9999999017821083
21636,normal,normal,0.9846404369633454
21637,normal,normal,0.9969359776211748
21638,normal,attack,6.600242035050691e-07
21639,normal,normal,0.9732367951958854
21640,normal,normal,0.9903867353613672
21641,attack,attack,0.00019016488603265918
21642,attack,normal,0.9995240726203833
21643,normal,normal,0.9933377456203746
21644,normal,normal,0.996364746387097
21645,normal,normal,0.9895596522471924
21646,normal,normal,0.9871405708597973
21647,normal,normal,0.9997465518344612
21648,normal,normal,0.9996757989463098
21649,attack,attack,0.01839821427824194
21650,normal,normal,0.9906053245307613
21651,normal,normal,0.9924951652560677
21652,normal,normal,0.9990843026659908
21653,attack,attack,1.8302130527219414e-06
21654,attack,normal,0.9999999178949067
21655,normal,normal,0.9952266925019585
21656,normal,normal,0.9897336240361556
21657,normal,normal,0.9996903759301352
21658,attack,attack,0.0007740009491339359
21659,normal,normal,0.9972390526672992
21660,attack,attack,2.254296035661773e-06
21661,attack,attack,3.3982935131076865e-06
21662,attack,attack,5.2205657416632754e-08
21663,attack,normal,0.506422367489289
21664,attack,normal,0.7187583413470976
21665,attack,attack,0.010497114683530609
21666,attack,attack,0.00022002973103257945
21667,attack,attack,0.011296352873771088
21668,normal,normal,0.9863911635227948
21669,normal,attack,0.0073598565790330625
21670,normal,normal,0.9995274756413487
21671,attack,attack,0.10529831479442589
21672,attack,attack,0.00015070571623942603
21673,normal,normal,0.990393890562325
21674,normal,normal,0.978166053260536
21675,attack,normal,0.9243718532232995
21676,normal,normal,0.997111643840973
21677,normal,normal,0.9857280567282038
21678,attack,attack,4.150757683934798e-08
21679,normal,normal,0.9971909190066472
21680,attack,attack,6.407641522978823e-07
21681,normal,attack,0.006489268847802518
21682,attack,normal,0.98064742358656
21683,attack,attack,0.00025071522044798207
21684,attack,attack,0.0009327694434565982
21685,attack,normal,0.9907105183464191
21686,attack,attack,8.663769771833289e-08
21687,attack,normal,0.9345674700728683
21688,normal,normal,0.9970427614628218
21689,attack,attack,0.3680185682526368
21690,attack,normal,0.5762936488048143
21691,normal,normal,0.9871689365084562
21692,attack,normal,0.684170851333837
21693,attack,normal,0.9999999166303889
21694,attack,attack,0.0037100418074384363
21695,attack,attack,2.381718899191295e-06
21696,normal,normal,0.9947377812501623
21697,normal,attack,0.005410611691069372
21698,attack,attack,0.00035880031969898077
21699,attack,normal,0.8141696466981988
21700,normal,normal,0.9650556837848921
21701,attack,normal,0.9637298199913731
21702,attack,attack,0.0001741864039128346
21703,attack,attack,0.0010553231199360422
21704,normal,normal,0.9948546219510183
21705,normal,normal,0.988633744720492
21706,normal,normal,0.9884201091514163
21707,normal,attack,0.0035699209495495226
21708,attack,attack,0.0018654946227735457
21709,attack,attack,0.0013754813591815762
21710,attack,normal,0.9999957602225289
21711,normal,attack,0.004846466264061518
21712,attack,normal,0.9901900425547824
21713,attack,normal,0.9983850641117133
21714,normal,normal,0.9942116519586827
21715,normal,normal,0.9774825974038758
21716,normal,normal,0.9896069065726923
21717,attack,normal,0.931361098175986
21718,normal,normal,0.9980566547764768
21719,attack,attack,9.830729864807725e-08
21720,normal,normal,0.9863403695315212
21721,attack,normal,0.9377704970745597
21722,attack,normal,0.9997561360826558
21723,attack,attack,0.03155177024365627
21724,normal,normal,0.9853146552125748
21725,normal,normal,0.9896602657090108
21726,attack,attack,8.694507592540424e-05
21727,attack,attack,0.00021004980307150553
21728,attack,attack,0.0012407902747233663
21729,attack,normal,0.9961932812953915
21730,attack,normal,0.7693808592286514
21731,normal,normal,0.9893484498009901
21732,attack,attack,0.006385046372669937
21733,attack,normal,0.9988562192499796
21734,attack,normal,0.9456829321447254
21735,attack,attack,0.021877234186329458
21736,normal,normal,0.9874485331446871
21737,attack,normal,0.9987896804452936
21738,normal,normal,0.9974489696784616
21739,attack,normal,0.9987950699850998
21740,attack,attack,0.0012636727501341937
21741,attack,attack,0.011801093909970448
21742,attack,attack,4.493371721806945e-07
21743,attack,attack,0.0007828263491707222
21744,attack,attack,3.1747767897096816e-07
21745,attack,normal,0.9140002785446308
21746,attack,normal,0.995139931687679
21747,normal,normal,0.9973000283971997
21748,attack,normal,0.9987521731407568
21749,attack,normal,0.9999974808532924
21750,attack,normal,0.9860927978747446
21751,normal,normal,0.994128203693219
21752,attack,attack,0.004904041234782821
21753,attack,normal,0.9837882778373348
21754,normal,normal,0.9895727068899971
21755,attack,attack,9.446847596880193e-08
21756,attack,attack,0.00035546995863998713
21757,attack,attack,0.0015011017995022675
21758,normal,normal,0.9997886224487468
21759,normal,normal,0.9971772140352774
21760,attack,attack,4.090151739289291e-05
21761,attack,attack,0.0001381657786548397
21762,attack,attack,0.0456150415020458
21763,normal,normal,0.9867818407669905
21764,attack,attack,0.04552297934394256
21765,attack,normal,0.9939554383362174
21766,attack,attack,0.007575493418833941
21767,normal,normal,0.9963270903653441
21768,attack,attack,0.49347768888279825
21769,attack,normal,0.8743397680753234
21770,attack,attack,0.013129162284634798
21771,attack,normal,0.9999994716474643
21772,attack,normal,0.998469859067796
21773,attack,normal,0.9897917115834968
21774,attack,normal,0.9987478994374452
21775,normal,normal,0.9859559779248995
21776,attack,attack,0.02758230252748318
21777,normal,normal,0.9943131458452602
21778,attack,attack,0.0013773043285714754
21779,attack,normal,0.9999954181895375
21780,attack,normal,0.9891968504800526
21781,normal,normal,0.997421411136168
21782,normal,normal,0.9990210075330938
21783,attack,normal,0.90774695823954
21784,normal,normal,0.9898359580150987
21785,attack,normal,0.9993258551845552
21786,normal,normal,0.7708906211911518
21787,normal,normal,0.9523381714126335
21788,normal,normal,0.990731723742152
21789,attack,normal,0.9987522386857685
21790,attack,attack,0.001440153654822327
21791,attack,attack,3.268273993340172e-06
21792,attack,normal,0.9996186462810791
21793,attack,normal,0.9990549136826422
21794,normal,normal,0.9996716748528911
21795,attack,normal,0.7851147481052994
21796,attack,normal,0.9965567522616176
21797,normal,normal,0.9977833244199643
21798,attack,normal,0.7650874667874102
21799,normal,normal,0.9979718104209142
21800,attack,normal,0.9984880588671092
21801,attack,attack,0.09607456547230286
21802,normal,normal,0.9947715817768131
21803,normal,normal,0.9935237959790293
21804,attack,attack,0.0006491163273439563
21805,attack,normal,0.9981696481012725
21806,attack,attack,0.0013322323825028899
21807,attack,normal,0.6085654124348021
21808,normal,normal,0.9906264305417783
21809,normal,normal,0.9998418494089758
21810,normal,normal,0.9756495130664371
21811,normal,normal,0.9928627427284245
21812,attack,attack,0.001154472999006384
21813,normal,normal,0.9980267490368787
21814,attack,normal,0.9999999719342568
21815,attack,attack,0.0012544859125663986
21816,attack,attack,0.0042089382706815524
21817,normal,normal,0.9998977649391235
21818,attack,attack,0.30126424024037113
21819,normal,normal,0.9996825341568433
21820,attack,attack,0.04085898296337866
21821,normal,normal,0.9961295783400943
21822,attack,attack,0.00074084258920525
21823,normal,normal,0.9969138785114225
21824,attack,normal,0.7768401931715206
21825,attack,attack,6.802034278086544e-08
21826,normal,normal,0.9865917911384949
21827,normal,normal,0.9955358376993622
21828,attack,attack,0.1079124517905701
21829,attack,normal,0.9471116301386636
21830,attack,attack,0.00154977440249786
21831,normal,normal,0.9972288102461135
21832,attack,attack,0.002976181855144385
21833,normal,normal,0.990725336929779
21834,normal,normal,0.987444602472573
21835,normal,normal,0.9923962520178405
21836,normal,normal,0.9970518411844004
21837,normal,normal,0.9991974025072227
21838,attack,attack,0.0013468963106833675
21839,normal,normal,0.9905061769515829
21840,attack,normal,0.9448115646412575
21841,normal,normal,0.9878008529883389
21842,attack,attack,0.0002895509948619767
21843,attack,attack,0.0007800504822339781
21844,attack,normal,0.826233519646182
21845,normal,attack,0.06790290448883564
21846,normal,normal,0.9995691860678377
21847,normal,normal,0.9898877846005263
21848,attack,normal,0.9955508957249919
21849,normal,normal,0.9970839253889173
21850,attack,normal,0.9954760588554833
21851,attack,attack,0.00038649750029175737
21852,normal,normal,0.9881750268531668
21853,normal,normal,0.9977942843143232
21854,attack,attack,3.289039512451033e-07
21855,attack,normal,0.9987731245638355
21856,attack,normal,0.936365324245653
21857,attack,normal,0.9999942619450874
21858,normal,normal,0.9932233698654452
21859,attack,normal,0.9982291602560889
21860,normal,normal,0.9975258059247849
21861,attack,attack,3.106810219697857e-07
21862,attack,normal,0.9999999725667615
21863,normal,normal,0.9869526949476533
21864,attack,attack,0.00011783484596046116
21865,attack,attack,0.10173583157091928
21866,normal,normal,0.9909005015493432
21867,attack,normal,0.917896335633507
21868,attack,normal,0.9988076278014612
21869,attack,attack,0.0014647662340245078
21870,normal,normal,0.9875158350614088
21871,attack,normal,0.9999999170050997
21872,attack,normal,0.9538311059096937
21873,normal,normal,0.9969611920417304
21874,attack,normal,0.877771795524593
21875,normal,normal,0.9895481132309403
21876,normal,normal,0.997577295703477
21877,normal,normal,0.9992790197602521
21878,attack,attack,0.0012078418253022528
21879,attack,normal,0.9986992506424427
21880,normal,normal,0.9990454277951267
21881,normal,normal,0.9938035477077553
21882,attack,normal,0.9987089700921787
21883,normal,normal,0.9979791364240581
21884,normal,normal,0.9979041337272949
21885,attack,normal,0.6431432997169921
21886,attack,attack,0.0016369149346745651
21887,attack,attack,2.3639776258336174e-07
21888,attack,normal,0.9999998560114195
21889,normal,normal,0.983442451231164
21890,normal,normal,0.9916974270924428
21891,attack,normal,0.9999999708272937
21892,attack,normal,0.6020761980769574
21893,attack,normal,0.556425171321149
21894,attack,attack,0.029653957955229723
21895,attack,attack,0.21430853405082495
21896,normal,normal,0.9975149258368151
21897,attack,attack,0.00012709810749921897
21898,normal,normal,0.9981208654348914
21899,normal,normal,0.991962360926057
21900,normal,attack,0.006040034362757963
21901,attack,attack,2.5182500865051324e-06
21902,normal,normal,0.9999203200219713
21903,attack,attack,2.458796647577175e-05
21904,attack,normal,0.9369963764756971
21905,attack,normal,0.9985073328636934
21906,attack,normal,0.9953039008872996
21907,normal,normal,0.9854402904203883
21908,normal,normal,0.9963147379352495
21909,normal,normal,0.9904989536835126
21910,normal,normal,0.9997955571515229
21911,attack,attack,0.00025633363950146234
21912,attack,normal,0.5615741977972604
21913,normal,normal,0.9976544101269442
21914,attack,attack,1.699964268515348e-07
21915,normal,normal,0.9891338101450164
21916,attack,normal,0.9983084864159282
21917,normal,normal,0.8970260248393113
21918,attack,attack,4.653511276093909e-05
21919,attack,attack,0.007875629335114848
21920,attack,attack,5.996939218213285e-07
21921,attack,normal,0.9999999329099866
21922,normal,normal,0.9905487188119535
21923,attack,normal,0.9968697932302555
21924,attack,attack,6.678934808934183e-07
21925,normal,normal,0.994034606043599
21926,attack,normal,0.9961393558537767
21927,attack,attack,0.08924759561073178
21928,attack,normal,0.996767739193434
21929,normal,normal,0.9977857954420504
21930,normal,normal,0.9906035092536298
21931,attack,normal,0.8449647329841399
21932,attack,normal,0.8108183489500945
21933,normal,normal,0.9876278949910541
21934,normal,normal,0.9902202002209941
21935,attack,attack,0.00017045470742378015
21936,attack,normal,0.9947895995274796
21937,attack,normal,0.8078787059674983
21938,attack,attack,0.00011284447491897567
21939,attack,attack,0.0028022797366093126
21940,attack,normal,0.9999998778064949
21941,normal,normal,0.9891091535897752
21942,attack,normal,0.9902467996621492
21943,attack,attack,3.103291426121749e-05
21944,attack,attack,0.3115797152725332
21945,normal,normal,0.9981153917226062
21946,normal,normal,0.9968802819148815
21947,attack,attack,1.9758039069249646e-07
21948,normal,normal,0.9981153064446284
21949,normal,normal,0.9893474745695784
21950,attack,normal,0.9979316399977574
21951,attack,attack,0.314264535851061
21952,attack,attack,2.519189930917569e-07
21953,attack,attack,0.08157056583982089
21954,attack,normal,0.9969837926164103
21955,normal,normal,0.9977845810391074
21956,attack,attack,0.0010585645555763025
21957,attack,attack,2.1636814819414934e-06
21958,attack,attack,0.001975090998791872
21959,attack,attack,0.024814032361365815
21960,attack,attack,2.726207120245715e-06
21961,normal,attack,0.005457408488694035
21962,normal,normal,0.9618561838478015
21963,normal,normal,0.9976982717322358
21964,normal,normal,0.9912366686486733
21965,normal,normal,0.9998706789470985
21966,attack,attack,0.00023740642042658082
21967,attack,normal,0.6780824109597052
21968,attack,attack,3.2785664448514927e-07
21969,attack,attack,0.0015195771372651778
21970,attack,attack,0.0001803955241614924
21971,normal,normal,0.9954984004024268
21972,normal,normal,0.9863365964475512
21973,normal,normal,0.9965152919452932
21974,normal,normal,0.9861357947980082
21975,normal,normal,0.9970634200228318
21976,attack,normal,0.9936841837864765
21977,attack,attack,0.001938663132977939
21978,attack,normal,0.9973118330856077
21979,attack,normal,0.9999999696024562
21980,normal,normal,0.9959754771057265
21981,attack,normal,0.9999996378081386
21982,attack,attack,4.6041136321401214e-07
21983,normal,normal,0.9762528519425091
21984,normal,normal,0.9998636750745172
21985,normal,normal,0.9953035747798652
21986,normal,normal,0.8018585891986927
21987,attack,attack,5.943088258779643e-07
21988,normal,normal,0.9909392083313094
21989,normal,attack,0.0036077829431110874
21990,attack,attack,0.0009128932216009503
21991,attack,attack,0.00023508912932950965
21992,normal,normal,0.9867834277266653
21993,attack,attack,0.0002481955884749577
21994,attack,normal,0.9811267203057742
21995,attack,attack,0.0875643138172696
21996,attack,normal,0.93488324074199
21997,attack,attack,2.386512037032182e-07
21998,attack,attack,0.011368905454215568
21999,attack,normal,0.7460581652894528
22000,attack,attack,0.00034380735085104316
22001,attack,attack,0.0016710174638838481
22002,attack,attack,0.0019105228128739233
22003,normal,normal,0.9953193615367856
22004,attack,attack,0.06785100015409104
22005,attack,attack,4.609403685776917e-08
22006,attack,attack,0.002576935076128022
22007,normal,normal,0.9978247934640334
22008,attack,attack,0.0009230771457630249
22009,normal,normal,0.9918971993324631
22010,normal,normal,0.9999185197112497
22011,attack,normal,0.829590545582199
22012,normal,attack,0.0033383290799365167
22013,normal,normal,0.9997813971181073
22014,attack,normal,0.9137310791250474
22015,normal,normal,0.9739615744338553
22016,attack,normal,0.9946746885398623
22017,normal,normal,0.9937084101294076
22018,normal,normal,0.9396456139260261
22019,normal,normal,0.8934037158805712
22020,attack,normal,0.9347105694184434
22021,attack,attack,0.06575542436008064
22022,attack,attack,0.0007411372203942313
22023,normal,normal,0.9970083493229853
22024,attack,attack,0.021523073327609762
22025,attack,attack,0.00012504310786744352
22026,attack,normal,0.9999942616551614
22027,normal,normal,0.989124027685642
22028,attack,attack,0.09997630142859591
22029,normal,normal,0.9973930926101404
22030,normal,normal,0.9883562325164421
22031,attack,normal,0.8847875184759205
22032,attack,attack,0.034719334720589
22033,attack,attack,0.20470081067470788
22034,attack,normal,0.9975196465478696
22035,attack,normal,0.9985448810325679
22036,normal,normal,0.9967341689738287
22037,attack,attack,1.0026370253512759e-06
22038,attack,normal,0.9910500998166734
22039,normal,normal,0.9832080515219129
22040,attack,normal,0.9987101832865289
22041,normal,attack,0.006354143285983708
22042,attack,attack,6.965871163909332e-08
22043,normal,normal,0.9964187070140623
22044,normal,normal,0.9975596371882915
22045,attack,attack,0.0011702405641451745
22046,attack,normal,0.9999956560481051
22047,attack,attack,2.134818974570597e-07
22048,attack,attack,0.0019972919889816453
22049,attack,attack,9.469886552203029e-07
22050,normal,normal,0.9896570845045953
22051,normal,normal,0.9978244800802135
22052,attack,normal,0.7460970013159415
22053,attack,normal,0.9348274345228836
22054,attack,normal,0.9345140366528154
22055,attack,attack,0.00014087713286232848
22056,normal,normal,0.9472872801293281
22057,normal,normal,0.9998350524633609
22058,normal,normal,0.9963364206746036
22059,normal,attack,0.3571980508523989
22060,attack,attack,0.0011869420980733071
22061,normal,normal,0.9983019833994803
22062,attack,attack,0.000757985819048107
22063,normal,normal,0.9971539123686146
22064,attack,attack,0.0016539296955425727
22065,attack,attack,0.06505788156079241
22066,normal,normal,0.9959728749374972
22067,normal,normal,0.9610589458196742
22068,normal,normal,0.9323327665722484
22069,normal,normal,0.9831757721611932
22070,attack,attack,0.00038258462506609285
22071,attack,attack,0.48747074748265673
22072,normal,normal,0.99500996767895
22073,attack,attack,0.000404822845099708
22074,normal,attack,0.005790984116185017
22075,attack,normal,0.9999996815970812
22076,attack,attack,2.810513233774555e-05
22077,normal,normal,0.9909004139446363
22078,attack,attack,0.0010751451394276819
22079,attack,attack,0.0020285678412322247
22080,attack,normal,0.9999999308249198
22081,normal,normal,0.9868661421941823
22082,attack,normal,0.9990548652273588
22083,attack,attack,0.007221793527610268
22084,attack,normal,0.9999999072359038
22085,attack,normal,0.9910372716271623
22086,attack,normal,0.9810693270374128
22087,normal,normal,0.9872467178363615
22088,attack,normal,0.9879764841022468
22089,attack,normal,0.9072833633440012
22090,attack,normal,0.667131857540964
22091,normal,normal,0.9965628533033686
22092,normal,normal,0.9977964144299111
22093,normal,normal,0.9938951821452018
22094,attack,attack,0.10810263946184495
22095,normal,normal,0.9976421356214694
22096,attack,attack,0.005679428700277778
22097,attack,attack,0.2358983203145234
22098,normal,normal,0.9972473089421374
22099,normal,normal,0.9363663152907025
22100,normal,normal,0.9978035090018555
22101,attack,normal,0.6629311843003461
22102,normal,normal,0.997756367675415
22103,attack,attack,0.0007534520526317698
22104,attack,normal,0.9999999725412404
22105,attack,normal,0.9981112650400261
22106,normal,normal,0.9886228359302
22107,attack,normal,0.9863689417831055
22108,normal,normal,0.9938877641461676
22109,attack,attack,0.32578538829662074
22110,attack,attack,1.2509617096187829e-06
22111,attack,normal,0.9930909812661011
22112,normal,normal,0.9973160955187803
22113,attack,attack,0.0006221911187774136
22114,normal,normal,0.9994501446031608
22115,normal,normal,0.997477353604285
22116,normal,normal,0.997580536714119
22117,attack,attack,1.238784895706091e-07
22118,normal,normal,0.9993866198887048
22119,attack,attack,5.112500059209158e-07
22120,attack,attack,0.07165320195024397
22121,normal,normal,0.992035493716968
22122,normal,normal,0.9960212286785065
22123,attack,attack,0.21261811478458043
22124,normal,normal,0.9997432955785466
22125,attack,attack,0.005328560115878211
22126,normal,normal,0.9832151674009488
22127,normal,normal,0.9868694516520353
22128,normal,normal,0.9972219461350696
22129,attack,attack,8.33475911988585e-07
22130,normal,normal,0.9997391393698832
22131,attack,normal,0.9987254198976803
22132,normal,normal,0.9976114598164666
22133,attack,attack,0.00012290653045271666
22134,normal,normal,0.8474619155300859
22135,normal,normal,0.9809326316368238
22136,attack,normal,0.5685780583775395
22137,normal,normal,0.9808523547085186
22138,attack,attack,0.00015796475368015306
22139,attack,attack,0.0005655571133385306
22140,attack,normal,0.8245429518106497
22141,normal,normal,0.9960872630794761
22142,attack,normal,0.992508688699191
22143,attack,attack,0.0015815583309809736
22144,attack,attack,0.0003209716463104582
22145,attack,normal,0.9982124530977553
22146,normal,normal,0.999720267571198
22147,attack,attack,0.0008486657259290641
22148,normal,normal,0.9932432739299794
22149,normal,normal,0.9970601236140414
22150,attack,normal,0.9999998852712909
22151,normal,normal,0.9889393542049764
22152,normal,normal,0.9189008116943618
22153,attack,normal,0.6124399398083482
22154,normal,normal,0.9980156172823283
22155,normal,normal,0.9871231541813685
22156,normal,attack,0.49633874780439635
22157,normal,normal,0.9952569907442568
22158,normal,normal,0.9302897048647096
22159,attack,attack,2.7982857326346827e-07
22160,attack,normal,0.9999999182356287
22161,attack,attack,0.030874096910882377
22162,normal,normal,0.9968679978043352
22163,attack,normal,0.9988174348870298
22164,normal,normal,0.9934626012913358
22165,attack,attack,0.04319354021954943
22166,attack,attack,8.789318820169341e-07
22167,normal,normal,0.9904758242594265
22168,normal,normal,0.987622401484828
22169,attack,attack,0.03116470415680329
22170,normal,attack,0.018617060206564125
22171,normal,normal,0.9970017249998929
22172,attack,attack,0.46366313178733065
22173,attack,attack,0.002850133373631063
22174,normal,normal,0.9998019072627691
22175,attack,attack,0.0016138788676738178
22176,attack,attack,0.0009770177789887161
22177,attack,attack,0.0007263731048368168
22178,normal,normal,0.9963496597163555
22179,attack,attack,0.0018110527574608367
22180,attack,normal,0.9984827532528797
22181,normal,normal,0.9746192031469345
22182,attack,normal,0.9987731247734365
22183,attack,normal,0.9954804899877597
22184,attack,attack,0.017752631338835537
22185,attack,attack,2.3078316905854323e-05
22186,attack,attack,1.3092271791074633e-07
22187,normal,normal,0.9968752314511022
22188,attack,attack,3.5396153190231775e-07
22189,attack,attack,0.00019274277879732497
22190,normal,normal,0.997006766633081
22191,attack,attack,0.05438128733658876
22192,attack,normal,0.9999955245774186
22193,normal,attack,0.006040029607804966
22194,attack,normal,0.9979096499301181
22195,normal,normal,0.9957475754182379
22196,attack,normal,0.9943654117763261
22197,attack,normal,0.999999918235837
22198,normal,normal,0.9863137640899631
22199,attack,normal,0.913818398832464
22200,attack,normal,0.7791305561934755
22201,normal,normal,0.9906970970227782
22202,normal,normal,0.9969784956267916
22203,attack,normal,0.997431716702997
22204,normal,normal,0.9731508299125595
22205,attack,normal,0.9986467276019073
22206,attack,attack,0.00014774888878143778
22207,attack,attack,5.236481223036749e-07
22208,attack,normal,0.9952297413816301
22209,attack,attack,0.01038647335333653
22210,attack,normal,0.9995682835384261
22211,attack,attack,0.005153768784136476
22212,attack,normal,0.9348274083115579
22213,normal,normal,0.9878096315612138
22214,normal,normal,0.9895243631922594
22215,normal,normal,0.9965413595222458
22216,attack,attack,0.0017124732917610506
22217,attack,attack,2.0776250549994874e-05
22218,attack,normal,0.959733449917386
22219,normal,normal,0.9970489987097432
22220,normal,normal,0.9975757947595822
22221,attack,normal,0.8588228448911507
22222,attack,attack,0.0009656433103969928
22223,attack,attack,0.03275806222903836
22224,attack,attack,0.002815522876187447
22225,attack,normal,0.9999999145042897
22226,attack,attack,0.07768743837601653
22227,attack,attack,0.0022914564824682826
22228,normal,normal,0.9917301270484374
22229,normal,normal,0.988934223698448
22230,attack,normal,0.7193400129273038
22231,attack,attack,8.013988200416613e-08
22232,attack,normal,0.9902861519728352
22233,attack,normal,0.7996568060239909
22234,normal,normal,0.9935991163269191
22235,attack,attack,0.012446309019802636
22236,normal,normal,0.9978582899835997
22237,attack,attack,6.208018796473997e-07
22238,normal,normal,0.9954663536666699
22239,attack,attack,0.0014843271845060822
22240,attack,attack,6.413055500594411e-05
22241,attack,normal,0.9528393321139794
22242,attack,attack,1.0363674785819349e-07
22243,attack,attack,1.7108986950033435e-06
22244,attack,normal,0.7598828104594848
22245,attack,normal,0.9358507228122258
22246,attack,attack,0.0008140816770310783
22247,normal,normal,0.9980842274593751
22248,normal,normal,0.9978813880075356
22249,normal,normal,0.9895319613857513
22250,attack,normal,0.9973330747456499
22251,normal,normal,0.9705025391432298
22252,attack,attack,0.0015768300172534146
22253,attack,normal,0.9329250749580902
22254,normal,normal,0.9752279169134801
22255,normal,normal,0.9866722454191285
22256,normal,normal,0.9824452450189676
22257,attack,normal,0.9999999190013017
22258,attack,normal,0.9372449070162246
22259,attack,attack,0.00332782575542357
22260,attack,attack,0.0009264016599686976
22261,attack,normal,0.9358507433500535
22262,normal,normal,0.997903933635194
22263,attack,normal,0.9998134424719853
22264,attack,attack,0.00015900494718162805
22265,normal,normal,0.9907876381352635
22266,attack,attack,0.001364503000957724
22267,attack,attack,6.154071900477034e-07
22268,normal,attack,0.007308696623651903
22269,normal,normal,0.9884539655811291
22270,normal,normal,0.9627450309212962
22271,normal,normal,0.9871402732632188
22272,attack,normal,0.5415843560869035
22273,attack,normal,0.9978223866040994
22274,attack,normal,0.9987576055755616
22275,attack,attack,0.0002050242016796413
22276,attack,normal,0.9978262949915466
22277,normal,normal,0.994297018789624
22278,attack,attack,4.6245401225300997e-07
22279,normal,normal,0.9971173227136815
22280,normal,normal,0.9782222873468313
22281,normal,attack,0.004177666811365035
22282,normal,normal,0.9997647871643616
22283,attack,attack,0.006939401190466617
22284,normal,normal,0.9980443764773376
22285,attack,normal,0.9959108732907943
22286,attack,normal,0.9985715157339394
22287,attack,attack,0.020297036452076846
22288,attack,attack,0.02109012691667661
22289,attack,normal,0.9955319135996573
22290,normal,normal,0.99685804687519
22291,normal,normal,0.9904042168457166
22292,normal,normal,0.9998782680163927
22293,attack,normal,0.9894606731138597
22294,attack,attack,0.021935551702716403
22295,attack,attack,0.07258004961812661
22296,normal,normal,0.9952116690645805
22297,attack,attack,0.01324904511682038
22298,normal,normal,0.9888157042427608
22299,normal,attack,7.3383032011481564e-09
22300,attack,normal,0.9987587901549482
22301,attack,normal,0.9425932363805164
22302,normal,normal,0.9882069346186861
22303,attack,attack,5.519720199439195e-07
22304,normal,normal,0.9814491574943182
22305,normal,normal,0.9976354571021018
22306,attack,attack,0.000188803362897014
22307,normal,attack,0.005410613822142602
22308,normal,normal,0.9882936657890196
22309,normal,normal,0.9614688870365825
22310,normal,normal,0.9335809798854802
22311,normal,normal,0.9715514651196521
22312,normal,normal,0.9981697176915378
22313,normal,normal,0.998902829056241
22314,normal,normal,0.9870707256071091
22315,attack,attack,0.0015299062325080143
22316,attack,attack,0.00029234236111497463
22317,attack,attack,0.0015134154715401229
22318,attack,attack,2.9093727337692256e-07
22319,attack,normal,0.9999999332211991
22320,attack,attack,0.0036509271980501123
22321,normal,normal,0.9772415976189294
22322,attack,normal,0.8163620710777744
22323,attack,attack,3.651211559719125e-08
22324,attack,normal,0.8179843552848087
22325,attack,normal,0.8917038715895297
22326,attack,attack,5.8274597907477216e-08
22327,attack,attack,0.0002864454732533555
22328,attack,attack,0.0016982659052763843
22329,normal,normal,0.9979809388180341
22330,attack,attack,0.0012150538306360068
22331,normal,normal,0.9903049961245904
22332,attack,attack,0.01749490184881384
22333,attack,normal,0.9934246503583206
22334,normal,normal,0.9898923309481654
22335,attack,attack,0.0022234646495866094
22336,attack,attack,0.0008877556091225106
22337,normal,attack,0.005457380653438372
22338,normal,normal,0.9903283135878103
22339,normal,normal,0.9956176292340405
22340,attack,attack,0.00027553480749059996
22341,normal,normal,0.9618596956136407
22342,normal,normal,0.9716210847053658
22343,normal,normal,0.9997489448154564
22344,normal,normal,0.9888890089871372
22345,normal,normal,0.9907926773620103
22346,attack,normal,0.9819992596415945
22347,attack,normal,0.9999999286714014
22348,attack,normal,0.8243812008813387
22349,attack,attack,0.16711046159683898
22350,attack,normal,0.9987291812269465
22351,attack,normal,0.9999999325938359
22352,normal,attack,0.005062025715635159
22353,attack,normal,0.8195852830849666
22354,attack,normal,0.9991014144597263
22355,normal,normal,0.9910676323441008
22356,attack,attack,0.037071206344659005
22357,attack,normal,0.9984621141697397
22358,normal,normal,0.9864445642543287
22359,attack,attack,0.016216243925137624
22360,normal,normal,0.9979536152181714
22361,normal,normal,0.9908955966341558
22362,normal,normal,0.9949409595254554
22363,attack,attack,0.008387419807038828
22364,attack,attack,0.0018290732923899493
22365,normal,normal,0.9906011646656215
22366,normal,normal,0.9905073223655106
22367,attack,attack,2.396659126283679e-07
22368,attack,attack,0.010493691220111798
22369,attack,attack,6.240644790817448e-07
22370,normal,normal,0.9910047683298762
22371,attack,normal,0.9888911014014261
22372,attack,attack,4.12577526367377e-08
22373,normal,normal,0.9980770700286907
22374,attack,attack,0.0013413995633623334
22375,attack,normal,0.9391004969538832
22376,normal,normal,0.9944326781524349
22377,normal,attack,5.17965966552637e-09
22378,normal,normal,0.9970489093355924
22379,normal,attack,0.00015905898239279903
22380,normal,normal,0.9998767821564049
22381,attack,attack,0.0021287573597012777
22382,normal,normal,0.9927042880311088
22383,attack,attack,0.001764433952117083
22384,attack,attack,0.003490970639897122
22385,normal,normal,0.9962964890110152
22386,normal,normal,0.9962561493540845
22387,attack,normal,0.9999945159442887
22388,attack,attack,0.0026972763560442
22389,attack,attack,0.0013590361472127048
22390,attack,attack,0.022702271023987607
22391,attack,attack,0.0026883503848784732
22392,attack,normal,0.9999988706906794
22393,normal,normal,0.9946718878322197
22394,attack,attack,0.009862007656959241
22395,attack,normal,0.9989835937482866
22396,attack,attack,0.4268042319713238
22397,attack,normal,0.9316040412100638
22398,normal,normal,0.9456430718371979
22399,attack,attack,3.6973214268668776e-07
22400,normal,attack,0.04518598966891181
22401,normal,attack,0.0051429262693988755
22402,attack,attack,3.7895640866557514e-07
22403,normal,normal,0.9921640403516412
22404,normal,normal,0.9900834490251164
22405,attack,attack,1.2019094095987397e-06
22406,normal,normal,0.9977182182757408
22407,normal,normal,0.9900672813614165
22408,attack,attack,0.0015243414163191391
22409,attack,attack,0.0002739597456012193
22410,normal,attack,0.002266164915135301
22411,attack,normal,0.9986559436240364
22412,attack,attack,0.04993924471268034
22413,attack,attack,0.000825708975484065
22414,attack,attack,0.029648563413003214
22415,normal,normal,0.9928708719850028
22416,normal,normal,0.9895120602084868
22417,attack,attack,0.03951971033268918
22418,normal,normal,0.9901034633377714
22419,normal,normal,0.9896980240385721
22420,attack,attack,3.8755922943821527e-07
22421,normal,normal,0.9994809354120315
22422,normal,normal,0.9964998707500405
22423,attack,attack,0.012133161189238937
22424,attack,attack,5.176662153162311e-08
22425,normal,normal,0.9927716212507769
22426,attack,normal,0.9386137041658692
22427,normal,normal,0.9963341143934785
22428,normal,normal,0.9903069253976318
22429,normal,normal,0.9953325102951699
22430,normal,normal,0.9998975195242473
22431,normal,normal,0.9865132003120636
22432,normal,normal,0.9978438943884685
22433,attack,normal,0.9995514522204965
22434,attack,normal,0.6002292843792653
22435,attack,normal,0.9999999378293426
22436,attack,attack,4.082185579666877e-08
22437,normal,normal,0.9945529327377846
22438,normal,normal,0.9978507862630964
22439,attack,normal,0.9990255204074493
22440,attack,normal,0.9866367493114826
22441,normal,attack,0.04111889873282179
22442,normal,normal,0.9857750008161633
22443,normal,attack,0.005457387658658972
22444,normal,normal,0.9997034732738875
22445,attack,normal,0.9946950279516041
22446,normal,normal,0.9878543797276531
22447,attack,normal,0.9999999241612114
22448,normal,normal,0.9812482756981277
22449,attack,attack,0.24370777603993232
22450,attack,attack,0.4137242959393483
22451,normal,normal,0.9826897393685006
22452,attack,attack,0.4163279188873358
22453,attack,attack,0.03516170961964431
22454,attack,normal,0.9879267179324477
22455,normal,normal,0.9748461287341229
22456,normal,normal,0.9979304152318066
22457,normal,normal,0.9946712292418451
22458,normal,normal,0.9998418923205303
22459,attack,normal,0.9931985430921342
22460,attack,attack,5.151896370987966e-09
22461,attack,normal,0.9151314659107432
22462,attack,attack,1.017578805051283e-07
22463,normal,normal,0.9974397236522399
22464,attack,attack,0.0010590796975706574
22465,normal,normal,0.9869200896473368
22466,normal,normal,0.9861146939016123
22467,attack,attack,0.03179192462558844
22468,attack,attack,4.013839432304369e-07
22469,normal,normal,0.9887779859044183
22470,attack,attack,0.032328556565714525
22471,attack,attack,2.5761966108773084e-07
22472,normal,normal,0.9863107465200803
22473,attack,attack,0.0018123887558849478
22474,attack,attack,0.028769917406096863
22475,normal,normal,0.9930759536747176
22476,normal,normal,0.9991078262673665
22477,normal,normal,0.9975870113442638
22478,attack,attack,4.282540750229323e-07
22479,normal,normal,0.9869469856435363
22480,normal,normal,0.9908869078222005
22481,normal,normal,0.9969479595652195
22482,normal,normal,0.996694267506251
22483,attack,attack,0.003109636603644482
22484,attack,attack,1.1531394042054092e-07
22485,normal,normal,0.9868180060949026
22486,attack,attack,0.024814012493460564
22487,attack,normal,0.999994417253336
22488,attack,normal,0.9950452738068143
22489,attack,normal,0.9955060160050221
22490,normal,normal,0.9976820068790856
22491,attack,normal,0.9908685116770612
22492,normal,normal,0.9390266839482893
22493,normal,normal,0.9916169309510409
22494,attack,normal,0.7478191804023049
22495,attack,normal,0.9863559138456188
22496,normal,normal,0.9977078605978797
22497,attack,attack,1.6258283111708909e-06
22498,attack,attack,0.00021723546193963523
22499,attack,attack,0.001352410617693425
22500,normal,normal,0.9874606460147693
22501,attack,attack,0.00030185508477606205
22502,attack,normal,0.9974708262947988
22503,attack,attack,0.06602637212638214
22504,attack,attack,0.0031068849496928104
22505,attack,attack,7.005821679701035e-06
22506,attack,attack,0.001914494077145524
22507,normal,normal,0.9892390699604798
22508,normal,normal,0.9997083361889366
22509,normal,normal,0.9713953725413436
22510,attack,normal,0.9761075302456935
22511,attack,attack,0.061910564001102356
22512,normal,normal,0.9856806186884882
22513,attack,attack,7.36627474829315e-05
22514,attack,normal,0.9914589672711372
22515,normal,normal,0.9967253502937737
22516,attack,attack,0.017938233407867318
22517,normal,normal,0.9958535455281529
22518,attack,normal,0.9992803151013435
22519,normal,normal,0.9808781550508282
22520,attack,normal,0.9666633705582104
22521,attack,attack,0.007478845926852947
22522,attack,attack,0.011351244159440124
22523,attack,normal,0.9386840591703308
22524,normal,normal,0.9963403907784038
22525,attack,normal,0.8871334726050888
22526,attack,attack,0.021051114829183055
22527,normal,normal,0.9972874452974896
22528,normal,normal,0.9966872296729908
22529,attack,attack,0.3304544390968162
22530,normal,normal,0.9897991688371262
22531,attack,attack,4.404203051725563e-07
22532,attack,attack,2.873029174552519e-08
22533,normal,normal,0.990848320126817
22534,normal,normal,0.9970586338229779
22535,attack,attack,0.00018706315977558947
22536,normal,normal,0.9973304173345299
22537,attack,attack,0.011332527040179249
22538,attack,normal,0.9953679439771769
22539,attack,attack,0.2383978453120653
22540,normal,normal,0.9986617946665214
22541,normal,normal,0.9922913168184196
22542,attack,normal,0.9345737468695895
22543,normal,normal,0.9998392889114824
22544,attack,attack,0.41204519571770337
